repo,metric,date,value,source
https://github.com/kdeldycke/awesome-billing,commit,2026-08-20,2026-08-14,sample
https://github.com/kdeldycke/awesome-billing,stars,2019-06-12,0,created
https://github.com/kdeldycke/awesome-billing,stars,2019-11-14,1,github
https://github.com/kdeldycke/awesome-billing,stars,2019-11-24,2,github
https://github.com/kdeldycke/awesome-billing,stars,2019-11-25,3,github
https://github.com/kdeldycke/awesome-billing,stars,2019-11-26,4,github
https://github.com/kdeldycke/awesome-billing,stars,2019-11-27,5,github
https://github.com/kdeldycke/awesome-billing,stars,2019-12-06,6,github
https://github.com/kdeldycke/awesome-billing,stars,2019-12-16,7,github
https://github.com/kdeldycke/awesome-billing,stars,2019-12-20,8,github
https://github.com/kdeldycke/awesome-billing,stars,2019-12-21,9,github
https://github.com/kdeldycke/awesome-billing,stars,2020-01-06,10,github
https://github.com/kdeldycke/awesome-billing,stars,2020-01-08,11,github
https://github.com/kdeldycke/awesome-billing,stars,2020-01-10,12,github
https://github.com/kdeldycke/awesome-billing,stars,2020-01-20,13,github
https://github.com/kdeldycke/awesome-billing,stars,2020-01-23,14,github
https://github.com/kdeldycke/awesome-billing,stars,2020-01-25,15,github
https://github.com/kdeldycke/awesome-billing,stars,2020-02-08,16,github
https://github.com/kdeldycke/awesome-billing,stars,2020-02-09,17,github
https://github.com/kdeldycke/awesome-billing,stars,2020-02-10,20,github
https://github.com/kdeldycke/awesome-billing,stars,2020-02-11,22,github
https://github.com/kdeldycke/awesome-billing,stars,2020-02-14,23,github
https://github.com/kdeldycke/awesome-billing,stars,2020-02-17,24,github
https://github.com/kdeldycke/awesome-billing,stars,2020-02-18,26,github
https://github.com/kdeldycke/awesome-billing,stars,2020-02-21,27,github
https://github.com/kdeldycke/awesome-billing,stars,2020-02-24,28,github
https://github.com/kdeldycke/awesome-billing,stars,2020-03-04,29,github
https://github.com/kdeldycke/awesome-billing,stars,2020-04-07,30,github
https://github.com/kdeldycke/awesome-billing,stars,2020-04-08,31,github
https://github.com/kdeldycke/awesome-billing,stars,2020-04-21,32,github
https://github.com/kdeldycke/awesome-billing,stars,2020-04-28,33,github
https://github.com/kdeldycke/awesome-billing,stars,2020-05-15,34,github
https://github.com/kdeldycke/awesome-billing,stars,2020-05-22,36,github
https://github.com/kdeldycke/awesome-billing,stars,2020-05-28,37,github
https://github.com/kdeldycke/awesome-billing,stars,2020-06-11,38,github
https://github.com/kdeldycke/awesome-billing,stars,2020-06-12,39,github
https://github.com/kdeldycke/awesome-billing,stars,2020-06-13,40,github
https://github.com/kdeldycke/awesome-billing,stars,2020-06-19,41,github
https://github.com/kdeldycke/awesome-billing,stars,2020-06-22,42,github
https://github.com/kdeldycke/awesome-billing,stars,2020-06-27,43,github
https://github.com/kdeldycke/awesome-billing,stars,2020-07-01,44,github
https://github.com/kdeldycke/awesome-billing,stars,2020-07-06,45,github
https://github.com/kdeldycke/awesome-billing,stars,2020-07-28,46,github
https://github.com/kdeldycke/awesome-billing,stars,2020-07-29,48,github
https://github.com/kdeldycke/awesome-billing,stars,2020-07-30,49,github
https://github.com/kdeldycke/awesome-billing,stars,2020-07-31,51,github
https://github.com/kdeldycke/awesome-billing,stars,2020-08-03,52,github
https://github.com/kdeldycke/awesome-billing,stars,2020-08-04,54,github
https://github.com/kdeldycke/awesome-billing,stars,2020-08-06,55,github
https://github.com/kdeldycke/awesome-billing,stars,2020-08-09,56,github
https://github.com/kdeldycke/awesome-billing,stars,2020-08-10,57,github
https://github.com/kdeldycke/awesome-billing,stars,2020-08-13,58,github
https://github.com/kdeldycke/awesome-billing,stars,2020-08-14,59,github
https://github.com/kdeldycke/awesome-billing,stars,2020-08-25,60,github
https://github.com/kdeldycke/awesome-billing,stars,2020-09-07,61,github
https://github.com/kdeldycke/awesome-billing,stars,2020-09-27,62,github
https://github.com/kdeldycke/awesome-billing,stars,2020-10-03,63,github
https://github.com/kdeldycke/awesome-billing,stars,2020-10-06,64,github
https://github.com/kdeldycke/awesome-billing,stars,2020-10-08,65,github
https://github.com/kdeldycke/awesome-billing,stars,2020-10-20,66,github
https://github.com/kdeldycke/awesome-billing,stars,2020-10-24,67,github
https://github.com/kdeldycke/awesome-billing,stars,2020-10-31,69,github
https://github.com/kdeldycke/awesome-billing,stars,2020-11-06,71,github
https://github.com/kdeldycke/awesome-billing,stars,2020-11-07,72,github
https://github.com/kdeldycke/awesome-billing,stars,2020-11-13,73,github
https://github.com/kdeldycke/awesome-billing,stars,2020-11-24,74,github
https://github.com/kdeldycke/awesome-billing,stars,2020-11-27,75,github
https://github.com/kdeldycke/awesome-billing,stars,2020-11-29,76,github
https://github.com/kdeldycke/awesome-billing,stars,2020-12-02,77,github
https://github.com/kdeldycke/awesome-billing,stars,2020-12-03,78,github
https://github.com/kdeldycke/awesome-billing,stars,2020-12-07,79,github
https://github.com/kdeldycke/awesome-billing,stars,2020-12-09,80,github
https://github.com/kdeldycke/awesome-billing,stars,2020-12-10,81,github
https://github.com/kdeldycke/awesome-billing,stars,2020-12-21,83,github
https://github.com/kdeldycke/awesome-billing,stars,2020-12-25,84,github
https://github.com/kdeldycke/awesome-billing,stars,2020-12-26,85,github
https://github.com/kdeldycke/awesome-billing,stars,2020-12-29,92,github
https://github.com/kdeldycke/awesome-billing,stars,2020-12-31,93,github
https://github.com/kdeldycke/awesome-billing,stars,2021-01-03,94,github
https://github.com/kdeldycke/awesome-billing,stars,2021-01-08,95,github
https://github.com/kdeldycke/awesome-billing,stars,2021-01-11,96,github
https://github.com/kdeldycke/awesome-billing,stars,2021-01-16,97,github
https://github.com/kdeldycke/awesome-billing,stars,2021-01-18,99,github
https://github.com/kdeldycke/awesome-billing,stars,2021-01-20,100,github
https://github.com/kdeldycke/awesome-billing,stars,2021-02-01,101,github
https://github.com/kdeldycke/awesome-billing,stars,2021-02-09,102,github
https://github.com/kdeldycke/awesome-billing,stars,2021-02-11,103,github
https://github.com/kdeldycke/awesome-billing,stars,2021-02-12,104,github
https://github.com/kdeldycke/awesome-billing,stars,2021-02-19,105,github
https://github.com/kdeldycke/awesome-billing,stars,2021-02-20,106,github
https://github.com/kdeldycke/awesome-billing,stars,2021-02-21,107,github
https://github.com/kdeldycke/awesome-billing,stars,2021-02-23,108,github
https://github.com/kdeldycke/awesome-billing,stars,2021-02-24,109,github
https://github.com/kdeldycke/awesome-billing,stars,2021-02-26,110,github
https://github.com/kdeldycke/awesome-billing,stars,2021-02-28,111,github
https://github.com/kdeldycke/awesome-billing,stars,2021-03-01,112,github
https://github.com/kdeldycke/awesome-billing,stars,2021-03-06,113,github
https://github.com/kdeldycke/awesome-billing,stars,2021-03-08,114,github
https://github.com/kdeldycke/awesome-billing,stars,2021-03-14,117,github
https://github.com/kdeldycke/awesome-billing,stars,2021-03-19,118,github
https://github.com/kdeldycke/awesome-billing,stars,2021-03-20,119,github
https://github.com/kdeldycke/awesome-billing,stars,2021-03-21,120,github
https://github.com/kdeldycke/awesome-billing,stars,2021-03-26,121,github
https://github.com/kdeldycke/awesome-billing,stars,2021-04-02,122,github
https://github.com/kdeldycke/awesome-billing,stars,2021-04-06,123,github
https://github.com/kdeldycke/awesome-billing,stars,2021-04-07,125,github
https://github.com/kdeldycke/awesome-billing,stars,2021-04-08,126,github
https://github.com/kdeldycke/awesome-billing,stars,2021-04-10,127,github
https://github.com/kdeldycke/awesome-billing,stars,2021-04-13,128,github
https://github.com/kdeldycke/awesome-billing,stars,2021-04-16,129,github
https://github.com/kdeldycke/awesome-billing,stars,2021-04-17,130,github
https://github.com/kdeldycke/awesome-billing,stars,2021-04-19,131,github
https://github.com/kdeldycke/awesome-billing,stars,2021-04-20,132,github
https://github.com/kdeldycke/awesome-billing,stars,2021-04-21,133,github
https://github.com/kdeldycke/awesome-billing,stars,2021-04-25,134,github
https://github.com/kdeldycke/awesome-billing,stars,2021-04-27,135,github
https://github.com/kdeldycke/awesome-billing,stars,2021-05-02,136,github
https://github.com/kdeldycke/awesome-billing,stars,2021-05-08,137,github
https://github.com/kdeldycke/awesome-billing,stars,2021-05-10,139,github
https://github.com/kdeldycke/awesome-billing,stars,2021-05-12,140,github
https://github.com/kdeldycke/awesome-billing,stars,2021-05-15,141,github
https://github.com/kdeldycke/awesome-billing,stars,2021-05-20,142,github
https://github.com/kdeldycke/awesome-billing,stars,2021-05-23,143,github
https://github.com/kdeldycke/awesome-billing,stars,2021-05-24,146,github
https://github.com/kdeldycke/awesome-billing,stars,2021-05-28,147,github
https://github.com/kdeldycke/awesome-billing,stars,2021-06-03,148,github
https://github.com/kdeldycke/awesome-billing,stars,2021-06-06,149,github
https://github.com/kdeldycke/awesome-billing,stars,2021-06-09,151,github
https://github.com/kdeldycke/awesome-billing,stars,2021-06-24,153,github
https://github.com/kdeldycke/awesome-billing,stars,2021-07-03,154,github
https://github.com/kdeldycke/awesome-billing,stars,2021-07-04,155,github
https://github.com/kdeldycke/awesome-billing,stars,2021-07-05,156,github
https://github.com/kdeldycke/awesome-billing,stars,2021-07-08,158,github
https://github.com/kdeldycke/awesome-billing,stars,2021-07-10,159,github
https://github.com/kdeldycke/awesome-billing,stars,2021-07-13,161,github
https://github.com/kdeldycke/awesome-billing,stars,2021-07-20,162,github
https://github.com/kdeldycke/awesome-billing,stars,2021-07-27,165,github
https://github.com/kdeldycke/awesome-billing,stars,2021-07-28,167,github
https://github.com/kdeldycke/awesome-billing,stars,2021-07-29,168,github
https://github.com/kdeldycke/awesome-billing,stars,2021-08-02,169,github
https://github.com/kdeldycke/awesome-billing,stars,2021-08-06,170,github
https://github.com/kdeldycke/awesome-billing,stars,2021-08-10,172,github
https://github.com/kdeldycke/awesome-billing,stars,2021-08-12,173,github
https://github.com/kdeldycke/awesome-billing,stars,2021-08-14,174,github
https://github.com/kdeldycke/awesome-billing,stars,2021-08-15,175,github
https://github.com/kdeldycke/awesome-billing,stars,2021-08-28,176,github
https://github.com/kdeldycke/awesome-billing,stars,2021-08-29,177,github
https://github.com/kdeldycke/awesome-billing,stars,2021-08-31,179,github
https://github.com/kdeldycke/awesome-billing,stars,2021-09-01,181,github
https://github.com/kdeldycke/awesome-billing,stars,2021-09-02,182,github
https://github.com/kdeldycke/awesome-billing,stars,2021-09-09,185,github
https://github.com/kdeldycke/awesome-billing,stars,2021-09-15,186,github
https://github.com/kdeldycke/awesome-billing,stars,2021-09-16,187,github
https://github.com/kdeldycke/awesome-billing,stars,2021-09-17,189,github
https://github.com/kdeldycke/awesome-billing,stars,2021-09-18,190,github
https://github.com/kdeldycke/awesome-billing,stars,2021-09-20,191,github
https://github.com/kdeldycke/awesome-billing,stars,2021-09-22,192,github
https://github.com/kdeldycke/awesome-billing,stars,2021-09-24,194,github
https://github.com/kdeldycke/awesome-billing,stars,2021-09-25,195,github
https://github.com/kdeldycke/awesome-billing,stars,2021-09-26,196,github
https://github.com/kdeldycke/awesome-billing,stars,2021-09-28,198,github
https://github.com/kdeldycke/awesome-billing,stars,2021-09-30,199,github
https://github.com/kdeldycke/awesome-billing,stars,2021-10-03,201,github
https://github.com/kdeldycke/awesome-billing,stars,2021-10-06,202,github
https://github.com/kdeldycke/awesome-billing,stars,2021-10-09,204,github
https://github.com/kdeldycke/awesome-billing,stars,2021-10-10,205,github
https://github.com/kdeldycke/awesome-billing,stars,2021-10-12,206,github
https://github.com/kdeldycke/awesome-billing,stars,2021-10-18,207,github
https://github.com/kdeldycke/awesome-billing,stars,2021-10-20,208,github
https://github.com/kdeldycke/awesome-billing,stars,2021-10-21,209,github
https://github.com/kdeldycke/awesome-billing,stars,2021-10-24,210,github
https://github.com/kdeldycke/awesome-billing,stars,2021-10-28,211,github
https://github.com/kdeldycke/awesome-billing,stars,2021-10-30,212,github
https://github.com/kdeldycke/awesome-billing,stars,2021-11-10,213,github
https://github.com/kdeldycke/awesome-billing,stars,2021-11-13,214,github
https://github.com/kdeldycke/awesome-billing,stars,2021-11-15,215,github
https://github.com/kdeldycke/awesome-billing,stars,2021-11-16,216,github
https://github.com/kdeldycke/awesome-billing,stars,2021-11-20,217,github
https://github.com/kdeldycke/awesome-billing,stars,2021-11-21,218,github
https://github.com/kdeldycke/awesome-billing,stars,2021-11-23,220,github
https://github.com/kdeldycke/awesome-billing,stars,2021-11-27,221,github
https://github.com/kdeldycke/awesome-billing,stars,2021-11-29,222,github
https://github.com/kdeldycke/awesome-billing,stars,2021-12-01,223,github
https://github.com/kdeldycke/awesome-billing,stars,2021-12-02,224,github
https://github.com/kdeldycke/awesome-billing,stars,2021-12-05,225,github
https://github.com/kdeldycke/awesome-billing,stars,2021-12-11,227,github
https://github.com/kdeldycke/awesome-billing,stars,2021-12-13,228,github
https://github.com/kdeldycke/awesome-billing,stars,2021-12-20,229,github
https://github.com/kdeldycke/awesome-billing,stars,2021-12-22,230,github
https://github.com/kdeldycke/awesome-billing,stars,2021-12-27,231,github
https://github.com/kdeldycke/awesome-billing,stars,2021-12-28,232,github
https://github.com/kdeldycke/awesome-billing,stars,2021-12-31,233,github
https://github.com/kdeldycke/awesome-billing,stars,2022-01-03,235,github
https://github.com/kdeldycke/awesome-billing,stars,2022-01-04,236,github
https://github.com/kdeldycke/awesome-billing,stars,2022-01-07,237,github
https://github.com/kdeldycke/awesome-billing,stars,2022-01-08,238,github
https://github.com/kdeldycke/awesome-billing,stars,2022-01-12,240,github
https://github.com/kdeldycke/awesome-billing,stars,2022-01-16,241,github
https://github.com/kdeldycke/awesome-billing,stars,2022-01-17,242,github
https://github.com/kdeldycke/awesome-billing,stars,2022-01-18,244,github
https://github.com/kdeldycke/awesome-billing,stars,2022-01-19,246,github
https://github.com/kdeldycke/awesome-billing,stars,2022-01-23,247,github
https://github.com/kdeldycke/awesome-billing,stars,2022-01-24,248,github
https://github.com/kdeldycke/awesome-billing,stars,2022-01-27,249,github
https://github.com/kdeldycke/awesome-billing,stars,2022-01-28,250,github
https://github.com/kdeldycke/awesome-billing,stars,2022-01-30,251,github
https://github.com/kdeldycke/awesome-billing,stars,2022-02-03,252,github
https://github.com/kdeldycke/awesome-billing,stars,2022-02-04,254,github
https://github.com/kdeldycke/awesome-billing,stars,2022-02-07,255,github
https://github.com/kdeldycke/awesome-billing,stars,2022-02-14,257,github
https://github.com/kdeldycke/awesome-billing,stars,2022-02-15,259,github
https://github.com/kdeldycke/awesome-billing,stars,2022-02-17,260,github
https://github.com/kdeldycke/awesome-billing,stars,2022-02-18,262,github
https://github.com/kdeldycke/awesome-billing,stars,2022-02-25,263,github
https://github.com/kdeldycke/awesome-billing,stars,2022-02-28,266,github
https://github.com/kdeldycke/awesome-billing,stars,2022-03-02,267,github
https://github.com/kdeldycke/awesome-billing,stars,2022-03-04,269,github
https://github.com/kdeldycke/awesome-billing,stars,2022-03-05,270,github
https://github.com/kdeldycke/awesome-billing,stars,2022-03-07,271,github
https://github.com/kdeldycke/awesome-billing,stars,2022-03-08,272,github
https://github.com/kdeldycke/awesome-billing,stars,2022-03-09,273,github
https://github.com/kdeldycke/awesome-billing,stars,2022-03-11,274,github
https://github.com/kdeldycke/awesome-billing,stars,2022-03-13,275,github
https://github.com/kdeldycke/awesome-billing,stars,2022-03-17,276,github
https://github.com/kdeldycke/awesome-billing,stars,2022-03-23,277,github
https://github.com/kdeldycke/awesome-billing,stars,2022-03-25,278,github
https://github.com/kdeldycke/awesome-billing,stars,2022-03-27,280,github
https://github.com/kdeldycke/awesome-billing,stars,2022-03-31,281,github
https://github.com/kdeldycke/awesome-billing,stars,2022-04-02,282,github
https://github.com/kdeldycke/awesome-billing,stars,2022-04-03,283,github
https://github.com/kdeldycke/awesome-billing,stars,2022-04-06,284,github
https://github.com/kdeldycke/awesome-billing,stars,2022-04-07,286,github
https://github.com/kdeldycke/awesome-billing,stars,2022-04-08,287,github
https://github.com/kdeldycke/awesome-billing,stars,2022-04-09,288,github
https://github.com/kdeldycke/awesome-billing,stars,2022-04-10,291,github
https://github.com/kdeldycke/awesome-billing,stars,2022-04-12,292,github
https://github.com/kdeldycke/awesome-billing,stars,2022-04-14,294,github
https://github.com/kdeldycke/awesome-billing,stars,2022-04-17,295,github
https://github.com/kdeldycke/awesome-billing,stars,2022-04-25,296,github
https://github.com/kdeldycke/awesome-billing,stars,2022-04-26,297,github
https://github.com/kdeldycke/awesome-billing,stars,2022-04-27,298,github
https://github.com/kdeldycke/awesome-billing,stars,2022-04-29,302,github
https://github.com/kdeldycke/awesome-billing,stars,2022-05-05,303,github
https://github.com/kdeldycke/awesome-billing,stars,2022-05-09,304,github
https://github.com/kdeldycke/awesome-billing,stars,2022-05-10,306,github
https://github.com/kdeldycke/awesome-billing,stars,2022-05-11,308,github
https://github.com/kdeldycke/awesome-billing,stars,2022-05-14,309,github
https://github.com/kdeldycke/awesome-billing,stars,2022-05-15,310,github
https://github.com/kdeldycke/awesome-billing,stars,2022-05-16,312,github
https://github.com/kdeldycke/awesome-billing,stars,2022-05-17,313,github
https://github.com/kdeldycke/awesome-billing,stars,2022-05-19,318,github
https://github.com/kdeldycke/awesome-billing,stars,2022-05-26,319,github
https://github.com/kdeldycke/awesome-billing,stars,2022-05-28,320,github
https://github.com/kdeldycke/awesome-billing,stars,2022-05-30,322,github
https://github.com/kdeldycke/awesome-billing,stars,2022-05-31,323,github
https://github.com/kdeldycke/awesome-billing,stars,2022-06-02,326,github
https://github.com/kdeldycke/awesome-billing,stars,2022-06-05,327,github
https://github.com/kdeldycke/awesome-billing,stars,2022-06-06,329,github
https://github.com/kdeldycke/awesome-billing,stars,2022-06-10,330,github
https://github.com/kdeldycke/awesome-billing,stars,2022-06-11,331,github
https://github.com/kdeldycke/awesome-billing,stars,2022-06-13,332,github
https://github.com/kdeldycke/awesome-billing,stars,2022-06-20,333,github
https://github.com/kdeldycke/awesome-billing,stars,2022-06-23,334,github
https://github.com/kdeldycke/awesome-billing,stars,2022-06-28,336,github
https://github.com/kdeldycke/awesome-billing,stars,2022-07-01,339,github
https://github.com/kdeldycke/awesome-billing,stars,2022-07-08,340,github
https://github.com/kdeldycke/awesome-billing,stars,2022-07-09,342,github
https://github.com/kdeldycke/awesome-billing,stars,2022-07-10,343,github
https://github.com/kdeldycke/awesome-billing,stars,2022-07-11,344,github
https://github.com/kdeldycke/awesome-billing,stars,2022-07-12,345,github
https://github.com/kdeldycke/awesome-billing,stars,2022-07-13,346,github
https://github.com/kdeldycke/awesome-billing,stars,2022-07-15,347,github
https://github.com/kdeldycke/awesome-billing,stars,2022-07-22,348,github
https://github.com/kdeldycke/awesome-billing,stars,2022-07-29,349,github
https://github.com/kdeldycke/awesome-billing,stars,2022-08-03,350,github
https://github.com/kdeldycke/awesome-billing,stars,2022-08-04,351,github
https://github.com/kdeldycke/awesome-billing,stars,2022-08-05,352,github
https://github.com/kdeldycke/awesome-billing,stars,2022-08-07,354,github
https://github.com/kdeldycke/awesome-billing,stars,2022-08-11,356,github
https://github.com/kdeldycke/awesome-billing,stars,2022-08-12,358,github
https://github.com/kdeldycke/awesome-billing,stars,2022-08-13,359,github
https://github.com/kdeldycke/awesome-billing,stars,2022-08-14,360,github
https://github.com/kdeldycke/awesome-billing,stars,2022-08-17,362,github
https://github.com/kdeldycke/awesome-billing,stars,2022-08-21,364,github
https://github.com/kdeldycke/awesome-billing,stars,2022-08-24,365,github
https://github.com/kdeldycke/awesome-billing,stars,2022-08-26,366,github
https://github.com/kdeldycke/awesome-billing,stars,2022-08-30,367,github
https://github.com/kdeldycke/awesome-billing,stars,2022-09-05,368,github
https://github.com/kdeldycke/awesome-billing,stars,2022-09-07,369,github
https://github.com/kdeldycke/awesome-billing,stars,2022-09-13,371,github
https://github.com/kdeldycke/awesome-billing,stars,2022-09-22,372,github
https://github.com/kdeldycke/awesome-billing,stars,2022-09-25,373,github
https://github.com/kdeldycke/awesome-billing,stars,2022-09-28,374,github
https://github.com/kdeldycke/awesome-billing,stars,2022-09-29,377,github
https://github.com/kdeldycke/awesome-billing,stars,2022-10-02,379,github
https://github.com/kdeldycke/awesome-billing,stars,2022-10-03,380,github
https://github.com/kdeldycke/awesome-billing,stars,2022-10-04,381,github
https://github.com/kdeldycke/awesome-billing,stars,2022-10-06,382,github
https://github.com/kdeldycke/awesome-billing,stars,2022-10-07,383,github
https://github.com/kdeldycke/awesome-billing,stars,2022-10-08,384,github
https://github.com/kdeldycke/awesome-billing,stars,2022-10-12,385,github
https://github.com/kdeldycke/awesome-billing,stars,2022-10-13,386,github
https://github.com/kdeldycke/awesome-billing,stars,2022-10-15,387,github
https://github.com/kdeldycke/awesome-billing,stars,2022-10-24,388,github
https://github.com/kdeldycke/awesome-billing,stars,2022-10-25,389,github
https://github.com/kdeldycke/awesome-billing,stars,2022-10-28,390,github
https://github.com/kdeldycke/awesome-billing,stars,2022-10-30,392,github
https://github.com/kdeldycke/awesome-billing,stars,2022-10-31,393,github
https://github.com/kdeldycke/awesome-billing,stars,2022-11-05,394,github
https://github.com/kdeldycke/awesome-billing,stars,2022-11-08,395,github
https://github.com/kdeldycke/awesome-billing,stars,2022-11-13,396,github
https://github.com/kdeldycke/awesome-billing,stars,2022-11-17,398,github
https://github.com/kdeldycke/awesome-billing,stars,2022-11-19,399,github
https://github.com/kdeldycke/awesome-billing,stars,2022-11-20,401,github
https://github.com/kdeldycke/awesome-billing,stars,2022-11-21,402,github
https://github.com/kdeldycke/awesome-billing,stars,2022-11-22,405,github
https://github.com/kdeldycke/awesome-billing,stars,2022-11-23,406,github
https://github.com/kdeldycke/awesome-billing,stars,2022-11-29,407,github
https://github.com/kdeldycke/awesome-billing,stars,2022-12-03,408,github
https://github.com/kdeldycke/awesome-billing,stars,2022-12-04,409,github
https://github.com/kdeldycke/awesome-billing,stars,2022-12-07,410,github
https://github.com/kdeldycke/awesome-billing,stars,2022-12-13,411,github
https://github.com/kdeldycke/awesome-billing,stars,2022-12-14,412,github
https://github.com/kdeldycke/awesome-billing,stars,2022-12-15,413,github
https://github.com/kdeldycke/awesome-billing,stars,2022-12-18,415,github
https://github.com/kdeldycke/awesome-billing,stars,2022-12-19,416,github
https://github.com/kdeldycke/awesome-billing,stars,2022-12-20,419,github
https://github.com/kdeldycke/awesome-billing,stars,2022-12-22,420,github
https://github.com/kdeldycke/awesome-billing,stars,2022-12-23,421,github
https://github.com/kdeldycke/awesome-billing,stars,2022-12-24,422,github
https://github.com/kdeldycke/awesome-billing,stars,2022-12-26,423,github
https://github.com/kdeldycke/awesome-billing,stars,2022-12-27,424,github
https://github.com/kdeldycke/awesome-billing,stars,2022-12-29,425,github
https://github.com/kdeldycke/awesome-billing,stars,2022-12-30,427,github
https://github.com/kdeldycke/awesome-billing,stars,2023-01-03,428,github
https://github.com/kdeldycke/awesome-billing,stars,2023-01-04,429,github
https://github.com/kdeldycke/awesome-billing,stars,2023-01-06,430,github
https://github.com/kdeldycke/awesome-billing,stars,2023-01-07,431,github
https://github.com/kdeldycke/awesome-billing,stars,2023-01-08,434,github
https://github.com/kdeldycke/awesome-billing,stars,2023-01-09,435,github
https://github.com/kdeldycke/awesome-billing,stars,2023-01-10,436,github
https://github.com/kdeldycke/awesome-billing,stars,2023-01-14,438,github
https://github.com/kdeldycke/awesome-billing,stars,2023-01-16,439,github
https://github.com/kdeldycke/awesome-billing,stars,2023-01-17,440,github
https://github.com/kdeldycke/awesome-billing,stars,2023-01-18,441,github
https://github.com/kdeldycke/awesome-billing,stars,2023-01-19,443,github
https://github.com/kdeldycke/awesome-billing,stars,2023-01-22,444,github
https://github.com/kdeldycke/awesome-billing,stars,2023-01-24,445,github
https://github.com/kdeldycke/awesome-billing,stars,2023-01-28,446,github
https://github.com/kdeldycke/awesome-billing,stars,2023-02-01,448,github
https://github.com/kdeldycke/awesome-billing,stars,2023-02-04,450,github
https://github.com/kdeldycke/awesome-billing,stars,2023-02-05,451,github
https://github.com/kdeldycke/awesome-billing,stars,2023-02-06,452,github
https://github.com/kdeldycke/awesome-billing,stars,2023-02-07,453,github
https://github.com/kdeldycke/awesome-billing,stars,2023-02-09,457,github
https://github.com/kdeldycke/awesome-billing,stars,2023-02-10,460,github
https://github.com/kdeldycke/awesome-billing,stars,2023-02-12,462,github
https://github.com/kdeldycke/awesome-billing,stars,2023-02-15,464,github
https://github.com/kdeldycke/awesome-billing,stars,2023-02-16,465,github
https://github.com/kdeldycke/awesome-billing,stars,2023-02-19,466,github
https://github.com/kdeldycke/awesome-billing,stars,2023-02-20,467,github
https://github.com/kdeldycke/awesome-billing,stars,2023-02-22,468,github
https://github.com/kdeldycke/awesome-billing,stars,2023-02-25,469,github
https://github.com/kdeldycke/awesome-billing,stars,2023-02-26,471,github
https://github.com/kdeldycke/awesome-billing,stars,2023-02-28,472,github
https://github.com/kdeldycke/awesome-billing,stars,2023-03-01,474,github
https://github.com/kdeldycke/awesome-billing,stars,2023-03-02,475,github
https://github.com/kdeldycke/awesome-billing,stars,2023-03-03,478,github
https://github.com/kdeldycke/awesome-billing,stars,2023-03-04,479,github
https://github.com/kdeldycke/awesome-billing,stars,2023-03-07,480,github
https://github.com/kdeldycke/awesome-billing,stars,2023-03-08,481,github
https://github.com/kdeldycke/awesome-billing,stars,2023-03-09,482,github
https://github.com/kdeldycke/awesome-billing,stars,2023-03-10,484,github
https://github.com/kdeldycke/awesome-billing,stars,2023-03-11,486,github
https://github.com/kdeldycke/awesome-billing,stars,2023-03-12,487,github
https://github.com/kdeldycke/awesome-billing,stars,2023-03-13,489,github
https://github.com/kdeldycke/awesome-billing,stars,2023-03-16,490,github
https://github.com/kdeldycke/awesome-billing,stars,2023-03-18,491,github
https://github.com/kdeldycke/awesome-billing,stars,2023-03-23,492,github
https://github.com/kdeldycke/awesome-billing,stars,2023-03-26,493,github
https://github.com/kdeldycke/awesome-billing,stars,2023-03-28,494,github
https://github.com/kdeldycke/awesome-billing,stars,2023-03-29,513,github
https://github.com/kdeldycke/awesome-billing,stars,2023-03-30,515,github
https://github.com/kdeldycke/awesome-billing,stars,2023-03-31,517,github
https://github.com/kdeldycke/awesome-billing,stars,2023-04-01,519,github
https://github.com/kdeldycke/awesome-billing,stars,2023-04-02,521,github
https://github.com/kdeldycke/awesome-billing,stars,2023-04-03,522,github
https://github.com/kdeldycke/awesome-billing,stars,2023-04-06,523,github
https://github.com/kdeldycke/awesome-billing,stars,2023-04-08,524,github
https://github.com/kdeldycke/awesome-billing,stars,2023-04-09,531,github
https://github.com/kdeldycke/awesome-billing,stars,2023-04-10,540,github
https://github.com/kdeldycke/awesome-billing,stars,2023-04-11,541,github
https://github.com/kdeldycke/awesome-billing,stars,2023-04-12,542,github
https://github.com/kdeldycke/awesome-billing,stars,2023-04-13,544,github
https://github.com/kdeldycke/awesome-billing,stars,2023-04-14,545,github
https://github.com/kdeldycke/awesome-billing,stars,2023-04-16,546,github
https://github.com/kdeldycke/awesome-billing,stars,2023-04-17,547,github
https://github.com/kdeldycke/awesome-billing,stars,2023-04-22,548,github
https://github.com/kdeldycke/awesome-billing,stars,2023-04-25,549,github
https://github.com/kdeldycke/awesome-billing,stars,2023-04-28,551,github
https://github.com/kdeldycke/awesome-billing,stars,2023-04-30,552,github
https://github.com/kdeldycke/awesome-billing,stars,2023-05-02,553,github
https://github.com/kdeldycke/awesome-billing,stars,2023-05-03,554,github
https://github.com/kdeldycke/awesome-billing,stars,2023-05-05,555,github
https://github.com/kdeldycke/awesome-billing,stars,2023-05-07,556,github
https://github.com/kdeldycke/awesome-billing,stars,2023-05-09,558,github
https://github.com/kdeldycke/awesome-billing,stars,2023-05-18,560,github
https://github.com/kdeldycke/awesome-billing,stars,2023-05-21,561,github
https://github.com/kdeldycke/awesome-billing,stars,2023-05-22,562,github
https://github.com/kdeldycke/awesome-billing,stars,2023-05-25,563,github
https://github.com/kdeldycke/awesome-billing,stars,2023-05-27,564,github
https://github.com/kdeldycke/awesome-billing,stars,2023-05-30,565,github
https://github.com/kdeldycke/awesome-billing,stars,2023-06-02,567,github
https://github.com/kdeldycke/awesome-billing,stars,2023-06-04,568,github
https://github.com/kdeldycke/awesome-billing,stars,2023-06-05,569,github
https://github.com/kdeldycke/awesome-billing,stars,2023-06-08,570,github
https://github.com/kdeldycke/awesome-billing,stars,2023-06-09,571,github
https://github.com/kdeldycke/awesome-billing,stars,2023-06-12,573,github
https://github.com/kdeldycke/awesome-billing,stars,2023-06-13,577,github
https://github.com/kdeldycke/awesome-billing,stars,2023-06-14,580,github
https://github.com/kdeldycke/awesome-billing,stars,2023-06-16,581,github
https://github.com/kdeldycke/awesome-billing,stars,2023-06-19,583,github
https://github.com/kdeldycke/awesome-billing,stars,2023-06-20,584,github
https://github.com/kdeldycke/awesome-billing,stars,2023-06-25,586,github
https://github.com/kdeldycke/awesome-billing,stars,2023-06-27,587,github
https://github.com/kdeldycke/awesome-billing,stars,2023-06-29,588,github
https://github.com/kdeldycke/awesome-billing,stars,2023-06-30,589,github
https://github.com/kdeldycke/awesome-billing,stars,2023-07-02,590,github
https://github.com/kdeldycke/awesome-billing,stars,2023-07-03,591,github
https://github.com/kdeldycke/awesome-billing,stars,2023-07-05,593,github
https://github.com/kdeldycke/awesome-billing,stars,2023-07-06,594,github
https://github.com/kdeldycke/awesome-billing,stars,2023-07-08,595,github
https://github.com/kdeldycke/awesome-billing,stars,2023-07-09,596,github
https://github.com/kdeldycke/awesome-billing,stars,2023-07-11,597,github
https://github.com/kdeldycke/awesome-billing,stars,2023-07-14,598,github
https://github.com/kdeldycke/awesome-billing,stars,2023-07-18,599,github
https://github.com/kdeldycke/awesome-billing,stars,2023-07-20,601,github
https://github.com/kdeldycke/awesome-billing,stars,2023-07-23,602,github
https://github.com/kdeldycke/awesome-billing,stars,2023-07-24,604,github
https://github.com/kdeldycke/awesome-billing,stars,2023-08-07,605,github
https://github.com/kdeldycke/awesome-billing,stars,2023-08-08,607,github
https://github.com/kdeldycke/awesome-billing,stars,2023-08-15,608,github
https://github.com/kdeldycke/awesome-billing,stars,2023-08-16,609,github
https://github.com/kdeldycke/awesome-billing,stars,2023-08-17,610,github
https://github.com/kdeldycke/awesome-billing,stars,2023-08-18,611,github
https://github.com/kdeldycke/awesome-billing,stars,2023-08-21,612,github
https://github.com/kdeldycke/awesome-billing,stars,2023-08-22,613,github
https://github.com/kdeldycke/awesome-billing,stars,2023-08-24,614,github
https://github.com/kdeldycke/awesome-billing,stars,2023-08-27,615,github
https://github.com/kdeldycke/awesome-billing,stars,2023-08-29,617,github
https://github.com/kdeldycke/awesome-billing,stars,2023-09-01,618,github
https://github.com/kdeldycke/awesome-billing,stars,2023-09-02,619,github
https://github.com/kdeldycke/awesome-billing,stars,2023-09-03,620,github
https://github.com/kdeldycke/awesome-billing,stars,2023-09-13,621,github
https://github.com/kdeldycke/awesome-billing,stars,2023-09-14,623,github
https://github.com/kdeldycke/awesome-billing,stars,2023-09-15,625,github
https://github.com/kdeldycke/awesome-billing,stars,2023-09-16,627,github
https://github.com/kdeldycke/awesome-billing,stars,2023-09-17,628,github
https://github.com/kdeldycke/awesome-billing,stars,2023-09-20,629,github
https://github.com/kdeldycke/awesome-billing,stars,2023-09-21,630,github
https://github.com/kdeldycke/awesome-billing,stars,2023-09-24,631,github
https://github.com/kdeldycke/awesome-billing,stars,2023-09-30,632,github
https://github.com/kdeldycke/awesome-billing,stars,2023-10-03,633,github
https://github.com/kdeldycke/awesome-billing,stars,2023-10-04,634,github
https://github.com/kdeldycke/awesome-billing,stars,2023-10-08,635,github
https://github.com/kdeldycke/awesome-billing,stars,2023-10-09,636,github
https://github.com/kdeldycke/awesome-billing,stars,2023-10-10,637,github
https://github.com/kdeldycke/awesome-billing,stars,2023-10-13,639,github
https://github.com/kdeldycke/awesome-billing,stars,2023-10-15,640,github
https://github.com/kdeldycke/awesome-billing,stars,2023-10-17,641,github
https://github.com/kdeldycke/awesome-billing,stars,2023-10-18,642,github
https://github.com/kdeldycke/awesome-billing,stars,2023-10-20,643,github
https://github.com/kdeldycke/awesome-billing,stars,2023-10-22,645,github
https://github.com/kdeldycke/awesome-billing,stars,2023-10-23,646,github
https://github.com/kdeldycke/awesome-billing,stars,2023-10-25,647,github
https://github.com/kdeldycke/awesome-billing,stars,2023-10-27,649,github
https://github.com/kdeldycke/awesome-billing,stars,2023-10-31,650,github
https://github.com/kdeldycke/awesome-billing,stars,2023-11-03,651,github
https://github.com/kdeldycke/awesome-billing,stars,2023-11-05,652,github
https://github.com/kdeldycke/awesome-billing,stars,2023-11-09,653,github
https://github.com/kdeldycke/awesome-billing,stars,2023-11-10,655,github
https://github.com/kdeldycke/awesome-billing,stars,2023-11-17,657,github
https://github.com/kdeldycke/awesome-billing,stars,2023-11-18,658,github
https://github.com/kdeldycke/awesome-billing,stars,2023-11-19,659,github
https://github.com/kdeldycke/awesome-billing,stars,2023-11-22,660,github
https://github.com/kdeldycke/awesome-billing,stars,2023-11-23,663,github
https://github.com/kdeldycke/awesome-billing,stars,2023-11-24,664,github
https://github.com/kdeldycke/awesome-billing,stars,2023-11-27,665,github
https://github.com/kdeldycke/awesome-billing,stars,2023-11-28,667,github
https://github.com/kdeldycke/awesome-billing,stars,2023-12-01,668,github
https://github.com/kdeldycke/awesome-billing,stars,2023-12-02,669,github
https://github.com/kdeldycke/awesome-billing,stars,2023-12-04,670,github
https://github.com/kdeldycke/awesome-billing,stars,2023-12-06,671,github
https://github.com/kdeldycke/awesome-billing,stars,2023-12-10,673,github
https://github.com/kdeldycke/awesome-billing,stars,2023-12-11,674,github
https://github.com/kdeldycke/awesome-billing,stars,2023-12-18,676,github
https://github.com/kdeldycke/awesome-billing,stars,2023-12-20,678,github
https://github.com/kdeldycke/awesome-billing,stars,2023-12-22,680,github
https://github.com/kdeldycke/awesome-billing,stars,2023-12-26,681,github
https://github.com/kdeldycke/awesome-billing,stars,2023-12-28,682,github
https://github.com/kdeldycke/awesome-billing,stars,2023-12-30,683,github
https://github.com/kdeldycke/awesome-billing,stars,2024-01-05,685,github
https://github.com/kdeldycke/awesome-billing,stars,2024-01-07,687,github
https://github.com/kdeldycke/awesome-billing,stars,2024-01-11,690,github
https://github.com/kdeldycke/awesome-billing,stars,2024-01-14,691,github
https://github.com/kdeldycke/awesome-billing,stars,2024-01-17,692,github
https://github.com/kdeldycke/awesome-billing,stars,2024-01-18,694,github
https://github.com/kdeldycke/awesome-billing,stars,2024-01-21,695,github
https://github.com/kdeldycke/awesome-billing,stars,2024-01-22,696,github
https://github.com/kdeldycke/awesome-billing,stars,2024-01-24,698,github
https://github.com/kdeldycke/awesome-billing,stars,2024-01-25,699,github
https://github.com/kdeldycke/awesome-billing,stars,2024-01-28,707,github
https://github.com/kdeldycke/awesome-billing,stars,2024-01-29,716,github
https://github.com/kdeldycke/awesome-billing,stars,2024-01-30,717,github
https://github.com/kdeldycke/awesome-billing,stars,2024-01-31,718,github
https://github.com/kdeldycke/awesome-billing,stars,2024-02-01,719,github
https://github.com/kdeldycke/awesome-billing,stars,2024-02-03,720,github
https://github.com/kdeldycke/awesome-billing,stars,2024-02-04,723,github
https://github.com/kdeldycke/awesome-billing,stars,2024-02-08,724,github
https://github.com/kdeldycke/awesome-billing,stars,2024-02-09,726,github
https://github.com/kdeldycke/awesome-billing,stars,2024-02-10,727,github
https://github.com/kdeldycke/awesome-billing,stars,2024-02-13,731,github
https://github.com/kdeldycke/awesome-billing,stars,2024-02-14,732,github
https://github.com/kdeldycke/awesome-billing,stars,2024-02-15,733,github
https://github.com/kdeldycke/awesome-billing,stars,2024-02-16,735,github
https://github.com/kdeldycke/awesome-billing,stars,2024-02-17,738,github
https://github.com/kdeldycke/awesome-billing,stars,2024-02-19,741,github
https://github.com/kdeldycke/awesome-billing,stars,2024-02-20,742,github
https://github.com/kdeldycke/awesome-billing,stars,2024-02-21,743,github
https://github.com/kdeldycke/awesome-billing,stars,2024-02-23,744,github
https://github.com/kdeldycke/awesome-billing,stars,2024-02-25,746,github
https://github.com/kdeldycke/awesome-billing,stars,2024-02-26,747,github
https://github.com/kdeldycke/awesome-billing,stars,2024-02-27,748,github
https://github.com/kdeldycke/awesome-billing,stars,2024-02-28,749,github
https://github.com/kdeldycke/awesome-billing,stars,2024-03-02,750,github
https://github.com/kdeldycke/awesome-billing,stars,2024-03-04,751,github
https://github.com/kdeldycke/awesome-billing,stars,2024-03-07,752,github
https://github.com/kdeldycke/awesome-billing,stars,2024-03-08,754,github
https://github.com/kdeldycke/awesome-billing,stars,2024-03-12,756,github
https://github.com/kdeldycke/awesome-billing,stars,2024-03-13,757,github
https://github.com/kdeldycke/awesome-billing,stars,2024-03-14,759,github
https://github.com/kdeldycke/awesome-billing,stars,2024-03-18,761,github
https://github.com/kdeldycke/awesome-billing,stars,2024-03-19,762,github
https://github.com/kdeldycke/awesome-billing,stars,2024-03-20,764,github
https://github.com/kdeldycke/awesome-billing,stars,2024-03-21,765,github
https://github.com/kdeldycke/awesome-billing,stars,2024-03-22,766,github
https://github.com/kdeldycke/awesome-billing,stars,2024-03-23,767,github
https://github.com/kdeldycke/awesome-billing,stars,2024-03-27,769,github
https://github.com/kdeldycke/awesome-billing,stars,2024-03-28,773,github
https://github.com/kdeldycke/awesome-billing,stars,2024-03-30,775,github
https://github.com/kdeldycke/awesome-billing,stars,2024-04-03,777,github
https://github.com/kdeldycke/awesome-billing,stars,2024-04-05,778,github
https://github.com/kdeldycke/awesome-billing,stars,2024-04-07,779,github
https://github.com/kdeldycke/awesome-billing,stars,2024-04-08,780,github
https://github.com/kdeldycke/awesome-billing,stars,2024-04-09,781,github
https://github.com/kdeldycke/awesome-billing,stars,2024-04-10,782,github
https://github.com/kdeldycke/awesome-billing,stars,2024-04-11,783,github
https://github.com/kdeldycke/awesome-billing,stars,2024-04-15,784,github
https://github.com/kdeldycke/awesome-billing,stars,2024-04-19,785,github
https://github.com/kdeldycke/awesome-billing,stars,2024-04-20,786,github
https://github.com/kdeldycke/awesome-billing,stars,2024-04-21,787,github
https://github.com/kdeldycke/awesome-billing,stars,2024-04-22,789,github
https://github.com/kdeldycke/awesome-billing,stars,2024-04-24,790,github
https://github.com/kdeldycke/awesome-billing,stars,2024-04-25,791,github
https://github.com/kdeldycke/awesome-billing,stars,2024-04-26,792,github
https://github.com/kdeldycke/awesome-billing,stars,2024-04-27,793,github
https://github.com/kdeldycke/awesome-billing,stars,2024-04-28,796,github
https://github.com/kdeldycke/awesome-billing,stars,2024-04-30,797,github
https://github.com/kdeldycke/awesome-billing,stars,2024-05-01,798,github
https://github.com/kdeldycke/awesome-billing,stars,2024-05-03,799,github
https://github.com/kdeldycke/awesome-billing,stars,2024-05-04,800,github
https://github.com/kdeldycke/awesome-billing,stars,2024-05-05,801,github
https://github.com/kdeldycke/awesome-billing,stars,2024-05-07,802,github
https://github.com/kdeldycke/awesome-billing,stars,2024-05-08,803,github
https://github.com/kdeldycke/awesome-billing,stars,2024-05-11,804,github
https://github.com/kdeldycke/awesome-billing,stars,2024-05-12,805,github
https://github.com/kdeldycke/awesome-billing,stars,2024-05-14,806,github
https://github.com/kdeldycke/awesome-billing,stars,2024-05-16,807,github
https://github.com/kdeldycke/awesome-billing,stars,2024-05-24,808,github
https://github.com/kdeldycke/awesome-billing,stars,2024-05-26,809,github
https://github.com/kdeldycke/awesome-billing,stars,2024-06-02,810,github
https://github.com/kdeldycke/awesome-billing,stars,2024-06-03,811,github
https://github.com/kdeldycke/awesome-billing,stars,2024-06-04,813,github
https://github.com/kdeldycke/awesome-billing,stars,2024-06-07,816,github
https://github.com/kdeldycke/awesome-billing,stars,2024-06-08,817,github
https://github.com/kdeldycke/awesome-billing,stars,2024-06-10,818,github
https://github.com/kdeldycke/awesome-billing,stars,2024-06-11,819,github
https://github.com/kdeldycke/awesome-billing,stars,2024-06-12,820,github
https://github.com/kdeldycke/awesome-billing,stars,2024-06-14,822,github
https://github.com/kdeldycke/awesome-billing,stars,2024-06-18,823,github
https://github.com/kdeldycke/awesome-billing,stars,2024-06-19,825,github
https://github.com/kdeldycke/awesome-billing,stars,2024-06-20,826,github
https://github.com/kdeldycke/awesome-billing,stars,2024-06-21,828,github
https://github.com/kdeldycke/awesome-billing,stars,2024-06-23,829,github
https://github.com/kdeldycke/awesome-billing,stars,2024-06-24,830,github
https://github.com/kdeldycke/awesome-billing,stars,2024-06-25,832,github
https://github.com/kdeldycke/awesome-billing,stars,2024-06-26,833,github
https://github.com/kdeldycke/awesome-billing,stars,2024-07-01,834,github
https://github.com/kdeldycke/awesome-billing,stars,2024-07-04,835,github
https://github.com/kdeldycke/awesome-billing,stars,2024-07-10,836,github
https://github.com/kdeldycke/awesome-billing,stars,2024-07-11,839,github
https://github.com/kdeldycke/awesome-billing,stars,2024-07-13,840,github
https://github.com/kdeldycke/awesome-billing,stars,2024-07-15,841,github
https://github.com/kdeldycke/awesome-billing,stars,2024-07-16,842,github
https://github.com/kdeldycke/awesome-billing,stars,2024-07-17,844,github
https://github.com/kdeldycke/awesome-billing,stars,2024-07-18,846,github
https://github.com/kdeldycke/awesome-billing,stars,2024-07-23,847,github
https://github.com/kdeldycke/awesome-billing,stars,2024-07-27,848,github
https://github.com/kdeldycke/awesome-billing,stars,2024-07-28,849,github
https://github.com/kdeldycke/awesome-billing,stars,2024-07-30,850,github
https://github.com/kdeldycke/awesome-billing,stars,2024-07-31,852,github
https://github.com/kdeldycke/awesome-billing,stars,2024-08-04,853,github
https://github.com/kdeldycke/awesome-billing,stars,2024-08-06,854,github
https://github.com/kdeldycke/awesome-billing,stars,2024-08-09,855,github
https://github.com/kdeldycke/awesome-billing,stars,2024-08-12,856,github
https://github.com/kdeldycke/awesome-billing,stars,2024-08-17,857,github
https://github.com/kdeldycke/awesome-billing,stars,2024-08-18,858,github
https://github.com/kdeldycke/awesome-billing,stars,2024-08-20,859,github
https://github.com/kdeldycke/awesome-billing,stars,2024-08-22,860,github
https://github.com/kdeldycke/awesome-billing,stars,2024-08-23,861,github
https://github.com/kdeldycke/awesome-billing,stars,2024-08-26,862,github
https://github.com/kdeldycke/awesome-billing,stars,2024-08-29,864,github
https://github.com/kdeldycke/awesome-billing,stars,2024-08-31,865,github
https://github.com/kdeldycke/awesome-billing,stars,2024-09-01,866,github
https://github.com/kdeldycke/awesome-billing,stars,2024-09-02,867,github
https://github.com/kdeldycke/awesome-billing,stars,2024-09-03,868,github
https://github.com/kdeldycke/awesome-billing,stars,2024-09-05,869,github
https://github.com/kdeldycke/awesome-billing,stars,2024-09-07,870,github
https://github.com/kdeldycke/awesome-billing,stars,2024-09-08,872,github
https://github.com/kdeldycke/awesome-billing,stars,2024-09-09,873,github
https://github.com/kdeldycke/awesome-billing,stars,2024-09-11,875,github
https://github.com/kdeldycke/awesome-billing,stars,2024-09-12,876,github
https://github.com/kdeldycke/awesome-billing,stars,2024-09-13,877,github
https://github.com/kdeldycke/awesome-billing,stars,2024-09-17,878,github
https://github.com/kdeldycke/awesome-billing,stars,2024-09-19,879,github
https://github.com/kdeldycke/awesome-billing,stars,2024-09-22,880,github
https://github.com/kdeldycke/awesome-billing,stars,2024-09-24,881,github
https://github.com/kdeldycke/awesome-billing,stars,2024-09-27,882,github
https://github.com/kdeldycke/awesome-billing,stars,2024-09-29,883,github
https://github.com/kdeldycke/awesome-billing,stars,2024-09-30,886,github
https://github.com/kdeldycke/awesome-billing,stars,2024-10-02,888,github
https://github.com/kdeldycke/awesome-billing,stars,2024-10-04,890,github
https://github.com/kdeldycke/awesome-billing,stars,2024-10-05,891,github
https://github.com/kdeldycke/awesome-billing,stars,2024-10-06,892,github
https://github.com/kdeldycke/awesome-billing,stars,2024-10-07,896,github
https://github.com/kdeldycke/awesome-billing,stars,2024-10-08,897,github
https://github.com/kdeldycke/awesome-billing,stars,2024-10-09,898,github
https://github.com/kdeldycke/awesome-billing,stars,2024-10-11,899,github
https://github.com/kdeldycke/awesome-billing,stars,2024-10-15,900,github
https://github.com/kdeldycke/awesome-billing,stars,2024-10-16,901,github
https://github.com/kdeldycke/awesome-billing,stars,2024-10-18,902,github
https://github.com/kdeldycke/awesome-billing,stars,2024-10-20,903,github
https://github.com/kdeldycke/awesome-billing,stars,2024-10-21,904,github
https://github.com/kdeldycke/awesome-billing,stars,2024-10-23,905,github
https://github.com/kdeldycke/awesome-billing,stars,2024-10-25,907,github
https://github.com/kdeldycke/awesome-billing,stars,2024-10-31,908,github
https://github.com/kdeldycke/awesome-billing,stars,2024-11-03,909,github
https://github.com/kdeldycke/awesome-billing,stars,2024-11-04,910,github
https://github.com/kdeldycke/awesome-billing,stars,2024-11-06,911,github
https://github.com/kdeldycke/awesome-billing,stars,2024-11-07,912,github
https://github.com/kdeldycke/awesome-billing,stars,2024-11-09,913,github
https://github.com/kdeldycke/awesome-billing,stars,2024-11-10,914,github
https://github.com/kdeldycke/awesome-billing,stars,2024-11-12,916,github
https://github.com/kdeldycke/awesome-billing,stars,2024-11-17,917,github
https://github.com/kdeldycke/awesome-billing,stars,2024-11-18,918,github
https://github.com/kdeldycke/awesome-billing,stars,2024-11-22,920,github
https://github.com/kdeldycke/awesome-billing,stars,2024-11-23,922,github
https://github.com/kdeldycke/awesome-billing,stars,2024-11-25,923,github
https://github.com/kdeldycke/awesome-billing,stars,2024-11-28,924,github
https://github.com/kdeldycke/awesome-billing,stars,2024-11-29,928,github
https://github.com/kdeldycke/awesome-billing,stars,2024-11-30,930,github
https://github.com/kdeldycke/awesome-billing,stars,2024-12-04,931,github
https://github.com/kdeldycke/awesome-billing,stars,2024-12-06,932,github
https://github.com/kdeldycke/awesome-billing,stars,2024-12-07,934,github
https://github.com/kdeldycke/awesome-billing,stars,2024-12-08,935,github
https://github.com/kdeldycke/awesome-billing,stars,2024-12-09,936,github
https://github.com/kdeldycke/awesome-billing,stars,2024-12-12,937,github
https://github.com/kdeldycke/awesome-billing,stars,2024-12-14,938,github
https://github.com/kdeldycke/awesome-billing,stars,2024-12-16,939,github
https://github.com/kdeldycke/awesome-billing,stars,2024-12-17,940,github
https://github.com/kdeldycke/awesome-billing,stars,2024-12-19,941,github
https://github.com/kdeldycke/awesome-billing,stars,2024-12-20,942,github
https://github.com/kdeldycke/awesome-billing,stars,2024-12-26,943,github
https://github.com/kdeldycke/awesome-billing,stars,2024-12-28,950,github
https://github.com/kdeldycke/awesome-billing,stars,2024-12-29,958,github
https://github.com/kdeldycke/awesome-billing,stars,2024-12-30,966,github
https://github.com/kdeldycke/awesome-billing,stars,2024-12-31,968,github
https://github.com/kdeldycke/awesome-billing,stars,2025-01-01,970,github
https://github.com/kdeldycke/awesome-billing,stars,2025-01-02,972,github
https://github.com/kdeldycke/awesome-billing,stars,2025-01-04,973,github
https://github.com/kdeldycke/awesome-billing,stars,2025-01-05,974,github
https://github.com/kdeldycke/awesome-billing,stars,2025-01-06,976,github
https://github.com/kdeldycke/awesome-billing,stars,2025-01-09,977,github
https://github.com/kdeldycke/awesome-billing,stars,2025-01-10,979,github
https://github.com/kdeldycke/awesome-billing,stars,2025-01-11,980,github
https://github.com/kdeldycke/awesome-billing,stars,2025-01-16,981,github
https://github.com/kdeldycke/awesome-billing,stars,2025-01-17,982,github
https://github.com/kdeldycke/awesome-billing,stars,2025-01-20,984,github
https://github.com/kdeldycke/awesome-billing,stars,2025-01-21,985,github
https://github.com/kdeldycke/awesome-billing,stars,2025-01-25,988,github
https://github.com/kdeldycke/awesome-billing,stars,2025-01-27,989,github
https://github.com/kdeldycke/awesome-billing,stars,2025-01-28,990,github
https://github.com/kdeldycke/awesome-billing,stars,2025-01-31,991,github
https://github.com/kdeldycke/awesome-billing,stars,2025-02-14,993,github
https://github.com/kdeldycke/awesome-billing,stars,2025-02-15,996,github
https://github.com/kdeldycke/awesome-billing,stars,2025-02-16,1001,github
https://github.com/kdeldycke/awesome-billing,stars,2025-02-17,1004,github
https://github.com/kdeldycke/awesome-billing,stars,2025-02-18,1007,github
https://github.com/kdeldycke/awesome-billing,stars,2025-02-19,1010,github
https://github.com/kdeldycke/awesome-billing,stars,2025-02-20,1012,github
https://github.com/kdeldycke/awesome-billing,stars,2025-02-23,1014,github
https://github.com/kdeldycke/awesome-billing,stars,2025-02-24,1016,github
https://github.com/kdeldycke/awesome-billing,stars,2025-02-26,1017,github
https://github.com/kdeldycke/awesome-billing,stars,2025-02-28,1018,github
https://github.com/kdeldycke/awesome-billing,stars,2025-03-01,1019,github
https://github.com/kdeldycke/awesome-billing,stars,2025-03-03,1020,github
https://github.com/kdeldycke/awesome-billing,stars,2025-03-07,1021,github
https://github.com/kdeldycke/awesome-billing,stars,2025-03-08,1022,github
https://github.com/kdeldycke/awesome-billing,stars,2025-03-14,1023,github
https://github.com/kdeldycke/awesome-billing,stars,2025-03-16,1024,github
https://github.com/kdeldycke/awesome-billing,stars,2025-03-18,1025,github
https://github.com/kdeldycke/awesome-billing,stars,2025-03-19,1026,github
https://github.com/kdeldycke/awesome-billing,stars,2025-03-24,1029,github
https://github.com/kdeldycke/awesome-billing,stars,2025-03-27,1030,github
https://github.com/kdeldycke/awesome-billing,stars,2025-03-28,1031,github
https://github.com/kdeldycke/awesome-billing,stars,2025-03-29,1032,github
https://github.com/kdeldycke/awesome-billing,stars,2025-03-31,1034,github
https://github.com/kdeldycke/awesome-billing,stars,2025-04-01,1035,github
https://github.com/kdeldycke/awesome-billing,stars,2025-04-04,1036,github
https://github.com/kdeldycke/awesome-billing,stars,2025-04-05,1039,github
https://github.com/kdeldycke/awesome-billing,stars,2025-04-06,1040,github
https://github.com/kdeldycke/awesome-billing,stars,2025-04-07,1041,github
https://github.com/kdeldycke/awesome-billing,stars,2025-04-22,1043,github
https://github.com/kdeldycke/awesome-billing,stars,2025-04-24,1045,github
https://github.com/kdeldycke/awesome-billing,stars,2025-04-28,1046,github
https://github.com/kdeldycke/awesome-billing,stars,2025-05-04,1047,github
https://github.com/kdeldycke/awesome-billing,stars,2025-05-07,1048,github
https://github.com/kdeldycke/awesome-billing,stars,2025-05-11,1049,github
https://github.com/kdeldycke/awesome-billing,stars,2025-05-12,1050,github
https://github.com/kdeldycke/awesome-billing,stars,2025-05-14,1051,github
https://github.com/kdeldycke/awesome-billing,stars,2025-05-16,1053,github
https://github.com/kdeldycke/awesome-billing,stars,2025-05-17,1055,github
https://github.com/kdeldycke/awesome-billing,stars,2025-05-18,1056,github
https://github.com/kdeldycke/awesome-billing,stars,2025-05-20,1057,github
https://github.com/kdeldycke/awesome-billing,stars,2025-05-22,1058,github
https://github.com/kdeldycke/awesome-billing,stars,2025-05-24,1059,github
https://github.com/kdeldycke/awesome-billing,stars,2025-05-25,1060,github
https://github.com/kdeldycke/awesome-billing,stars,2025-05-26,1061,github
https://github.com/kdeldycke/awesome-billing,stars,2025-05-27,1062,github
https://github.com/kdeldycke/awesome-billing,stars,2025-05-29,1063,github
https://github.com/kdeldycke/awesome-billing,stars,2025-06-02,1064,github
https://github.com/kdeldycke/awesome-billing,stars,2025-06-05,1065,github
https://github.com/kdeldycke/awesome-billing,stars,2025-06-08,1067,github
https://github.com/kdeldycke/awesome-billing,stars,2025-06-10,1068,github
https://github.com/kdeldycke/awesome-billing,stars,2025-06-11,1070,github
https://github.com/kdeldycke/awesome-billing,stars,2025-06-12,1073,github
https://github.com/kdeldycke/awesome-billing,stars,2025-06-14,1074,github
https://github.com/kdeldycke/awesome-billing,stars,2025-06-15,1077,github
https://github.com/kdeldycke/awesome-billing,stars,2025-06-23,1078,github
https://github.com/kdeldycke/awesome-billing,stars,2025-06-24,1080,github
https://github.com/kdeldycke/awesome-billing,stars,2025-06-25,1081,github
https://github.com/kdeldycke/awesome-billing,stars,2025-06-29,1082,github
https://github.com/kdeldycke/awesome-billing,stars,2025-06-30,1083,github
https://github.com/kdeldycke/awesome-billing,stars,2025-07-01,1086,github
https://github.com/kdeldycke/awesome-billing,stars,2025-07-03,1087,github
https://github.com/kdeldycke/awesome-billing,stars,2025-07-04,1088,github
https://github.com/kdeldycke/awesome-billing,stars,2025-07-05,1089,github
https://github.com/kdeldycke/awesome-billing,stars,2025-07-08,1091,github
https://github.com/kdeldycke/awesome-billing,stars,2025-07-09,1092,github
https://github.com/kdeldycke/awesome-billing,stars,2025-07-10,1093,github
https://github.com/kdeldycke/awesome-billing,stars,2025-07-11,1094,github
https://github.com/kdeldycke/awesome-billing,stars,2025-07-13,1095,github
https://github.com/kdeldycke/awesome-billing,stars,2025-07-15,1096,github
https://github.com/kdeldycke/awesome-billing,stars,2025-07-17,1098,github
https://github.com/kdeldycke/awesome-billing,stars,2025-07-20,1100,github
https://github.com/kdeldycke/awesome-billing,stars,2025-07-21,1101,github
https://github.com/kdeldycke/awesome-billing,stars,2025-07-22,1102,github
https://github.com/kdeldycke/awesome-billing,stars,2025-07-23,1105,github
https://github.com/kdeldycke/awesome-billing,stars,2025-07-24,1107,github
https://github.com/kdeldycke/awesome-billing,stars,2025-07-28,1108,github
https://github.com/kdeldycke/awesome-billing,stars,2025-07-30,1109,github
https://github.com/kdeldycke/awesome-billing,stars,2025-07-31,1110,github
https://github.com/kdeldycke/awesome-billing,stars,2025-08-03,1111,github
https://github.com/kdeldycke/awesome-billing,stars,2025-08-04,1113,github
https://github.com/kdeldycke/awesome-billing,stars,2025-08-05,1114,github
https://github.com/kdeldycke/awesome-billing,stars,2025-08-07,1115,github
https://github.com/kdeldycke/awesome-billing,stars,2025-08-09,1116,github
https://github.com/kdeldycke/awesome-billing,stars,2025-08-10,1117,github
https://github.com/kdeldycke/awesome-billing,stars,2025-08-14,1118,github
https://github.com/kdeldycke/awesome-billing,stars,2025-08-19,1119,github
https://github.com/kdeldycke/awesome-billing,stars,2025-08-22,1121,github
https://github.com/kdeldycke/awesome-billing,stars,2025-08-23,1122,github
https://github.com/kdeldycke/awesome-billing,stars,2025-08-25,1124,github
https://github.com/kdeldycke/awesome-billing,stars,2025-08-28,1125,github
https://github.com/kdeldycke/awesome-billing,stars,2025-08-29,1126,github
https://github.com/kdeldycke/awesome-billing,stars,2025-08-30,1127,github
https://github.com/kdeldycke/awesome-billing,stars,2025-09-03,1130,github
https://github.com/kdeldycke/awesome-billing,stars,2025-09-06,1131,github
https://github.com/kdeldycke/awesome-billing,stars,2025-09-15,1133,github
https://github.com/kdeldycke/awesome-billing,stars,2025-09-16,1135,github
https://github.com/kdeldycke/awesome-billing,stars,2025-09-17,1136,github
https://github.com/kdeldycke/awesome-billing,stars,2025-09-21,1137,github
https://github.com/kdeldycke/awesome-billing,stars,2025-09-23,1138,github
https://github.com/kdeldycke/awesome-billing,stars,2025-09-24,1140,github
https://github.com/kdeldycke/awesome-billing,stars,2025-09-25,1141,github
https://github.com/kdeldycke/awesome-billing,stars,2025-09-29,1143,github
https://github.com/kdeldycke/awesome-billing,stars,2025-10-01,1144,github
https://github.com/kdeldycke/awesome-billing,stars,2025-10-02,1145,github
https://github.com/kdeldycke/awesome-billing,stars,2025-10-03,1146,github
https://github.com/kdeldycke/awesome-billing,stars,2025-10-07,1147,github
https://github.com/kdeldycke/awesome-billing,stars,2025-10-10,1148,github
https://github.com/kdeldycke/awesome-billing,stars,2025-10-11,1149,github
https://github.com/kdeldycke/awesome-billing,stars,2025-10-13,1151,github
https://github.com/kdeldycke/awesome-billing,stars,2025-10-14,1152,github
https://github.com/kdeldycke/awesome-billing,stars,2025-10-17,1153,github
https://github.com/kdeldycke/awesome-billing,stars,2025-10-19,1154,github
https://github.com/kdeldycke/awesome-billing,stars,2025-10-22,1155,github
https://github.com/kdeldycke/awesome-billing,stars,2025-10-24,1156,github
https://github.com/kdeldycke/awesome-billing,stars,2025-10-25,1157,github
https://github.com/kdeldycke/awesome-billing,stars,2025-10-26,1159,github
https://github.com/kdeldycke/awesome-billing,stars,2025-10-27,1161,github
https://github.com/kdeldycke/awesome-billing,stars,2025-10-28,1163,github
https://github.com/kdeldycke/awesome-billing,stars,2025-11-03,1164,github
https://github.com/kdeldycke/awesome-billing,stars,2025-11-05,1165,github
https://github.com/kdeldycke/awesome-billing,stars,2025-11-07,1166,github
https://github.com/kdeldycke/awesome-billing,stars,2025-11-09,1168,github
https://github.com/kdeldycke/awesome-billing,stars,2025-11-10,1169,github
https://github.com/kdeldycke/awesome-billing,stars,2025-11-19,1171,github
https://github.com/kdeldycke/awesome-billing,stars,2025-11-20,1172,github
https://github.com/kdeldycke/awesome-billing,stars,2025-11-24,1173,github
https://github.com/kdeldycke/awesome-billing,stars,2025-11-25,1174,github
https://github.com/kdeldycke/awesome-billing,stars,2025-11-27,1175,github
https://github.com/kdeldycke/awesome-billing,stars,2025-11-30,1176,github
https://github.com/kdeldycke/awesome-billing,stars,2025-12-02,1179,github
https://github.com/kdeldycke/awesome-billing,stars,2025-12-03,1180,github
https://github.com/kdeldycke/awesome-billing,stars,2025-12-08,1181,github
https://github.com/kdeldycke/awesome-billing,stars,2025-12-10,1182,github
https://github.com/kdeldycke/awesome-billing,stars,2025-12-12,1183,github
https://github.com/kdeldycke/awesome-billing,stars,2025-12-13,1184,github
https://github.com/kdeldycke/awesome-billing,stars,2025-12-15,1185,github
https://github.com/kdeldycke/awesome-billing,stars,2025-12-16,1187,github
https://github.com/kdeldycke/awesome-billing,stars,2025-12-17,1188,github
https://github.com/kdeldycke/awesome-billing,stars,2025-12-18,1189,github
https://github.com/kdeldycke/awesome-billing,stars,2025-12-20,1190,github
https://github.com/kdeldycke/awesome-billing,stars,2025-12-23,1192,github
https://github.com/kdeldycke/awesome-billing,stars,2025-12-28,1193,github
https://github.com/kdeldycke/awesome-billing,stars,2025-12-29,1195,github
https://github.com/kdeldycke/awesome-billing,stars,2026-01-04,1196,github
https://github.com/kdeldycke/awesome-billing,stars,2026-01-05,1197,github
https://github.com/kdeldycke/awesome-billing,stars,2026-01-06,1198,github
https://github.com/kdeldycke/awesome-billing,stars,2026-01-07,1200,github
https://github.com/kdeldycke/awesome-billing,stars,2026-01-08,1201,github
https://github.com/kdeldycke/awesome-billing,stars,2026-01-12,1202,github
https://github.com/kdeldycke/awesome-billing,stars,2026-01-13,1203,github
https://github.com/kdeldycke/awesome-billing,stars,2026-01-15,1204,github
https://github.com/kdeldycke/awesome-billing,stars,2026-01-17,1205,github
https://github.com/kdeldycke/awesome-billing,stars,2026-01-18,1206,github
https://github.com/kdeldycke/awesome-billing,stars,2026-01-19,1208,github
https://github.com/kdeldycke/awesome-billing,stars,2026-01-21,1209,github
https://github.com/kdeldycke/awesome-billing,stars,2026-01-22,1210,github
https://github.com/kdeldycke/awesome-billing,stars,2026-01-23,1212,github
https://github.com/kdeldycke/awesome-billing,stars,2026-01-25,1213,github
https://github.com/kdeldycke/awesome-billing,stars,2026-01-28,1214,github
https://github.com/kdeldycke/awesome-billing,stars,2026-01-29,1215,github
https://github.com/kdeldycke/awesome-billing,stars,2026-02-01,1216,github
https://github.com/kdeldycke/awesome-billing,stars,2026-02-02,1217,github
https://github.com/kdeldycke/awesome-billing,stars,2026-02-03,1218,github
https://github.com/kdeldycke/awesome-billing,stars,2026-02-04,1220,github
https://github.com/kdeldycke/awesome-billing,stars,2026-02-05,1221,github
https://github.com/kdeldycke/awesome-billing,stars,2026-02-06,1222,github
https://github.com/kdeldycke/awesome-billing,stars,2026-02-09,1223,github
https://github.com/kdeldycke/awesome-billing,stars,2026-02-10,1224,github
https://github.com/kdeldycke/awesome-billing,stars,2026-02-11,1225,github
https://github.com/kdeldycke/awesome-billing,stars,2026-02-13,1226,github
https://github.com/kdeldycke/awesome-billing,stars,2026-02-15,1227,github
https://github.com/kdeldycke/awesome-billing,stars,2026-02-17,1228,github
https://github.com/kdeldycke/awesome-billing,stars,2026-02-18,1229,github
https://github.com/kdeldycke/awesome-billing,stars,2026-02-19,1230,github
https://github.com/kdeldycke/awesome-billing,stars,2026-02-20,1231,github
https://github.com/kdeldycke/awesome-billing,stars,2026-02-21,1232,github
https://github.com/kdeldycke/awesome-billing,stars,2026-02-23,1233,github
https://github.com/kdeldycke/awesome-billing,stars,2026-02-24,1234,github
https://github.com/kdeldycke/awesome-billing,stars,2026-03-01,1235,github
https://github.com/kdeldycke/awesome-billing,stars,2026-03-03,1236,github
https://github.com/kdeldycke/awesome-billing,stars,2026-03-06,1237,github
https://github.com/kdeldycke/awesome-billing,stars,2026-03-08,1238,github
https://github.com/kdeldycke/awesome-billing,stars,2026-03-09,1239,github
https://github.com/kdeldycke/awesome-billing,stars,2026-03-14,1240,github
https://github.com/kdeldycke/awesome-billing,stars,2026-03-15,1241,github
https://github.com/kdeldycke/awesome-billing,stars,2026-03-17,1242,github
https://github.com/kdeldycke/awesome-billing,stars,2026-03-23,1243,github
https://github.com/kdeldycke/awesome-billing,stars,2026-03-24,1244,github
https://github.com/kdeldycke/awesome-billing,stars,2026-03-25,1245,github
https://github.com/kdeldycke/awesome-billing,stars,2026-03-26,1247,github
https://github.com/kdeldycke/awesome-billing,stars,2026-03-31,1249,github
https://github.com/kdeldycke/awesome-billing,stars,2026-04-02,1250,github
https://github.com/kdeldycke/awesome-billing,stars,2026-04-05,1251,github
https://github.com/kdeldycke/awesome-billing,stars,2026-04-09,1252,github
https://github.com/kdeldycke/awesome-billing,stars,2026-04-11,1253,github
https://github.com/kdeldycke/awesome-billing,stars,2026-04-13,1254,github
https://github.com/kdeldycke/awesome-billing,stars,2026-04-17,1255,github
https://github.com/kdeldycke/awesome-billing,stars,2026-04-21,1257,github
https://github.com/kdeldycke/awesome-billing,stars,2026-04-23,1258,github
https://github.com/kdeldycke/awesome-billing,stars,2026-04-25,1259,github
https://github.com/kdeldycke/awesome-billing,stars,2026-04-26,1260,github
https://github.com/kdeldycke/awesome-billing,stars,2026-04-27,1261,github
https://github.com/kdeldycke/awesome-billing,stars,2026-04-28,1262,github
https://github.com/kdeldycke/awesome-billing,stars,2026-04-29,1263,github
https://github.com/kdeldycke/awesome-billing,stars,2026-05-03,1264,github
https://github.com/kdeldycke/awesome-billing,stars,2026-05-07,1274,github
https://github.com/kdeldycke/awesome-billing,stars,2026-05-08,1275,github
https://github.com/kdeldycke/awesome-billing,stars,2026-05-09,1276,github
https://github.com/kdeldycke/awesome-billing,stars,2026-05-10,1277,github
https://github.com/kdeldycke/awesome-billing,stars,2026-05-11,1280,github
https://github.com/kdeldycke/awesome-billing,stars,2026-05-12,1281,github
https://github.com/kdeldycke/awesome-billing,stars,2026-05-14,1282,github
https://github.com/kdeldycke/awesome-billing,stars,2026-05-18,1283,github
https://github.com/kdeldycke/awesome-billing,stars,2026-05-27,1284,github
https://github.com/kdeldycke/awesome-billing,stars,2026-06-01,1285,github
https://github.com/kdeldycke/awesome-billing,stars,2026-06-14,1286,github
https://github.com/kdeldycke/awesome-billing,stars,2026-06-15,1287,github
https://github.com/kdeldycke/awesome-billing,stars,2026-06-16,1288,github
https://github.com/kdeldycke/awesome-billing,stars,2026-06-18,1290,github
https://github.com/kdeldycke/awesome-billing,stars,2026-06-19,1291,github
https://github.com/kdeldycke/awesome-billing,stars,2026-06-22,1292,github
https://github.com/kdeldycke/awesome-billing,stars,2026-06-23,1293,github
https://github.com/kdeldycke/awesome-billing,stars,2026-06-30,1295,github
https://github.com/kdeldycke/awesome-billing,stars,2026-07-01,1296,github
https://github.com/kdeldycke/awesome-billing,stars,2026-07-03,1297,github
https://github.com/kdeldycke/awesome-billing,stars,2026-07-06,1298,github
https://github.com/kdeldycke/awesome-billing,stars,2026-07-07,1299,github
https://github.com/kdeldycke/awesome-billing,stars,2026-07-09,1301,github
https://github.com/kdeldycke/awesome-billing,stars,2026-07-10,1302,github
https://github.com/kdeldycke/awesome-billing,stars,2026-07-12,1304,github
https://github.com/kdeldycke/awesome-billing,stars,2026-07-14,1305,github
https://github.com/kdeldycke/awesome-billing,stars,2026-07-15,1308,github
https://github.com/kdeldycke/awesome-billing,stars,2026-07-16,1309,github
https://github.com/kdeldycke/awesome-billing,stars,2026-07-17,1310,github
https://github.com/kdeldycke/awesome-billing,stars,2026-07-18,1311,github
https://github.com/kdeldycke/awesome-billing,stars,2026-07-20,1312,github
https://github.com/kdeldycke/awesome-billing,stars,2026-07-23,1313,github
https://github.com/kdeldycke/awesome-billing,stars,2026-07-24,1314,github
https://github.com/kdeldycke/awesome-billing,stars,2026-07-28,1316,github
https://github.com/kdeldycke/awesome-billing,stars,2026-07-29,1317,github
https://github.com/kdeldycke/awesome-billing,stars,2026-08-03,1318,github
https://github.com/kdeldycke/awesome-billing,stars,2026-08-05,1319,github
https://github.com/kdeldycke/awesome-billing,stars,2026-08-06,1320,github
https://github.com/kdeldycke/awesome-billing,stars,2026-08-10,1322,github
https://github.com/kdeldycke/awesome-billing,stars,2026-08-11,1323,github
https://github.com/kdeldycke/awesome-billing,stars,2026-08-12,1324,github
https://github.com/kdeldycke/awesome-billing,stars,2026-08-13,1325,github
https://github.com/kdeldycke/awesome-billing,stars,2026-08-14,1327,github
https://github.com/kdeldycke/awesome-billing,stars,2026-08-17,1328,github
https://github.com/kdeldycke/awesome-billing,stars,2026-08-20,1329,github
https://github.com/kdeldycke/awesome-engineering-team-management,commit,2026-08-20,2026-08-14,sample
https://github.com/kdeldycke/awesome-engineering-team-management,stars,2020-10-29,5,github
https://github.com/kdeldycke/awesome-engineering-team-management,stars,2020-10-30,11,github
https://github.com/kdeldycke/awesome-engineering-team-management,stars,2020-10-31,15,github
https://github.com/kdeldycke/awesome-engineering-team-management,stars,2020-11-01,18,github
https://github.com/kdeldycke/awesome-engineering-team-management,stars,2020-11-02,19,github
https://github.com/kdeldycke/awesome-engineering-team-management,stars,2020-11-03,20,github
https://github.com/kdeldycke/awesome-engineering-team-management,stars,2020-11-04,22,github
https://github.com/kdeldycke/awesome-engineering-team-management,stars,2020-11-05,23,github
https://github.com/kdeldycke/awesome-engineering-team-management,stars,2020-11-07,25,github
https://github.com/kdeldycke/awesome-engineering-team-management,stars,2020-11-09,29,github
https://github.com/kdeldycke/awesome-engineering-team-management,stars,2020-11-10,43,github
https://github.com/kdeldycke/awesome-engineering-team-management,stars,2020-11-11,48,github
https://github.com/kdeldycke/awesome-engineering-team-management,stars,2020-11-12,52,github
https://github.com/kdeldycke/awesome-engineering-team-management,stars,2020-11-13,54,github
https://github.com/kdeldycke/awesome-engineering-team-management,stars,2020-11-14,55,github
https://github.com/kdeldycke/awesome-engineering-team-management,stars,2020-11-15,58,github
https://github.com/kdeldycke/awesome-engineering-team-management,stars,2020-11-17,59,github
https://github.com/kdeldycke/awesome-engineering-team-management,stars,2020-11-18,60,github
https://github.com/kdeldycke/awesome-engineering-team-management,stars,2020-11-20,61,github
https://github.com/kdeldycke/awesome-engineering-team-management,stars,2020-11-21,63,github
https://github.com/kdeldycke/awesome-engineering-team-management,stars,2020-11-22,64,github
https://github.com/kdeldycke/awesome-engineering-team-management,stars,2020-11-23,65,github
https://github.com/kdeldycke/awesome-engineering-team-management,stars,2020-11-26,66,github
https://github.com/kdeldycke/awesome-engineering-team-management,stars,2020-11-27,68,github
https://github.com/kdeldycke/awesome-engineering-team-management,stars,2020-11-29,69,github
https://github.com/kdeldycke/awesome-engineering-team-management,stars,2020-11-30,70,github
https://github.com/kdeldycke/awesome-engineering-team-management,stars,2020-12-04,72,github
https://github.com/kdeldycke/awesome-engineering-team-management,stars,2020-12-07,73,github
https://github.com/kdeldycke/awesome-engineering-team-management,stars,2020-12-08,76,github
https://github.com/kdeldycke/awesome-engineering-team-management,stars,2020-12-09,78,github
https://github.com/kdeldycke/awesome-engineering-team-management,stars,2020-12-10,80,github
https://github.com/kdeldycke/awesome-engineering-team-management,stars,2020-12-11,83,github
https://github.com/kdeldycke/awesome-engineering-team-management,stars,2020-12-12,85,github
https://github.com/kdeldycke/awesome-engineering-team-management,stars,2020-12-13,86,github
https://github.com/kdeldycke/awesome-engineering-team-management,stars,2020-12-14,88,github
https://github.com/kdeldycke/awesome-engineering-team-management,stars,2020-12-17,89,github
https://github.com/kdeldycke/awesome-engineering-team-management,stars,2020-12-18,90,github
https://github.com/kdeldycke/awesome-engineering-team-management,stars,2020-12-19,91,github
https://github.com/kdeldycke/awesome-engineering-team-management,stars,2020-12-22,92,github
https://github.com/kdeldycke/awesome-engineering-team-management,stars,2020-12-24,93,github
https://github.com/kdeldycke/awesome-engineering-team-management,stars,2020-12-27,94,github
https://github.com/kdeldycke/awesome-engineering-team-management,stars,2020-12-28,95,github
https://github.com/kdeldycke/awesome-engineering-team-management,stars,2020-12-30,97,github
https://github.com/kdeldycke/awesome-engineering-team-management,stars,2020-12-31,101,github
https://github.com/kdeldycke/awesome-engineering-team-management,stars,2021-01-01,103,github
https://github.com/kdeldycke/awesome-engineering-team-management,stars,2021-01-03,105,github
https://github.com/kdeldycke/awesome-engineering-team-management,stars,2021-01-04,106,github
https://github.com/kdeldycke/awesome-engineering-team-management,stars,2021-01-06,108,github
https://github.com/kdeldycke/awesome-engineering-team-management,stars,2021-01-07,109,github
https://github.com/kdeldycke/awesome-engineering-team-management,stars,2021-01-08,110,github
https://github.com/kdeldycke/awesome-engineering-team-management,stars,2021-01-09,111,github
https://github.com/kdeldycke/awesome-engineering-team-management,stars,2021-01-11,114,github
https://github.com/kdeldycke/awesome-engineering-team-management,stars,2021-01-12,117,github
https://github.com/kdeldycke/awesome-engineering-team-management,stars,2021-01-13,118,github
https://github.com/kdeldycke/awesome-engineering-team-management,stars,2021-01-14,119,github
https://github.com/kdeldycke/awesome-engineering-team-management,stars,2021-01-15,120,github
https://github.com/kdeldycke/awesome-engineering-team-management,stars,2021-01-17,123,github
https://github.com/kdeldycke/awesome-engineering-team-management,stars,2021-01-18,124,github
https://github.com/kdeldycke/awesome-engineering-team-management,stars,2021-01-20,125,github
https://github.com/kdeldycke/awesome-engineering-team-management,stars,2021-01-22,126,github
https://github.com/kdeldycke/awesome-engineering-team-management,stars,2021-01-25,128,github
https://github.com/kdeldycke/awesome-engineering-team-management,stars,2021-01-26,129,github
https://github.com/kdeldycke/awesome-engineering-team-management,stars,2021-01-28,132,github
https://github.com/kdeldycke/awesome-engineering-team-management,stars,2021-01-29,133,github
https://github.com/kdeldycke/awesome-engineering-team-management,stars,2021-01-30,134,github
https://github.com/kdeldycke/awesome-engineering-team-management,stars,2021-02-02,141,github
https://github.com/kdeldycke/awesome-engineering-team-management,stars,2021-02-03,144,github
https://github.com/kdeldycke/awesome-engineering-team-management,stars,2021-02-04,148,github
https://github.com/kdeldycke/awesome-engineering-team-management,stars,2021-02-05,152,github
https://github.com/kdeldycke/awesome-engineering-team-management,stars,2021-02-07,155,github
https://github.com/kdeldycke/awesome-engineering-team-management,stars,2021-02-08,156,github
https://github.com/kdeldycke/awesome-engineering-team-management,stars,2021-02-09,159,github
https://github.com/kdeldycke/awesome-engineering-team-management,stars,2021-02-10,162,github
https://github.com/kdeldycke/awesome-engineering-team-management,stars,2021-02-11,163,github
https://github.com/kdeldycke/awesome-engineering-team-management,stars,2021-02-12,165,github
https://github.com/kdeldycke/awesome-engineering-team-management,stars,2021-02-13,167,github
https://github.com/kdeldycke/awesome-engineering-team-management,stars,2021-02-14,168,github
https://github.com/kdeldycke/awesome-engineering-team-management,stars,2021-02-15,178,github
https://github.com/kdeldycke/awesome-engineering-team-management,stars,2021-02-16,182,github
https://github.com/kdeldycke/awesome-engineering-team-management,stars,2021-02-17,187,github
https://github.com/kdeldycke/awesome-engineering-team-management,stars,2021-02-18,191,github
https://github.com/kdeldycke/awesome-engineering-team-management,stars,2021-02-19,195,github
https://github.com/kdeldycke/awesome-engineering-team-management,stars,2021-02-21,197,github
https://github.com/kdeldycke/awesome-engineering-team-management,stars,2021-02-23,199,github
https://github.com/kdeldycke/awesome-engineering-team-management,stars,2021-02-25,201,github
https://github.com/kdeldycke/awesome-engineering-team-management,stars,2021-02-26,209,github
https://github.com/kdeldycke/awesome-engineering-team-management,stars,2021-02-27,242,github
https://github.com/kdeldycke/awesome-engineering-team-management,stars,2021-02-28,257,github
https://github.com/kdeldycke/awesome-engineering-team-management,stars,2021-03-01,268,github
https://github.com/kdeldycke/awesome-engineering-team-management,stars,2021-03-02,270,github
https://github.com/kdeldycke/awesome-engineering-team-management,stars,2021-03-03,273,github
https://github.com/kdeldycke/awesome-engineering-team-management,stars,2021-03-04,283,github
https://github.com/kdeldycke/awesome-engineering-team-management,stars,2021-03-05,286,github
https://github.com/kdeldycke/awesome-engineering-team-management,stars,2021-03-07,290,github
https://github.com/kdeldycke/awesome-engineering-team-management,stars,2021-03-08,298,github
https://github.com/kdeldycke/awesome-engineering-team-management,stars,2021-03-09,300,github
https://github.com/kdeldycke/awesome-engineering-team-management,stars,2021-03-10,302,github
https://github.com/kdeldycke/awesome-engineering-team-management,stars,2021-03-11,304,github
https://github.com/kdeldycke/awesome-engineering-team-management,stars,2021-03-12,305,github
https://github.com/kdeldycke/awesome-engineering-team-management,stars,2021-03-13,307,github
https://github.com/kdeldycke/awesome-engineering-team-management,stars,2021-03-14,308,github
https://github.com/kdeldycke/awesome-engineering-team-management,stars,2021-03-15,309,github
https://github.com/kdeldycke/awesome-engineering-team-management,stars,2021-03-16,313,github
https://github.com/kdeldycke/awesome-engineering-team-management,stars,2021-03-17,314,github
https://github.com/kdeldycke/awesome-engineering-team-management,stars,2021-03-20,317,github
https://github.com/kdeldycke/awesome-engineering-team-management,stars,2021-03-21,318,github
https://github.com/kdeldycke/awesome-engineering-team-management,stars,2021-03-22,321,github
https://github.com/kdeldycke/awesome-engineering-team-management,stars,2021-03-23,322,github
https://github.com/kdeldycke/awesome-engineering-team-management,stars,2021-03-25,323,github
https://github.com/kdeldycke/awesome-engineering-team-management,stars,2021-03-26,338,github
https://github.com/kdeldycke/awesome-engineering-team-management,stars,2021-03-27,342,github
https://github.com/kdeldycke/awesome-engineering-team-management,stars,2021-03-28,344,github
https://github.com/kdeldycke/awesome-engineering-team-management,stars,2021-03-29,346,github
https://github.com/kdeldycke/awesome-engineering-team-management,stars,2021-03-30,348,github
https://github.com/kdeldycke/awesome-engineering-team-management,stars,2021-03-31,350,github
https://github.com/kdeldycke/awesome-engineering-team-management,stars,2021-04-01,351,github
https://github.com/kdeldycke/awesome-engineering-team-management,stars,2021-04-02,352,github
https://github.com/kdeldycke/awesome-engineering-team-management,stars,2021-04-03,353,github
https://github.com/kdeldycke/awesome-engineering-team-management,stars,2021-04-04,354,github
https://github.com/kdeldycke/awesome-engineering-team-management,stars,2021-04-05,355,github
https://github.com/kdeldycke/awesome-engineering-team-management,stars,2021-04-09,356,github
https://github.com/kdeldycke/awesome-engineering-team-management,stars,2021-04-12,357,github
https://github.com/kdeldycke/awesome-engineering-team-management,stars,2021-04-13,358,github
https://github.com/kdeldycke/awesome-engineering-team-management,stars,2021-04-15,359,github
https://github.com/kdeldycke/awesome-engineering-team-management,stars,2021-04-16,360,github
https://github.com/kdeldycke/awesome-engineering-team-management,stars,2021-04-17,361,github
https://github.com/kdeldycke/awesome-engineering-team-management,stars,2021-04-18,363,github
https://github.com/kdeldycke/awesome-engineering-team-management,stars,2021-04-19,378,github
https://github.com/kdeldycke/awesome-engineering-team-management,stars,2021-04-20,389,github
https://github.com/kdeldycke/awesome-engineering-team-management,stars,2021-04-21,392,github
https://github.com/kdeldycke/awesome-engineering-team-management,stars,2021-04-22,393,github
https://github.com/kdeldycke/awesome-engineering-team-management,stars,2021-04-24,395,github
https://github.com/kdeldycke/awesome-engineering-team-management,stars,2021-04-25,399,github
https://github.com/kdeldycke/awesome-engineering-team-management,stars,2021-04-26,400,github
https://github.com/kdeldycke/awesome-engineering-team-management,stars,2021-04-27,401,github
https://github.com/kdeldycke/awesome-engineering-team-management,stars,2021-04-28,402,github
https://github.com/kdeldycke/awesome-engineering-team-management,stars,2021-04-29,403,github
https://github.com/kdeldycke/awesome-engineering-team-management,stars,2021-04-30,404,github
https://github.com/kdeldycke/awesome-engineering-team-management,stars,2021-05-01,406,github
https://github.com/kdeldycke/awesome-engineering-team-management,stars,2021-05-02,407,github
https://github.com/kdeldycke/awesome-engineering-team-management,stars,2021-05-03,411,github
https://github.com/kdeldycke/awesome-engineering-team-management,stars,2021-05-04,412,github
https://github.com/kdeldycke/awesome-engineering-team-management,stars,2021-05-05,414,github
https://github.com/kdeldycke/awesome-engineering-team-management,stars,2021-05-06,416,github
https://github.com/kdeldycke/awesome-engineering-team-management,stars,2021-05-07,417,github
https://github.com/kdeldycke/awesome-engineering-team-management,stars,2021-05-08,418,github
https://github.com/kdeldycke/awesome-engineering-team-management,stars,2021-05-10,420,github
https://github.com/kdeldycke/awesome-engineering-team-management,stars,2021-05-12,421,github
https://github.com/kdeldycke/awesome-engineering-team-management,stars,2021-05-13,422,github
https://github.com/kdeldycke/awesome-engineering-team-management,stars,2021-05-14,423,github
https://github.com/kdeldycke/awesome-engineering-team-management,stars,2021-05-16,425,github
https://github.com/kdeldycke/awesome-engineering-team-management,stars,2021-05-17,430,github
https://github.com/kdeldycke/awesome-engineering-team-management,stars,2021-05-18,431,github
https://github.com/kdeldycke/awesome-engineering-team-management,stars,2021-05-19,434,github
https://github.com/kdeldycke/awesome-engineering-team-management,stars,2021-05-20,436,github
https://github.com/kdeldycke/awesome-engineering-team-management,stars,2021-05-21,438,github
https://github.com/kdeldycke/awesome-engineering-team-management,stars,2021-05-22,439,github
https://github.com/kdeldycke/awesome-engineering-team-management,stars,2021-05-23,440,github
https://github.com/kdeldycke/awesome-engineering-team-management,stars,2021-05-24,441,github
https://github.com/kdeldycke/awesome-engineering-team-management,stars,2021-05-25,445,github
https://github.com/kdeldycke/awesome-engineering-team-management,stars,2021-05-28,447,github
https://github.com/kdeldycke/awesome-engineering-team-management,stars,2021-05-31,448,github
https://github.com/kdeldycke/awesome-engineering-team-management,stars,2021-06-02,450,github
https://github.com/kdeldycke/awesome-engineering-team-management,stars,2021-06-03,453,github
https://github.com/kdeldycke/awesome-engineering-team-management,stars,2021-06-05,457,github
https://github.com/kdeldycke/awesome-engineering-team-management,stars,2021-06-07,460,github
https://github.com/kdeldycke/awesome-engineering-team-management,stars,2021-06-08,461,github
https://github.com/kdeldycke/awesome-engineering-team-management,stars,2021-06-09,463,github
https://github.com/kdeldycke/awesome-engineering-team-management,stars,2021-06-13,464,github
https://github.com/kdeldycke/awesome-engineering-team-management,stars,2021-06-14,465,github
https://github.com/kdeldycke/awesome-engineering-team-management,stars,2021-06-15,467,github
https://github.com/kdeldycke/awesome-engineering-team-management,stars,2021-06-16,470,github
https://github.com/kdeldycke/awesome-engineering-team-management,stars,2021-06-17,472,github
https://github.com/kdeldycke/awesome-engineering-team-management,stars,2021-06-18,473,github
https://github.com/kdeldycke/awesome-engineering-team-management,stars,2021-06-19,481,github
https://github.com/kdeldycke/awesome-engineering-team-management,stars,2021-06-20,486,github
https://github.com/kdeldycke/awesome-engineering-team-management,stars,2021-06-21,489,github
https://github.com/kdeldycke/awesome-engineering-team-management,stars,2021-06-22,490,github
https://github.com/kdeldycke/awesome-engineering-team-management,stars,2021-06-23,491,github
https://github.com/kdeldycke/awesome-engineering-team-management,stars,2021-06-25,495,github
https://github.com/kdeldycke/awesome-engineering-team-management,stars,2021-06-26,497,github
https://github.com/kdeldycke/awesome-engineering-team-management,stars,2021-06-28,499,github
https://github.com/kdeldycke/awesome-engineering-team-management,stars,2021-06-29,500,github
https://github.com/kdeldycke/awesome-engineering-team-management,stars,2021-06-30,501,github
https://github.com/kdeldycke/awesome-engineering-team-management,stars,2021-07-01,502,github
https://github.com/kdeldycke/awesome-engineering-team-management,stars,2021-07-03,503,github
https://github.com/kdeldycke/awesome-engineering-team-management,stars,2021-07-04,505,github
https://github.com/kdeldycke/awesome-engineering-team-management,stars,2021-07-05,507,github
https://github.com/kdeldycke/awesome-engineering-team-management,stars,2021-07-06,511,github
https://github.com/kdeldycke/awesome-engineering-team-management,stars,2021-07-07,512,github
https://github.com/kdeldycke/awesome-engineering-team-management,stars,2021-07-08,513,github
https://github.com/kdeldycke/awesome-engineering-team-management,stars,2021-07-11,515,github
https://github.com/kdeldycke/awesome-engineering-team-management,stars,2021-07-13,517,github
https://github.com/kdeldycke/awesome-engineering-team-management,stars,2021-07-14,520,github
https://github.com/kdeldycke/awesome-engineering-team-management,stars,2021-07-16,521,github
https://github.com/kdeldycke/awesome-engineering-team-management,stars,2021-07-17,523,github
https://github.com/kdeldycke/awesome-engineering-team-management,stars,2021-07-18,526,github
https://github.com/kdeldycke/awesome-engineering-team-management,stars,2021-07-20,527,github
https://github.com/kdeldycke/awesome-engineering-team-management,stars,2021-07-22,528,github
https://github.com/kdeldycke/awesome-engineering-team-management,stars,2021-07-24,529,github
https://github.com/kdeldycke/awesome-engineering-team-management,stars,2021-07-25,531,github
https://github.com/kdeldycke/awesome-engineering-team-management,stars,2021-07-26,533,github
https://github.com/kdeldycke/awesome-engineering-team-management,stars,2021-07-27,534,github
https://github.com/kdeldycke/awesome-engineering-team-management,stars,2021-08-02,535,github
https://github.com/kdeldycke/awesome-engineering-team-management,stars,2021-08-04,537,github
https://github.com/kdeldycke/awesome-engineering-team-management,stars,2021-08-05,539,github
https://github.com/kdeldycke/awesome-engineering-team-management,stars,2021-08-06,540,github
https://github.com/kdeldycke/awesome-engineering-team-management,stars,2021-08-08,542,github
https://github.com/kdeldycke/awesome-engineering-team-management,stars,2021-08-09,544,github
https://github.com/kdeldycke/awesome-engineering-team-management,stars,2021-08-10,545,github
https://github.com/kdeldycke/awesome-engineering-team-management,stars,2021-08-11,547,github
https://github.com/kdeldycke/awesome-engineering-team-management,stars,2021-08-12,550,github
https://github.com/kdeldycke/awesome-engineering-team-management,stars,2021-08-14,551,github
https://github.com/kdeldycke/awesome-engineering-team-management,stars,2021-08-15,553,github
https://github.com/kdeldycke/awesome-engineering-team-management,stars,2021-08-16,555,github
https://github.com/kdeldycke/awesome-engineering-team-management,stars,2021-08-17,558,github
https://github.com/kdeldycke/awesome-engineering-team-management,stars,2021-08-18,560,github
https://github.com/kdeldycke/awesome-engineering-team-management,stars,2021-08-20,561,github
https://github.com/kdeldycke/awesome-engineering-team-management,stars,2021-08-24,562,github
https://github.com/kdeldycke/awesome-engineering-team-management,stars,2021-08-30,563,github
https://github.com/kdeldycke/awesome-engineering-team-management,stars,2021-09-02,564,github
https://github.com/kdeldycke/awesome-engineering-team-management,stars,2021-09-08,567,github
https://github.com/kdeldycke/awesome-engineering-team-management,stars,2021-09-09,568,github
https://github.com/kdeldycke/awesome-engineering-team-management,stars,2021-09-10,569,github
https://github.com/kdeldycke/awesome-engineering-team-management,stars,2021-09-11,572,github
https://github.com/kdeldycke/awesome-engineering-team-management,stars,2021-09-12,573,github
https://github.com/kdeldycke/awesome-engineering-team-management,stars,2021-09-13,575,github
https://github.com/kdeldycke/awesome-engineering-team-management,stars,2021-09-14,598,github
https://github.com/kdeldycke/awesome-engineering-team-management,stars,2021-09-15,601,github
https://github.com/kdeldycke/awesome-engineering-team-management,stars,2021-09-16,603,github
https://github.com/kdeldycke/awesome-engineering-team-management,stars,2021-09-17,605,github
https://github.com/kdeldycke/awesome-engineering-team-management,stars,2021-09-19,606,github
https://github.com/kdeldycke/awesome-engineering-team-management,stars,2021-09-20,608,github
https://github.com/kdeldycke/awesome-engineering-team-management,stars,2021-09-21,609,github
https://github.com/kdeldycke/awesome-engineering-team-management,stars,2021-09-22,610,github
https://github.com/kdeldycke/awesome-engineering-team-management,stars,2021-09-23,611,github
https://github.com/kdeldycke/awesome-engineering-team-management,stars,2021-09-24,612,github
https://github.com/kdeldycke/awesome-engineering-team-management,stars,2021-09-28,614,github
https://github.com/kdeldycke/awesome-engineering-team-management,stars,2021-09-29,619,github
https://github.com/kdeldycke/awesome-engineering-team-management,stars,2021-09-30,622,github
https://github.com/kdeldycke/awesome-engineering-team-management,stars,2021-10-01,625,github
https://github.com/kdeldycke/awesome-engineering-team-management,stars,2021-10-02,626,github
https://github.com/kdeldycke/awesome-engineering-team-management,stars,2021-10-03,628,github
https://github.com/kdeldycke/awesome-engineering-team-management,stars,2021-10-04,630,github
https://github.com/kdeldycke/awesome-engineering-team-management,stars,2021-10-06,634,github
https://github.com/kdeldycke/awesome-engineering-team-management,stars,2021-10-07,637,github
https://github.com/kdeldycke/awesome-engineering-team-management,stars,2021-10-09,638,github
https://github.com/kdeldycke/awesome-engineering-team-management,stars,2021-10-10,640,github
https://github.com/kdeldycke/awesome-engineering-team-management,stars,2021-10-12,641,github
https://github.com/kdeldycke/awesome-engineering-team-management,stars,2021-10-13,643,github
https://github.com/kdeldycke/awesome-engineering-team-management,stars,2021-10-15,645,github
https://github.com/kdeldycke/awesome-engineering-team-management,stars,2021-10-16,646,github
https://github.com/kdeldycke/awesome-engineering-team-management,stars,2021-10-17,648,github
https://github.com/kdeldycke/awesome-engineering-team-management,stars,2021-10-18,655,github
https://github.com/kdeldycke/awesome-engineering-team-management,stars,2021-10-19,658,github
https://github.com/kdeldycke/awesome-engineering-team-management,stars,2021-10-20,659,github
https://github.com/kdeldycke/awesome-engineering-team-management,stars,2021-10-21,662,github
https://github.com/kdeldycke/awesome-engineering-team-management,stars,2021-10-22,666,github
https://github.com/kdeldycke/awesome-engineering-team-management,stars,2021-10-23,668,github
https://github.com/kdeldycke/awesome-engineering-team-management,stars,2021-10-24,670,github
https://github.com/kdeldycke/awesome-engineering-team-management,stars,2021-10-25,672,github
https://github.com/kdeldycke/awesome-engineering-team-management,stars,2021-10-26,674,github
https://github.com/kdeldycke/awesome-engineering-team-management,stars,2021-10-27,675,github
https://github.com/kdeldycke/awesome-engineering-team-management,stars,2021-10-31,676,github
https://github.com/kdeldycke/awesome-engineering-team-management,stars,2021-11-01,677,github
https://github.com/kdeldycke/awesome-engineering-team-management,stars,2021-11-02,679,github
https://github.com/kdeldycke/awesome-engineering-team-management,stars,2021-11-03,681,github
https://github.com/kdeldycke/awesome-engineering-team-management,stars,2021-11-04,682,github
https://github.com/kdeldycke/awesome-engineering-team-management,stars,2021-11-05,684,github
https://github.com/kdeldycke/awesome-engineering-team-management,stars,2021-11-06,686,github
https://github.com/kdeldycke/awesome-engineering-team-management,stars,2021-11-07,687,github
https://github.com/kdeldycke/awesome-engineering-team-management,stars,2021-11-09,689,github
https://github.com/kdeldycke/awesome-engineering-team-management,stars,2021-11-11,696,github
https://github.com/kdeldycke/awesome-engineering-team-management,stars,2021-11-13,697,github
https://github.com/kdeldycke/awesome-engineering-team-management,stars,2021-11-16,699,github
https://github.com/kdeldycke/awesome-engineering-team-management,stars,2021-11-18,702,github
https://github.com/kdeldycke/awesome-engineering-team-management,stars,2021-11-21,704,github
https://github.com/kdeldycke/awesome-engineering-team-management,stars,2021-11-30,706,github
https://github.com/kdeldycke/awesome-engineering-team-management,stars,2021-12-01,707,github
https://github.com/kdeldycke/awesome-engineering-team-management,stars,2021-12-03,708,github
https://github.com/kdeldycke/awesome-engineering-team-management,stars,2021-12-09,709,github
https://github.com/kdeldycke/awesome-engineering-team-management,stars,2021-12-10,710,github
https://github.com/kdeldycke/awesome-engineering-team-management,stars,2021-12-12,711,github
https://github.com/kdeldycke/awesome-engineering-team-management,stars,2021-12-13,713,github
https://github.com/kdeldycke/awesome-engineering-team-management,stars,2021-12-14,714,github
https://github.com/kdeldycke/awesome-engineering-team-management,stars,2021-12-20,718,github
https://github.com/kdeldycke/awesome-engineering-team-management,stars,2021-12-21,719,github
https://github.com/kdeldycke/awesome-engineering-team-management,stars,2021-12-25,720,github
https://github.com/kdeldycke/awesome-engineering-team-management,stars,2021-12-27,722,github
https://github.com/kdeldycke/awesome-engineering-team-management,stars,2021-12-29,725,github
https://github.com/kdeldycke/awesome-engineering-team-management,stars,2021-12-30,726,github
https://github.com/kdeldycke/awesome-engineering-team-management,stars,2021-12-31,728,github
https://github.com/kdeldycke/awesome-engineering-team-management,stars,2022-01-01,729,github
https://github.com/kdeldycke/awesome-engineering-team-management,stars,2022-01-02,735,github
https://github.com/kdeldycke/awesome-engineering-team-management,stars,2022-01-03,739,github
https://github.com/kdeldycke/awesome-engineering-team-management,stars,2022-01-04,741,github
https://github.com/kdeldycke/awesome-engineering-team-management,stars,2022-01-05,743,github
https://github.com/kdeldycke/awesome-engineering-team-management,stars,2022-01-06,744,github
https://github.com/kdeldycke/awesome-engineering-team-management,stars,2022-01-07,745,github
https://github.com/kdeldycke/awesome-engineering-team-management,stars,2022-01-09,746,github
https://github.com/kdeldycke/awesome-engineering-team-management,stars,2022-01-10,748,github
https://github.com/kdeldycke/awesome-engineering-team-management,stars,2022-01-11,750,github
https://github.com/kdeldycke/awesome-engineering-team-management,stars,2022-01-12,751,github
https://github.com/kdeldycke/awesome-engineering-team-management,stars,2022-01-13,752,github
https://github.com/kdeldycke/awesome-engineering-team-management,stars,2022-01-17,756,github
https://github.com/kdeldycke/awesome-engineering-team-management,stars,2022-01-18,758,github
https://github.com/kdeldycke/awesome-engineering-team-management,stars,2022-01-20,760,github
https://github.com/kdeldycke/awesome-engineering-team-management,stars,2022-01-21,761,github
https://github.com/kdeldycke/awesome-engineering-team-management,stars,2022-01-22,762,github
https://github.com/kdeldycke/awesome-engineering-team-management,stars,2022-01-23,765,github
https://github.com/kdeldycke/awesome-engineering-team-management,stars,2022-01-25,768,github
https://github.com/kdeldycke/awesome-engineering-team-management,stars,2022-01-26,769,github
https://github.com/kdeldycke/awesome-engineering-team-management,stars,2022-01-27,770,github
https://github.com/kdeldycke/awesome-engineering-team-management,stars,2022-01-28,771,github
https://github.com/kdeldycke/awesome-engineering-team-management,stars,2022-01-29,773,github
https://github.com/kdeldycke/awesome-engineering-team-management,stars,2022-01-31,774,github
https://github.com/kdeldycke/awesome-engineering-team-management,stars,2022-02-02,775,github
https://github.com/kdeldycke/awesome-engineering-team-management,stars,2022-02-03,776,github
https://github.com/kdeldycke/awesome-engineering-team-management,stars,2022-02-04,779,github
https://github.com/kdeldycke/awesome-engineering-team-management,stars,2022-02-05,780,github
https://github.com/kdeldycke/awesome-engineering-team-management,stars,2022-02-06,781,github
https://github.com/kdeldycke/awesome-engineering-team-management,stars,2022-02-07,784,github
https://github.com/kdeldycke/awesome-engineering-team-management,stars,2022-02-08,786,github
https://github.com/kdeldycke/awesome-engineering-team-management,stars,2022-02-09,790,github
https://github.com/kdeldycke/awesome-engineering-team-management,stars,2022-02-10,792,github
https://github.com/kdeldycke/awesome-engineering-team-management,stars,2022-02-14,794,github
https://github.com/kdeldycke/awesome-engineering-team-management,stars,2022-02-15,795,github
https://github.com/kdeldycke/awesome-engineering-team-management,stars,2022-02-16,796,github
https://github.com/kdeldycke/awesome-engineering-team-management,stars,2022-02-17,799,github
https://github.com/kdeldycke/awesome-engineering-team-management,stars,2022-02-18,801,github
https://github.com/kdeldycke/awesome-engineering-team-management,stars,2022-02-20,805,github
https://github.com/kdeldycke/awesome-engineering-team-management,stars,2022-02-21,807,github
https://github.com/kdeldycke/awesome-engineering-team-management,stars,2022-02-23,809,github
https://github.com/kdeldycke/awesome-engineering-team-management,stars,2022-02-24,810,github
https://github.com/kdeldycke/awesome-engineering-team-management,stars,2022-02-25,812,github
https://github.com/kdeldycke/awesome-engineering-team-management,stars,2022-02-26,813,github
https://github.com/kdeldycke/awesome-engineering-team-management,stars,2022-02-27,814,github
https://github.com/kdeldycke/awesome-engineering-team-management,stars,2022-02-28,818,github
https://github.com/kdeldycke/awesome-engineering-team-management,stars,2022-03-01,823,github
https://github.com/kdeldycke/awesome-engineering-team-management,stars,2022-03-05,824,github
https://github.com/kdeldycke/awesome-engineering-team-management,stars,2022-03-07,827,github
https://github.com/kdeldycke/awesome-engineering-team-management,stars,2022-03-08,830,github
https://github.com/kdeldycke/awesome-engineering-team-management,stars,2022-03-09,832,github
https://github.com/kdeldycke/awesome-engineering-team-management,stars,2022-03-10,834,github
https://github.com/kdeldycke/awesome-engineering-team-management,stars,2022-03-12,835,github
https://github.com/kdeldycke/awesome-engineering-team-management,stars,2022-03-13,837,github
https://github.com/kdeldycke/awesome-engineering-team-management,stars,2022-03-14,839,github
https://github.com/kdeldycke/awesome-engineering-team-management,stars,2022-03-15,840,github
https://github.com/kdeldycke/awesome-engineering-team-management,stars,2022-03-16,842,github
https://github.com/kdeldycke/awesome-engineering-team-management,stars,2022-03-17,844,github
https://github.com/kdeldycke/awesome-engineering-team-management,stars,2022-03-18,847,github
https://github.com/kdeldycke/awesome-engineering-team-management,stars,2022-03-22,850,github
https://github.com/kdeldycke/awesome-engineering-team-management,stars,2022-03-23,851,github
https://github.com/kdeldycke/awesome-engineering-team-management,stars,2022-03-24,853,github
https://github.com/kdeldycke/awesome-engineering-team-management,stars,2022-03-25,856,github
https://github.com/kdeldycke/awesome-engineering-team-management,stars,2022-03-26,859,github
https://github.com/kdeldycke/awesome-engineering-team-management,stars,2022-03-27,860,github
https://github.com/kdeldycke/awesome-engineering-team-management,stars,2022-03-28,861,github
https://github.com/kdeldycke/awesome-engineering-team-management,stars,2022-03-29,863,github
https://github.com/kdeldycke/awesome-engineering-team-management,stars,2022-03-30,865,github
https://github.com/kdeldycke/awesome-engineering-team-management,stars,2022-03-31,867,github
https://github.com/kdeldycke/awesome-engineering-team-management,stars,2022-04-01,868,github
https://github.com/kdeldycke/awesome-engineering-team-management,stars,2022-04-02,871,github
https://github.com/kdeldycke/awesome-engineering-team-management,stars,2022-04-05,872,github
https://github.com/kdeldycke/awesome-engineering-team-management,stars,2022-04-06,874,github
https://github.com/kdeldycke/awesome-engineering-team-management,stars,2022-04-07,877,github
https://github.com/kdeldycke/awesome-engineering-team-management,stars,2022-04-08,880,github
https://github.com/kdeldycke/awesome-engineering-team-management,stars,2022-04-10,881,github
https://github.com/kdeldycke/awesome-engineering-team-management,stars,2022-04-11,882,github
https://github.com/kdeldycke/awesome-engineering-team-management,stars,2022-04-12,885,github
https://github.com/kdeldycke/awesome-engineering-team-management,stars,2022-04-13,888,github
https://github.com/kdeldycke/awesome-engineering-team-management,stars,2022-04-14,890,github
https://github.com/kdeldycke/awesome-engineering-team-management,stars,2022-04-15,891,github
https://github.com/kdeldycke/awesome-engineering-team-management,stars,2022-04-16,892,github
https://github.com/kdeldycke/awesome-engineering-team-management,stars,2022-04-19,894,github
https://github.com/kdeldycke/awesome-engineering-team-management,stars,2022-04-20,895,github
https://github.com/kdeldycke/awesome-engineering-team-management,stars,2022-04-21,896,github
https://github.com/kdeldycke/awesome-engineering-team-management,stars,2022-04-22,898,github
https://github.com/kdeldycke/awesome-engineering-team-management,stars,2022-04-24,900,github
https://github.com/kdeldycke/awesome-engineering-team-management,stars,2022-04-25,902,github
https://github.com/kdeldycke/awesome-engineering-team-management,stars,2022-04-27,903,github
https://github.com/kdeldycke/awesome-engineering-team-management,stars,2022-04-28,904,github
https://github.com/kdeldycke/awesome-engineering-team-management,stars,2022-04-29,905,github
https://github.com/kdeldycke/awesome-engineering-team-management,stars,2022-04-30,908,github
https://github.com/kdeldycke/awesome-engineering-team-management,stars,2022-05-01,914,github
https://github.com/kdeldycke/awesome-engineering-team-management,stars,2022-05-02,919,github
https://github.com/kdeldycke/awesome-engineering-team-management,stars,2022-05-03,923,github
https://github.com/kdeldycke/awesome-engineering-team-management,stars,2022-05-04,924,github
https://github.com/kdeldycke/awesome-engineering-team-management,stars,2022-05-05,925,github
https://github.com/kdeldycke/awesome-engineering-team-management,stars,2022-05-07,928,github
https://github.com/kdeldycke/awesome-engineering-team-management,stars,2022-05-08,929,github
https://github.com/kdeldycke/awesome-engineering-team-management,stars,2022-05-10,932,github
https://github.com/kdeldycke/awesome-engineering-team-management,stars,2022-05-11,936,github
https://github.com/kdeldycke/awesome-engineering-team-management,stars,2022-05-13,937,github
https://github.com/kdeldycke/awesome-engineering-team-management,stars,2022-05-15,938,github
https://github.com/kdeldycke/awesome-engineering-team-management,stars,2022-05-16,940,github
https://github.com/kdeldycke/awesome-engineering-team-management,stars,2022-05-18,941,github
https://github.com/kdeldycke/awesome-engineering-team-management,stars,2022-05-19,948,github
https://github.com/kdeldycke/awesome-engineering-team-management,stars,2022-05-21,949,github
https://github.com/kdeldycke/awesome-engineering-team-management,stars,2022-05-22,951,github
https://github.com/kdeldycke/awesome-engineering-team-management,stars,2022-05-23,952,github
https://github.com/kdeldycke/awesome-engineering-team-management,stars,2022-05-24,954,github
https://github.com/kdeldycke/awesome-engineering-team-management,stars,2022-05-25,956,github
https://github.com/kdeldycke/awesome-engineering-team-management,stars,2022-05-26,958,github
https://github.com/kdeldycke/awesome-engineering-team-management,stars,2022-05-27,959,github
https://github.com/kdeldycke/awesome-engineering-team-management,stars,2022-05-28,962,github
https://github.com/kdeldycke/awesome-engineering-team-management,stars,2022-05-30,964,github
https://github.com/kdeldycke/awesome-engineering-team-management,stars,2022-06-02,965,github
https://github.com/kdeldycke/awesome-engineering-team-management,stars,2022-06-03,966,github
https://github.com/kdeldycke/awesome-engineering-team-management,stars,2022-06-04,967,github
https://github.com/kdeldycke/awesome-engineering-team-management,stars,2022-06-06,968,github
https://github.com/kdeldycke/awesome-engineering-team-management,stars,2022-06-08,969,github
https://github.com/kdeldycke/awesome-engineering-team-management,stars,2022-06-09,971,github
https://github.com/kdeldycke/awesome-engineering-team-management,stars,2022-06-11,973,github
https://github.com/kdeldycke/awesome-engineering-team-management,stars,2022-06-14,975,github
https://github.com/kdeldycke/awesome-engineering-team-management,stars,2022-06-17,976,github
https://github.com/kdeldycke/awesome-engineering-team-management,stars,2022-06-20,977,github
https://github.com/kdeldycke/awesome-engineering-team-management,stars,2022-06-21,979,github
https://github.com/kdeldycke/awesome-engineering-team-management,stars,2022-06-22,981,github
https://github.com/kdeldycke/awesome-engineering-team-management,stars,2022-06-23,982,github
https://github.com/kdeldycke/awesome-engineering-team-management,stars,2022-06-24,983,github
https://github.com/kdeldycke/awesome-engineering-team-management,stars,2022-06-26,985,github
https://github.com/kdeldycke/awesome-engineering-team-management,stars,2022-06-28,986,github
https://github.com/kdeldycke/awesome-engineering-team-management,stars,2022-06-30,987,github
https://github.com/kdeldycke/awesome-engineering-team-management,stars,2022-07-01,988,github
https://github.com/kdeldycke/awesome-engineering-team-management,stars,2022-07-02,990,github
https://github.com/kdeldycke/awesome-engineering-team-management,stars,2022-07-03,991,github
https://github.com/kdeldycke/awesome-engineering-team-management,stars,2022-07-04,993,github
https://github.com/kdeldycke/awesome-engineering-team-management,stars,2022-07-08,995,github
https://github.com/kdeldycke/awesome-engineering-team-management,stars,2022-07-09,998,github
https://github.com/kdeldycke/awesome-engineering-team-management,stars,2022-07-10,999,github
https://github.com/kdeldycke/awesome-engineering-team-management,stars,2022-07-11,1001,github
https://github.com/kdeldycke/awesome-engineering-team-management,stars,2022-07-12,1002,github
https://github.com/kdeldycke/awesome-engineering-team-management,stars,2022-07-13,1005,github
https://github.com/kdeldycke/awesome-engineering-team-management,stars,2022-07-14,1006,github
https://github.com/kdeldycke/awesome-engineering-team-management,stars,2022-07-15,1007,github
https://github.com/kdeldycke/awesome-engineering-team-management,stars,2022-07-16,1008,github
https://github.com/kdeldycke/awesome-engineering-team-management,stars,2022-07-17,1009,github
https://github.com/kdeldycke/awesome-engineering-team-management,stars,2022-07-18,1011,github
https://github.com/kdeldycke/awesome-engineering-team-management,stars,2022-07-19,1013,github
https://github.com/kdeldycke/awesome-engineering-team-management,stars,2022-07-20,1015,github
https://github.com/kdeldycke/awesome-engineering-team-management,stars,2022-07-21,1016,github
https://github.com/kdeldycke/awesome-engineering-team-management,stars,2022-07-22,1017,github
https://github.com/kdeldycke/awesome-engineering-team-management,stars,2022-07-23,1018,github
https://github.com/kdeldycke/awesome-engineering-team-management,stars,2022-07-24,1019,github
https://github.com/kdeldycke/awesome-engineering-team-management,stars,2022-07-25,1021,github
https://github.com/kdeldycke/awesome-engineering-team-management,stars,2022-07-26,1022,github
https://github.com/kdeldycke/awesome-engineering-team-management,stars,2022-07-28,1024,github
https://github.com/kdeldycke/awesome-engineering-team-management,stars,2022-07-29,1026,github
https://github.com/kdeldycke/awesome-engineering-team-management,stars,2022-07-30,1027,github
https://github.com/kdeldycke/awesome-engineering-team-management,stars,2022-07-31,1028,github
https://github.com/kdeldycke/awesome-engineering-team-management,stars,2022-08-01,1030,github
https://github.com/kdeldycke/awesome-engineering-team-management,stars,2022-08-02,1031,github
https://github.com/kdeldycke/awesome-engineering-team-management,stars,2022-08-04,1038,github
https://github.com/kdeldycke/awesome-engineering-team-management,stars,2022-08-05,1039,github
https://github.com/kdeldycke/awesome-engineering-team-management,stars,2022-08-09,1041,github
https://github.com/kdeldycke/awesome-engineering-team-management,stars,2022-08-10,1042,github
https://github.com/kdeldycke/awesome-engineering-team-management,stars,2022-08-11,1043,github
https://github.com/kdeldycke/awesome-engineering-team-management,stars,2022-08-12,1046,github
https://github.com/kdeldycke/awesome-engineering-team-management,stars,2022-08-15,1048,github
https://github.com/kdeldycke/awesome-engineering-team-management,stars,2022-08-16,1051,github
https://github.com/kdeldycke/awesome-engineering-team-management,stars,2022-08-18,1055,github
https://github.com/kdeldycke/awesome-engineering-team-management,stars,2022-08-19,1057,github
https://github.com/kdeldycke/awesome-engineering-team-management,stars,2022-08-22,1058,github
https://github.com/kdeldycke/awesome-engineering-team-management,stars,2022-08-23,1063,github
https://github.com/kdeldycke/awesome-engineering-team-management,stars,2022-08-25,1069,github
https://github.com/kdeldycke/awesome-engineering-team-management,stars,2022-08-27,1072,github
https://github.com/kdeldycke/awesome-engineering-team-management,stars,2022-08-29,1073,github
https://github.com/kdeldycke/awesome-engineering-team-management,stars,2022-08-30,1075,github
https://github.com/kdeldycke/awesome-engineering-team-management,stars,2022-09-07,1077,github
https://github.com/kdeldycke/awesome-engineering-team-management,stars,2022-09-08,1080,github
https://github.com/kdeldycke/awesome-engineering-team-management,stars,2022-09-10,1082,github
https://github.com/kdeldycke/awesome-engineering-team-management,stars,2022-09-11,1083,github
https://github.com/kdeldycke/awesome-engineering-team-management,stars,2022-09-12,1085,github
https://github.com/kdeldycke/awesome-engineering-team-management,stars,2022-09-15,1087,github
https://github.com/kdeldycke/awesome-engineering-team-management,stars,2022-09-17,1088,github
https://github.com/kdeldycke/awesome-engineering-team-management,stars,2022-09-18,1089,github
https://github.com/kdeldycke/awesome-engineering-team-management,stars,2022-09-20,1090,github
https://github.com/kdeldycke/awesome-engineering-team-management,stars,2022-09-23,1093,github
https://github.com/kdeldycke/awesome-engineering-team-management,stars,2022-09-26,1094,github
https://github.com/kdeldycke/awesome-engineering-team-management,stars,2022-09-27,1096,github
https://github.com/kdeldycke/awesome-engineering-team-management,stars,2022-09-28,1097,github
https://github.com/kdeldycke/awesome-engineering-team-management,stars,2022-09-29,1098,github
https://github.com/kdeldycke/awesome-engineering-team-management,stars,2022-09-30,1099,github
https://github.com/kdeldycke/awesome-engineering-team-management,stars,2022-10-01,1100,github
https://github.com/kdeldycke/awesome-engineering-team-management,stars,2022-10-02,1101,github
https://github.com/kdeldycke/awesome-engineering-team-management,stars,2022-10-03,1102,github
https://github.com/kdeldycke/awesome-engineering-team-management,stars,2022-10-05,1103,github
https://github.com/kdeldycke/awesome-engineering-team-management,stars,2022-10-06,1104,github
https://github.com/kdeldycke/awesome-engineering-team-management,stars,2022-10-07,1105,github
https://github.com/kdeldycke/awesome-engineering-team-management,stars,2022-10-08,1106,github
https://github.com/kdeldycke/awesome-engineering-team-management,stars,2022-10-10,1108,github
https://github.com/kdeldycke/awesome-engineering-team-management,stars,2022-10-11,1109,github
https://github.com/kdeldycke/awesome-engineering-team-management,stars,2022-10-12,1115,github
https://github.com/kdeldycke/awesome-engineering-team-management,stars,2022-10-13,1118,github
https://github.com/kdeldycke/awesome-engineering-team-management,stars,2022-10-14,1119,github
https://github.com/kdeldycke/awesome-engineering-team-management,stars,2022-10-16,1120,github
https://github.com/kdeldycke/awesome-engineering-team-management,stars,2022-10-17,1121,github
https://github.com/kdeldycke/awesome-engineering-team-management,stars,2022-10-19,1125,github
https://github.com/kdeldycke/awesome-engineering-team-management,stars,2022-10-22,1126,github
https://github.com/kdeldycke/awesome-engineering-team-management,stars,2022-10-23,1128,github
https://github.com/kdeldycke/awesome-engineering-team-management,stars,2022-10-24,1130,github
https://github.com/kdeldycke/awesome-engineering-team-management,stars,2022-10-25,1135,github
https://github.com/kdeldycke/awesome-engineering-team-management,stars,2022-10-27,1137,github
https://github.com/kdeldycke/awesome-engineering-team-management,stars,2022-10-28,1138,github
https://github.com/kdeldycke/awesome-engineering-team-management,stars,2022-10-29,1139,github
https://github.com/kdeldycke/awesome-engineering-team-management,stars,2022-10-30,1141,github
https://github.com/kdeldycke/awesome-engineering-team-management,stars,2022-10-31,1144,github
https://github.com/kdeldycke/awesome-engineering-team-management,stars,2022-11-01,1145,github
https://github.com/kdeldycke/awesome-engineering-team-management,stars,2022-11-04,1146,github
https://github.com/kdeldycke/awesome-engineering-team-management,stars,2022-11-06,1147,github
https://github.com/kdeldycke/awesome-engineering-team-management,stars,2022-11-07,1152,github
https://github.com/kdeldycke/awesome-engineering-team-management,stars,2022-11-08,1154,github
https://github.com/kdeldycke/awesome-engineering-team-management,stars,2022-11-09,1156,github
https://github.com/kdeldycke/awesome-engineering-team-management,stars,2022-11-10,1157,github
https://github.com/kdeldycke/awesome-engineering-team-management,stars,2022-11-11,1158,github
https://github.com/kdeldycke/awesome-engineering-team-management,stars,2022-11-12,1159,github
https://github.com/kdeldycke/awesome-engineering-team-management,stars,2022-11-13,1161,github
https://github.com/kdeldycke/awesome-engineering-team-management,stars,2022-11-14,1162,github
https://github.com/kdeldycke/awesome-engineering-team-management,stars,2022-11-15,1163,github
https://github.com/kdeldycke/awesome-engineering-team-management,stars,2022-11-16,1164,github
https://github.com/kdeldycke/awesome-engineering-team-management,stars,2022-11-17,1165,github
https://github.com/kdeldycke/awesome-engineering-team-management,stars,2022-11-18,1166,github
https://github.com/kdeldycke/awesome-engineering-team-management,stars,2022-11-19,1168,github
https://github.com/kdeldycke/awesome-engineering-team-management,stars,2022-11-20,1169,github
https://github.com/kdeldycke/awesome-engineering-team-management,stars,2022-11-24,1173,github
https://github.com/kdeldycke/awesome-engineering-team-management,stars,2022-11-26,1174,github
https://github.com/kdeldycke/awesome-engineering-team-management,stars,2022-12-02,1176,github
https://github.com/kdeldycke/awesome-engineering-team-management,stars,2022-12-03,1180,github
https://github.com/kdeldycke/awesome-engineering-team-management,stars,2022-12-04,1182,github
https://github.com/kdeldycke/awesome-engineering-team-management,stars,2022-12-05,1183,github
https://github.com/kdeldycke/awesome-engineering-team-management,stars,2022-12-06,1188,github
https://github.com/kdeldycke/awesome-engineering-team-management,stars,2022-12-07,1190,github
https://github.com/kdeldycke/awesome-engineering-team-management,stars,2022-12-08,1194,github
https://github.com/kdeldycke/awesome-engineering-team-management,stars,2022-12-09,1197,github
https://github.com/kdeldycke/awesome-engineering-team-management,stars,2022-12-10,1198,github
https://github.com/kdeldycke/awesome-engineering-team-management,stars,2022-12-12,1199,github
https://github.com/kdeldycke/awesome-engineering-team-management,stars,2022-12-13,1203,github
https://github.com/kdeldycke/awesome-engineering-team-management,stars,2022-12-14,1204,github
https://github.com/kdeldycke/awesome-engineering-team-management,stars,2022-12-15,1205,github
https://github.com/kdeldycke/awesome-engineering-team-management,stars,2022-12-19,1207,github
https://github.com/kdeldycke/awesome-engineering-team-management,stars,2022-12-20,1209,github
https://github.com/kdeldycke/awesome-engineering-team-management,stars,2022-12-21,1211,github
https://github.com/kdeldycke/awesome-engineering-team-management,stars,2022-12-22,1215,github
https://github.com/kdeldycke/awesome-engineering-team-management,stars,2022-12-24,1217,github
https://github.com/kdeldycke/awesome-engineering-team-management,stars,2022-12-25,1218,github
https://github.com/kdeldycke/awesome-engineering-team-management,stars,2022-12-26,1219,github
https://github.com/kdeldycke/awesome-engineering-team-management,stars,2022-12-27,1224,github
https://github.com/kdeldycke/awesome-engineering-team-management,stars,2022-12-28,1226,github
https://github.com/kdeldycke/awesome-engineering-team-management,stars,2022-12-30,1229,github
https://github.com/kdeldycke/awesome-engineering-team-management,stars,2022-12-31,1230,github
https://github.com/kdeldycke/awesome-engineering-team-management,stars,2023-01-02,1231,github
https://github.com/kdeldycke/awesome-engineering-team-management,stars,2023-01-03,1236,github
https://github.com/kdeldycke/awesome-engineering-team-management,stars,2023-01-04,1237,github
https://github.com/kdeldycke/awesome-engineering-team-management,stars,2023-01-05,1238,github
https://github.com/kdeldycke/awesome-engineering-team-management,stars,2023-01-06,1247,github
https://github.com/kdeldycke/awesome-engineering-team-management,stars,2023-01-08,1251,github
https://github.com/kdeldycke/awesome-engineering-team-management,stars,2023-01-09,1252,github
https://github.com/kdeldycke/awesome-engineering-team-management,stars,2023-01-10,1255,github
https://github.com/kdeldycke/awesome-engineering-team-management,stars,2023-01-12,1256,github
https://github.com/kdeldycke/awesome-engineering-team-management,stars,2023-01-14,1258,github
https://github.com/kdeldycke/awesome-engineering-team-management,stars,2023-01-15,1259,github
https://github.com/kdeldycke/awesome-engineering-team-management,stars,2023-01-16,1260,github
https://github.com/kdeldycke/awesome-engineering-team-management,stars,2023-01-17,1261,github
https://github.com/kdeldycke/awesome-engineering-team-management,stars,2023-01-20,1265,github
https://github.com/kdeldycke/awesome-engineering-team-management,stars,2023-01-21,1266,github
https://github.com/kdeldycke/awesome-engineering-team-management,stars,2023-01-23,1267,github
https://github.com/kdeldycke/awesome-engineering-team-management,stars,2023-01-24,1268,github
https://github.com/kdeldycke/awesome-engineering-team-management,stars,2023-01-26,1271,github
https://github.com/kdeldycke/awesome-engineering-team-management,stars,2023-01-27,1272,github
https://github.com/kdeldycke/awesome-engineering-team-management,stars,2023-01-28,1275,github
https://github.com/kdeldycke/awesome-engineering-team-management,stars,2023-01-29,1277,github
https://github.com/kdeldycke/awesome-engineering-team-management,stars,2023-01-30,1278,github
https://github.com/kdeldycke/awesome-engineering-team-management,stars,2023-01-31,1279,github
https://github.com/kdeldycke/awesome-engineering-team-management,stars,2023-02-01,1281,github
https://github.com/kdeldycke/awesome-engineering-team-management,stars,2023-02-03,1282,github
https://github.com/kdeldycke/awesome-engineering-team-management,stars,2023-02-04,1283,github
https://github.com/kdeldycke/awesome-engineering-team-management,stars,2023-02-05,1285,github
https://github.com/kdeldycke/awesome-engineering-team-management,stars,2023-02-07,1286,github
https://github.com/kdeldycke/awesome-engineering-team-management,stars,2023-02-08,1287,github
https://github.com/kdeldycke/awesome-engineering-team-management,stars,2023-02-09,1289,github
https://github.com/kdeldycke/awesome-engineering-team-management,stars,2023-02-10,1291,github
https://github.com/kdeldycke/awesome-engineering-team-management,stars,2023-02-11,1292,github
https://github.com/kdeldycke/awesome-engineering-team-management,stars,2023-02-12,1294,github
https://github.com/kdeldycke/awesome-engineering-team-management,stars,2023-02-13,1298,github
https://github.com/kdeldycke/awesome-engineering-team-management,stars,2023-02-14,1301,github
https://github.com/kdeldycke/awesome-engineering-team-management,stars,2023-02-16,1303,github
https://github.com/kdeldycke/awesome-engineering-team-management,stars,2023-02-18,1304,github
https://github.com/kdeldycke/awesome-engineering-team-management,stars,2023-02-19,1305,github
https://github.com/kdeldycke/awesome-engineering-team-management,stars,2023-02-20,1306,github
https://github.com/kdeldycke/awesome-engineering-team-management,stars,2023-02-21,1307,github
https://github.com/kdeldycke/awesome-engineering-team-management,stars,2023-02-24,1308,github
https://github.com/kdeldycke/awesome-engineering-team-management,stars,2023-02-28,1312,github
https://github.com/kdeldycke/awesome-engineering-team-management,stars,2023-03-02,1313,github
https://github.com/kdeldycke/awesome-engineering-team-management,stars,2023-03-03,1314,github
https://github.com/kdeldycke/awesome-engineering-team-management,stars,2023-03-04,1315,github
https://github.com/kdeldycke/awesome-engineering-team-management,stars,2023-03-05,1316,github
https://github.com/kdeldycke/awesome-engineering-team-management,stars,2023-03-06,1317,github
https://github.com/kdeldycke/awesome-engineering-team-management,stars,2023-03-09,1318,github
https://github.com/kdeldycke/awesome-engineering-team-management,stars,2023-03-10,1319,github
https://github.com/kdeldycke/awesome-engineering-team-management,stars,2023-03-12,1320,github
https://github.com/kdeldycke/awesome-engineering-team-management,stars,2023-03-13,1322,github
https://github.com/kdeldycke/awesome-engineering-team-management,stars,2023-03-15,1324,github
https://github.com/kdeldycke/awesome-engineering-team-management,stars,2023-03-19,1325,github
https://github.com/kdeldycke/awesome-engineering-team-management,stars,2023-03-21,1326,github
https://github.com/kdeldycke/awesome-engineering-team-management,stars,2023-03-23,1329,github
https://github.com/kdeldycke/awesome-engineering-team-management,stars,2023-03-24,1330,github
https://github.com/kdeldycke/awesome-engineering-team-management,stars,2023-03-26,1331,github
https://github.com/kdeldycke/awesome-engineering-team-management,stars,2023-03-27,1333,github
https://github.com/kdeldycke/awesome-engineering-team-management,stars,2023-03-29,1335,github
https://github.com/kdeldycke/awesome-engineering-team-management,stars,2023-03-30,1336,github
https://github.com/kdeldycke/awesome-engineering-team-management,stars,2023-03-31,1337,github
https://github.com/kdeldycke/awesome-engineering-team-management,stars,2023-04-01,1338,github
https://github.com/kdeldycke/awesome-engineering-team-management,stars,2023-04-03,1340,github
https://github.com/kdeldycke/awesome-engineering-team-management,stars,2023-04-06,1341,github
https://github.com/kdeldycke/awesome-engineering-team-management,stars,2023-04-07,1343,github
https://github.com/kdeldycke/awesome-engineering-team-management,stars,2023-04-08,1345,github
https://github.com/kdeldycke/awesome-engineering-team-management,stars,2023-04-10,1347,github
https://github.com/kdeldycke/awesome-engineering-team-management,stars,2023-04-11,1348,github
https://github.com/kdeldycke/awesome-engineering-team-management,stars,2023-04-13,1350,github
https://github.com/kdeldycke/awesome-engineering-team-management,stars,2023-04-14,1352,github
https://github.com/kdeldycke/awesome-engineering-team-management,stars,2023-04-15,1353,github
https://github.com/kdeldycke/awesome-engineering-team-management,stars,2023-04-17,1356,github
https://github.com/kdeldycke/awesome-engineering-team-management,stars,2023-04-18,1357,github
https://github.com/kdeldycke/awesome-engineering-team-management,stars,2023-04-19,1359,github
https://github.com/kdeldycke/awesome-engineering-team-management,stars,2023-04-23,1360,github
https://github.com/kdeldycke/awesome-engineering-team-management,stars,2023-04-24,1361,github
https://github.com/kdeldycke/awesome-engineering-team-management,stars,2023-04-25,1363,github
https://github.com/kdeldycke/awesome-engineering-team-management,stars,2023-04-26,1364,github
https://github.com/kdeldycke/awesome-engineering-team-management,stars,2023-04-27,1366,github
https://github.com/kdeldycke/awesome-engineering-team-management,stars,2023-05-01,1367,github
https://github.com/kdeldycke/awesome-engineering-team-management,stars,2023-05-02,1369,github
https://github.com/kdeldycke/awesome-engineering-team-management,stars,2023-05-04,1371,github
https://github.com/kdeldycke/awesome-engineering-team-management,stars,2023-05-06,1372,github
https://github.com/kdeldycke/awesome-engineering-team-management,stars,2023-05-07,1376,github
https://github.com/kdeldycke/awesome-engineering-team-management,stars,2023-05-08,1377,github
https://github.com/kdeldycke/awesome-engineering-team-management,stars,2023-05-09,1380,github
https://github.com/kdeldycke/awesome-engineering-team-management,stars,2023-05-10,1382,github
https://github.com/kdeldycke/awesome-engineering-team-management,stars,2023-05-11,1383,github
https://github.com/kdeldycke/awesome-engineering-team-management,stars,2023-05-13,1385,github
https://github.com/kdeldycke/awesome-engineering-team-management,stars,2023-05-14,1386,github
https://github.com/kdeldycke/awesome-engineering-team-management,stars,2023-05-15,1387,github
https://github.com/kdeldycke/awesome-engineering-team-management,stars,2023-05-16,1389,github
https://github.com/kdeldycke/awesome-engineering-team-management,stars,2023-05-17,1390,github
https://github.com/kdeldycke/awesome-engineering-team-management,stars,2023-05-18,1391,github
https://github.com/kdeldycke/awesome-engineering-team-management,stars,2023-05-19,1392,github
https://github.com/kdeldycke/awesome-engineering-team-management,stars,2023-05-20,1394,github
https://github.com/kdeldycke/awesome-engineering-team-management,stars,2023-05-23,1395,github
https://github.com/kdeldycke/awesome-engineering-team-management,stars,2023-05-24,1401,github
https://github.com/kdeldycke/awesome-engineering-team-management,stars,2023-05-26,1403,github
https://github.com/kdeldycke/awesome-engineering-team-management,stars,2023-05-27,1404,github
https://github.com/kdeldycke/awesome-engineering-team-management,stars,2023-05-29,1407,github
https://github.com/kdeldycke/awesome-engineering-team-management,stars,2023-05-30,1410,github
https://github.com/kdeldycke/awesome-engineering-team-management,stars,2023-05-31,1415,github
https://github.com/kdeldycke/awesome-engineering-team-management,stars,2023-06-02,1418,github
https://github.com/kdeldycke/awesome-engineering-team-management,stars,2023-06-04,1419,github
https://github.com/kdeldycke/awesome-engineering-team-management,stars,2023-06-05,1421,github
https://github.com/kdeldycke/awesome-engineering-team-management,stars,2023-06-06,1422,github
https://github.com/kdeldycke/awesome-engineering-team-management,stars,2023-06-07,1424,github
https://github.com/kdeldycke/awesome-engineering-team-management,stars,2023-06-08,1425,github
https://github.com/kdeldycke/awesome-engineering-team-management,stars,2023-06-09,1426,github
https://github.com/kdeldycke/awesome-engineering-team-management,stars,2023-06-10,1428,github
https://github.com/kdeldycke/awesome-engineering-team-management,stars,2023-06-11,1429,github
https://github.com/kdeldycke/awesome-engineering-team-management,stars,2023-06-12,1432,github
https://github.com/kdeldycke/awesome-engineering-team-management,stars,2023-06-13,1434,github
https://github.com/kdeldycke/awesome-engineering-team-management,stars,2023-06-15,1435,github
https://github.com/kdeldycke/awesome-engineering-team-management,stars,2023-06-16,1436,github
https://github.com/kdeldycke/awesome-engineering-team-management,stars,2023-06-17,1438,github
https://github.com/kdeldycke/awesome-engineering-team-management,stars,2023-06-18,1439,github
https://github.com/kdeldycke/awesome-engineering-team-management,stars,2023-06-19,1443,github
https://github.com/kdeldycke/awesome-engineering-team-management,stars,2023-06-20,1444,github
https://github.com/kdeldycke/awesome-engineering-team-management,stars,2023-06-21,1447,github
https://github.com/kdeldycke/awesome-engineering-team-management,stars,2023-06-24,1449,github
https://github.com/kdeldycke/awesome-engineering-team-management,stars,2023-06-25,1452,github
https://github.com/kdeldycke/awesome-engineering-team-management,stars,2023-06-26,1453,github
https://github.com/kdeldycke/awesome-engineering-team-management,stars,2023-06-28,1454,github
https://github.com/kdeldycke/awesome-engineering-team-management,stars,2023-06-29,1456,github
https://github.com/kdeldycke/awesome-engineering-team-management,stars,2023-06-30,1457,github
https://github.com/kdeldycke/awesome-engineering-team-management,stars,2023-07-01,1459,github
https://github.com/kdeldycke/awesome-engineering-team-management,stars,2023-07-04,1461,github
https://github.com/kdeldycke/awesome-engineering-team-management,stars,2023-07-05,1462,github
https://github.com/kdeldycke/awesome-engineering-team-management,stars,2023-07-06,1463,github
https://github.com/kdeldycke/awesome-engineering-team-management,stars,2023-07-09,1464,github
https://github.com/kdeldycke/awesome-engineering-team-management,stars,2023-07-10,1466,github
https://github.com/kdeldycke/awesome-engineering-team-management,stars,2023-07-11,1467,github
https://github.com/kdeldycke/awesome-engineering-team-management,stars,2023-07-12,1469,github
https://github.com/kdeldycke/awesome-engineering-team-management,stars,2023-07-14,1471,github
https://github.com/kdeldycke/awesome-engineering-team-management,stars,2023-07-15,1472,github
https://github.com/kdeldycke/awesome-engineering-team-management,stars,2023-07-17,1473,github
https://github.com/kdeldycke/awesome-engineering-team-management,stars,2023-07-18,1474,github
https://github.com/kdeldycke/awesome-engineering-team-management,stars,2023-07-19,1475,github
https://github.com/kdeldycke/awesome-engineering-team-management,stars,2023-07-20,1477,github
https://github.com/kdeldycke/awesome-engineering-team-management,stars,2023-07-21,1478,github
https://github.com/kdeldycke/awesome-engineering-team-management,stars,2023-07-22,1479,github
https://github.com/kdeldycke/awesome-engineering-team-management,stars,2023-07-24,1480,github
https://github.com/kdeldycke/awesome-engineering-team-management,stars,2023-07-25,1481,github
https://github.com/kdeldycke/awesome-engineering-team-management,stars,2023-07-26,1485,github
https://github.com/kdeldycke/awesome-engineering-team-management,stars,2023-07-27,1487,github
https://github.com/kdeldycke/awesome-engineering-team-management,stars,2023-07-28,1488,github
https://github.com/kdeldycke/awesome-engineering-team-management,stars,2023-07-31,1490,github
https://github.com/kdeldycke/awesome-engineering-team-management,stars,2023-08-01,1491,github
https://github.com/kdeldycke/awesome-engineering-team-management,stars,2023-08-02,1492,github
https://github.com/kdeldycke/awesome-engineering-team-management,stars,2023-08-03,1495,github
https://github.com/kdeldycke/awesome-engineering-team-management,stars,2023-08-04,1496,github
https://github.com/kdeldycke/awesome-engineering-team-management,stars,2023-08-05,1498,github
https://github.com/kdeldycke/awesome-engineering-team-management,stars,2023-08-06,1499,github
https://github.com/kdeldycke/awesome-engineering-team-management,stars,2023-08-07,1501,github
https://github.com/kdeldycke/awesome-engineering-team-management,stars,2023-08-10,1502,github
https://github.com/kdeldycke/awesome-engineering-team-management,stars,2023-08-18,1503,github
https://github.com/kdeldycke/awesome-engineering-team-management,stars,2023-08-19,1504,github
https://github.com/kdeldycke/awesome-engineering-team-management,stars,2023-08-20,1505,github
https://github.com/kdeldycke/awesome-engineering-team-management,stars,2023-08-21,1506,github
https://github.com/kdeldycke/awesome-engineering-team-management,stars,2023-08-22,1507,github
https://github.com/kdeldycke/awesome-engineering-team-management,stars,2023-08-24,1509,github
https://github.com/kdeldycke/awesome-engineering-team-management,stars,2023-08-25,1510,github
https://github.com/kdeldycke/awesome-engineering-team-management,stars,2023-08-27,1511,github
https://github.com/kdeldycke/awesome-engineering-team-management,stars,2023-08-29,1512,github
https://github.com/kdeldycke/awesome-engineering-team-management,stars,2023-09-01,1513,github
https://github.com/kdeldycke/awesome-engineering-team-management,stars,2023-09-06,1514,github
https://github.com/kdeldycke/awesome-engineering-team-management,stars,2023-09-12,1516,github
https://github.com/kdeldycke/awesome-engineering-team-management,stars,2023-09-14,1517,github
https://github.com/kdeldycke/awesome-engineering-team-management,stars,2023-09-15,1518,github
https://github.com/kdeldycke/awesome-engineering-team-management,stars,2023-09-16,1519,github
https://github.com/kdeldycke/awesome-engineering-team-management,stars,2023-09-18,1520,github
https://github.com/kdeldycke/awesome-engineering-team-management,stars,2023-09-19,1523,github
https://github.com/kdeldycke/awesome-engineering-team-management,stars,2023-09-20,1525,github
https://github.com/kdeldycke/awesome-engineering-team-management,stars,2023-09-21,1526,github
https://github.com/kdeldycke/awesome-engineering-team-management,stars,2023-09-22,1529,github
https://github.com/kdeldycke/awesome-engineering-team-management,stars,2023-09-24,1530,github
https://github.com/kdeldycke/awesome-engineering-team-management,stars,2023-09-27,1532,github
https://github.com/kdeldycke/awesome-engineering-team-management,stars,2023-09-29,1533,github
https://github.com/kdeldycke/awesome-engineering-team-management,stars,2023-09-30,1629,github
https://github.com/kdeldycke/awesome-engineering-team-management,stars,2023-10-01,1662,github
https://github.com/kdeldycke/awesome-engineering-team-management,stars,2023-10-02,1667,github
https://github.com/kdeldycke/awesome-engineering-team-management,stars,2023-10-03,1672,github
https://github.com/kdeldycke/awesome-engineering-team-management,stars,2023-10-04,1675,github
https://github.com/kdeldycke/awesome-engineering-team-management,stars,2023-10-05,1676,github
https://github.com/kdeldycke/awesome-engineering-team-management,stars,2023-10-06,1677,github
https://github.com/kdeldycke/awesome-engineering-team-management,stars,2023-10-09,1680,github
https://github.com/kdeldycke/awesome-engineering-team-management,stars,2023-10-10,1682,github
https://github.com/kdeldycke/awesome-engineering-team-management,stars,2023-10-12,1684,github
https://github.com/kdeldycke/awesome-engineering-team-management,stars,2023-10-15,1685,github
https://github.com/kdeldycke/awesome-engineering-team-management,stars,2023-10-16,1687,github
https://github.com/kdeldycke/awesome-engineering-team-management,stars,2023-10-18,1689,github
https://github.com/kdeldycke/awesome-engineering-team-management,stars,2023-10-19,1691,github
https://github.com/kdeldycke/awesome-engineering-team-management,stars,2023-10-22,1694,github
https://github.com/kdeldycke/awesome-engineering-team-management,stars,2023-10-24,1696,github
https://github.com/kdeldycke/awesome-engineering-team-management,stars,2023-10-26,1697,github
https://github.com/kdeldycke/awesome-engineering-team-management,stars,2023-10-30,1699,github
https://github.com/kdeldycke/awesome-engineering-team-management,stars,2023-10-31,1702,github
https://github.com/kdeldycke/awesome-engineering-team-management,stars,2023-11-01,1703,github
https://github.com/kdeldycke/awesome-engineering-team-management,stars,2023-11-07,1704,github
https://github.com/kdeldycke/awesome-engineering-team-management,stars,2023-11-08,1705,github
https://github.com/kdeldycke/awesome-engineering-team-management,stars,2023-11-15,1706,github
https://github.com/kdeldycke/awesome-engineering-team-management,stars,2023-11-20,1707,github
https://github.com/kdeldycke/awesome-engineering-team-management,stars,2023-11-25,1708,github
https://github.com/kdeldycke/awesome-engineering-team-management,stars,2023-11-29,1710,github
https://github.com/kdeldycke/awesome-engineering-team-management,stars,2023-12-02,1711,github
https://github.com/kdeldycke/awesome-engineering-team-management,stars,2023-12-05,1712,github
https://github.com/kdeldycke/awesome-engineering-team-management,stars,2023-12-10,1713,github
https://github.com/kdeldycke/awesome-engineering-team-management,stars,2023-12-11,1714,github
https://github.com/kdeldycke/awesome-engineering-team-management,stars,2023-12-12,1716,github
https://github.com/kdeldycke/awesome-engineering-team-management,stars,2023-12-13,1717,github
https://github.com/kdeldycke/awesome-engineering-team-management,stars,2023-12-14,1718,github
https://github.com/kdeldycke/awesome-engineering-team-management,stars,2023-12-16,1721,github
https://github.com/kdeldycke/awesome-engineering-team-management,stars,2023-12-17,1723,github
https://github.com/kdeldycke/awesome-engineering-team-management,stars,2023-12-18,1724,github
https://github.com/kdeldycke/awesome-engineering-team-management,stars,2023-12-21,1725,github
https://github.com/kdeldycke/awesome-engineering-team-management,stars,2023-12-22,1728,github
https://github.com/kdeldycke/awesome-engineering-team-management,stars,2023-12-29,1729,github
https://github.com/kdeldycke/awesome-engineering-team-management,stars,2024-01-01,1731,github
https://github.com/kdeldycke/awesome-engineering-team-management,stars,2024-01-02,1732,github
https://github.com/kdeldycke/awesome-engineering-team-management,stars,2024-01-03,1734,github
https://github.com/kdeldycke/awesome-engineering-team-management,stars,2024-01-04,1735,github
https://github.com/kdeldycke/awesome-engineering-team-management,stars,2024-01-07,1738,github
https://github.com/kdeldycke/awesome-engineering-team-management,stars,2024-01-08,1739,github
https://github.com/kdeldycke/awesome-engineering-team-management,stars,2024-01-11,1741,github
https://github.com/kdeldycke/awesome-engineering-team-management,stars,2024-01-12,1742,github
https://github.com/kdeldycke/awesome-engineering-team-management,stars,2024-01-15,1744,github
https://github.com/kdeldycke/awesome-engineering-team-management,stars,2024-01-16,1745,github
https://github.com/kdeldycke/awesome-engineering-team-management,stars,2024-01-17,1746,github
https://github.com/kdeldycke/awesome-engineering-team-management,stars,2024-01-18,1747,github
https://github.com/kdeldycke/awesome-engineering-team-management,stars,2024-01-19,1748,github
https://github.com/kdeldycke/awesome-engineering-team-management,stars,2024-01-21,1749,github
https://github.com/kdeldycke/awesome-engineering-team-management,stars,2024-01-22,1751,github
https://github.com/kdeldycke/awesome-engineering-team-management,stars,2024-01-23,1753,github
https://github.com/kdeldycke/awesome-engineering-team-management,stars,2024-01-25,1754,github
https://github.com/kdeldycke/awesome-engineering-team-management,stars,2024-01-26,1755,github
https://github.com/kdeldycke/awesome-engineering-team-management,stars,2024-01-27,1756,github
https://github.com/kdeldycke/awesome-engineering-team-management,stars,2024-02-04,1757,github
https://github.com/kdeldycke/awesome-engineering-team-management,stars,2024-02-05,1760,github
https://github.com/kdeldycke/awesome-engineering-team-management,stars,2024-02-06,1761,github
https://github.com/kdeldycke/awesome-engineering-team-management,stars,2024-02-07,1762,github
https://github.com/kdeldycke/awesome-engineering-team-management,stars,2024-02-08,1763,github
https://github.com/kdeldycke/awesome-engineering-team-management,stars,2024-02-09,1764,github
https://github.com/kdeldycke/awesome-engineering-team-management,stars,2024-02-12,1766,github
https://github.com/kdeldycke/awesome-engineering-team-management,stars,2024-02-15,1768,github
https://github.com/kdeldycke/awesome-engineering-team-management,stars,2024-02-17,1769,github
https://github.com/kdeldycke/awesome-engineering-team-management,stars,2024-02-19,1770,github
https://github.com/kdeldycke/awesome-engineering-team-management,stars,2024-02-21,1771,github
https://github.com/kdeldycke/awesome-engineering-team-management,stars,2024-02-22,1772,github
https://github.com/kdeldycke/awesome-engineering-team-management,stars,2024-02-25,1774,github
https://github.com/kdeldycke/awesome-engineering-team-management,stars,2024-02-28,1776,github
https://github.com/kdeldycke/awesome-engineering-team-management,stars,2024-03-01,1777,github
https://github.com/kdeldycke/awesome-engineering-team-management,stars,2024-03-03,1778,github
https://github.com/kdeldycke/awesome-engineering-team-management,stars,2024-03-05,1779,github
https://github.com/kdeldycke/awesome-engineering-team-management,stars,2024-03-07,1780,github
https://github.com/kdeldycke/awesome-engineering-team-management,stars,2024-03-08,1783,github
https://github.com/kdeldycke/awesome-engineering-team-management,stars,2024-03-09,1786,github
https://github.com/kdeldycke/awesome-engineering-team-management,stars,2024-03-11,1787,github
https://github.com/kdeldycke/awesome-engineering-team-management,stars,2024-03-12,1788,github
https://github.com/kdeldycke/awesome-engineering-team-management,stars,2024-03-22,1789,github
https://github.com/kdeldycke/awesome-engineering-team-management,stars,2024-03-25,1790,github
https://github.com/kdeldycke/awesome-engineering-team-management,stars,2024-03-27,1791,github
https://github.com/kdeldycke/awesome-engineering-team-management,stars,2024-03-30,1792,github
https://github.com/kdeldycke/awesome-engineering-team-management,stars,2024-03-31,1793,github
https://github.com/kdeldycke/awesome-engineering-team-management,stars,2024-04-03,1794,github
https://github.com/kdeldycke/awesome-engineering-team-management,stars,2024-04-04,1795,github
https://github.com/kdeldycke/awesome-engineering-team-management,stars,2024-04-05,1796,github
https://github.com/kdeldycke/awesome-engineering-team-management,stars,2024-04-07,1800,github
https://github.com/kdeldycke/awesome-engineering-team-management,stars,2024-04-09,1803,github
https://github.com/kdeldycke/awesome-engineering-team-management,stars,2024-04-10,1805,github
https://github.com/kdeldycke/awesome-engineering-team-management,stars,2024-04-11,1806,github
https://github.com/kdeldycke/awesome-engineering-team-management,stars,2024-04-12,1807,github
https://github.com/kdeldycke/awesome-engineering-team-management,stars,2024-04-14,1808,github
https://github.com/kdeldycke/awesome-engineering-team-management,stars,2024-04-16,1811,github
https://github.com/kdeldycke/awesome-engineering-team-management,stars,2024-04-18,1814,github
https://github.com/kdeldycke/awesome-engineering-team-management,stars,2024-04-20,1816,github
https://github.com/kdeldycke/awesome-engineering-team-management,stars,2024-04-21,1817,github
https://github.com/kdeldycke/awesome-engineering-team-management,stars,2024-04-22,1819,github
https://github.com/kdeldycke/awesome-engineering-team-management,stars,2024-04-23,1821,github
https://github.com/kdeldycke/awesome-engineering-team-management,stars,2024-04-24,1823,github
https://github.com/kdeldycke/awesome-engineering-team-management,stars,2024-04-27,1824,github
https://github.com/kdeldycke/awesome-engineering-team-management,stars,2024-04-28,1827,github
https://github.com/kdeldycke/awesome-engineering-team-management,stars,2024-04-30,1831,github
https://github.com/kdeldycke/awesome-engineering-team-management,stars,2024-05-01,1832,github
https://github.com/kdeldycke/awesome-engineering-team-management,stars,2024-05-02,1833,github
https://github.com/kdeldycke/awesome-engineering-team-management,stars,2024-05-05,1834,github
https://github.com/kdeldycke/awesome-engineering-team-management,stars,2024-05-06,1839,github
https://github.com/kdeldycke/awesome-engineering-team-management,stars,2024-05-07,1840,github
https://github.com/kdeldycke/awesome-engineering-team-management,stars,2024-05-11,1841,github
https://github.com/kdeldycke/awesome-engineering-team-management,stars,2024-05-12,1842,github
https://github.com/kdeldycke/awesome-engineering-team-management,stars,2024-05-13,1844,github
https://github.com/kdeldycke/awesome-engineering-team-management,stars,2024-05-15,1845,github
https://github.com/kdeldycke/awesome-engineering-team-management,stars,2024-05-16,1846,github
https://github.com/kdeldycke/awesome-engineering-team-management,stars,2024-05-18,1847,github
https://github.com/kdeldycke/awesome-engineering-team-management,stars,2024-05-19,1848,github
https://github.com/kdeldycke/awesome-engineering-team-management,stars,2024-05-20,1851,github
https://github.com/kdeldycke/awesome-engineering-team-management,stars,2024-05-21,1852,github
https://github.com/kdeldycke/awesome-engineering-team-management,stars,2024-05-22,1854,github
https://github.com/kdeldycke/awesome-engineering-team-management,stars,2024-05-27,1856,github
https://github.com/kdeldycke/awesome-engineering-team-management,stars,2024-05-28,1857,github
https://github.com/kdeldycke/awesome-engineering-team-management,stars,2024-05-29,1858,github
https://github.com/kdeldycke/awesome-engineering-team-management,stars,2024-05-31,1859,github
https://github.com/kdeldycke/awesome-engineering-team-management,stars,2024-06-01,1860,github
https://github.com/kdeldycke/awesome-engineering-team-management,stars,2024-06-03,1861,github
https://github.com/kdeldycke/awesome-engineering-team-management,stars,2024-06-05,1862,github
https://github.com/kdeldycke/awesome-engineering-team-management,stars,2024-06-06,1864,github
https://github.com/kdeldycke/awesome-engineering-team-management,stars,2024-06-08,1865,github
https://github.com/kdeldycke/awesome-engineering-team-management,stars,2024-06-09,1866,github
https://github.com/kdeldycke/awesome-engineering-team-management,stars,2024-06-10,1867,github
https://github.com/kdeldycke/awesome-engineering-team-management,stars,2024-06-11,1868,github
https://github.com/kdeldycke/awesome-engineering-team-management,stars,2024-06-12,1869,github
https://github.com/kdeldycke/awesome-engineering-team-management,stars,2024-06-18,1870,github
https://github.com/kdeldycke/awesome-engineering-team-management,stars,2024-06-19,1871,github
https://github.com/kdeldycke/awesome-engineering-team-management,stars,2024-06-21,1873,github
https://github.com/kdeldycke/awesome-engineering-team-management,stars,2024-06-22,1874,github
https://github.com/kdeldycke/awesome-engineering-team-management,stars,2024-06-23,1875,github
https://github.com/kdeldycke/awesome-engineering-team-management,stars,2024-06-26,1876,github
https://github.com/kdeldycke/awesome-engineering-team-management,stars,2024-06-29,1877,github
https://github.com/kdeldycke/awesome-engineering-team-management,stars,2024-07-04,1879,github
https://github.com/kdeldycke/awesome-engineering-team-management,stars,2024-07-05,1880,github
https://github.com/kdeldycke/awesome-engineering-team-management,stars,2024-07-08,1881,github
https://github.com/kdeldycke/awesome-engineering-team-management,stars,2024-07-09,1882,github
https://github.com/kdeldycke/awesome-engineering-team-management,stars,2024-07-10,1883,github
https://github.com/kdeldycke/awesome-engineering-team-management,stars,2024-07-11,1884,github
https://github.com/kdeldycke/awesome-engineering-team-management,stars,2024-07-14,1887,github
https://github.com/kdeldycke/awesome-engineering-team-management,stars,2024-07-15,1888,github
https://github.com/kdeldycke/awesome-engineering-team-management,stars,2024-07-18,1889,github
https://github.com/kdeldycke/awesome-engineering-team-management,stars,2024-07-19,1891,github
https://github.com/kdeldycke/awesome-engineering-team-management,stars,2024-07-23,1893,github
https://github.com/kdeldycke/awesome-engineering-team-management,stars,2024-07-24,1894,github
https://github.com/kdeldycke/awesome-engineering-team-management,stars,2024-07-26,1898,github
https://github.com/kdeldycke/awesome-engineering-team-management,stars,2024-07-30,1900,github
https://github.com/kdeldycke/awesome-engineering-team-management,stars,2024-07-31,1902,github
https://github.com/kdeldycke/awesome-engineering-team-management,stars,2024-08-01,1903,github
https://github.com/kdeldycke/awesome-engineering-team-management,stars,2024-08-02,1904,github
https://github.com/kdeldycke/awesome-engineering-team-management,stars,2024-08-03,1906,github
https://github.com/kdeldycke/awesome-engineering-team-management,stars,2024-08-08,1907,github
https://github.com/kdeldycke/awesome-engineering-team-management,stars,2024-08-10,1910,github
https://github.com/kdeldycke/awesome-engineering-team-management,stars,2024-08-11,1914,github
https://github.com/kdeldycke/awesome-engineering-team-management,stars,2024-08-12,1915,github
https://github.com/kdeldycke/awesome-engineering-team-management,stars,2024-08-14,1916,github
https://github.com/kdeldycke/awesome-engineering-team-management,stars,2024-08-15,1917,github
https://github.com/kdeldycke/awesome-engineering-team-management,stars,2024-08-19,1918,github
https://github.com/kdeldycke/awesome-engineering-team-management,stars,2024-08-27,1919,github
https://github.com/kdeldycke/awesome-engineering-team-management,stars,2024-08-28,1920,github
https://github.com/kdeldycke/awesome-engineering-team-management,stars,2024-08-29,1921,github
https://github.com/kdeldycke/awesome-engineering-team-management,stars,2024-08-30,1922,github
https://github.com/kdeldycke/awesome-engineering-team-management,stars,2024-09-03,1923,github
https://github.com/kdeldycke/awesome-engineering-team-management,stars,2024-09-04,1924,github
https://github.com/kdeldycke/awesome-engineering-team-management,stars,2024-09-06,1926,github
https://github.com/kdeldycke/awesome-engineering-team-management,stars,2024-09-10,1928,github
https://github.com/kdeldycke/awesome-engineering-team-management,stars,2024-09-12,1929,github
https://github.com/kdeldycke/awesome-engineering-team-management,stars,2024-09-13,1931,github
https://github.com/kdeldycke/awesome-engineering-team-management,stars,2024-09-14,1932,github
https://github.com/kdeldycke/awesome-engineering-team-management,stars,2024-09-16,1933,github
https://github.com/kdeldycke/awesome-engineering-team-management,stars,2024-09-17,1935,github
https://github.com/kdeldycke/awesome-engineering-team-management,stars,2024-09-19,1936,github
https://github.com/kdeldycke/awesome-engineering-team-management,stars,2024-09-20,1937,github
https://github.com/kdeldycke/awesome-engineering-team-management,stars,2024-09-21,1939,github
https://github.com/kdeldycke/awesome-engineering-team-management,stars,2024-09-22,1940,github
https://github.com/kdeldycke/awesome-engineering-team-management,stars,2024-09-23,1942,github
https://github.com/kdeldycke/awesome-engineering-team-management,stars,2024-09-24,1943,github
https://github.com/kdeldycke/awesome-engineering-team-management,stars,2024-09-27,1944,github
https://github.com/kdeldycke/awesome-engineering-team-management,stars,2024-10-01,1946,github
https://github.com/kdeldycke/awesome-engineering-team-management,stars,2024-10-03,1947,github
https://github.com/kdeldycke/awesome-engineering-team-management,stars,2024-10-04,1948,github
https://github.com/kdeldycke/awesome-engineering-team-management,stars,2024-10-07,1949,github
https://github.com/kdeldycke/awesome-engineering-team-management,stars,2024-10-08,1950,github
https://github.com/kdeldycke/awesome-engineering-team-management,stars,2024-10-13,1951,github
https://github.com/kdeldycke/awesome-engineering-team-management,stars,2024-10-14,1952,github
https://github.com/kdeldycke/awesome-engineering-team-management,stars,2024-10-15,1954,github
https://github.com/kdeldycke/awesome-engineering-team-management,stars,2024-10-19,1955,github
https://github.com/kdeldycke/awesome-engineering-team-management,stars,2024-10-20,1957,github
https://github.com/kdeldycke/awesome-engineering-team-management,stars,2024-10-21,1963,github
https://github.com/kdeldycke/awesome-engineering-team-management,stars,2024-10-22,1964,github
https://github.com/kdeldycke/awesome-engineering-team-management,stars,2024-10-23,1965,github
https://github.com/kdeldycke/awesome-engineering-team-management,stars,2024-10-24,1966,github
https://github.com/kdeldycke/awesome-engineering-team-management,stars,2024-10-27,1967,github
https://github.com/kdeldycke/awesome-engineering-team-management,stars,2024-10-28,1968,github
https://github.com/kdeldycke/awesome-engineering-team-management,stars,2024-10-29,1970,github
https://github.com/kdeldycke/awesome-engineering-team-management,stars,2024-10-30,1971,github
https://github.com/kdeldycke/awesome-engineering-team-management,stars,2024-10-31,1973,github
https://github.com/kdeldycke/awesome-engineering-team-management,stars,2024-11-02,1974,github
https://github.com/kdeldycke/awesome-engineering-team-management,stars,2024-11-05,1975,github
https://github.com/kdeldycke/awesome-engineering-team-management,stars,2024-11-09,1977,github
https://github.com/kdeldycke/awesome-engineering-team-management,stars,2024-11-10,1978,github
https://github.com/kdeldycke/awesome-engineering-team-management,stars,2024-11-12,1979,github
https://github.com/kdeldycke/awesome-engineering-team-management,stars,2024-11-13,1981,github
https://github.com/kdeldycke/awesome-engineering-team-management,stars,2024-11-14,1982,github
https://github.com/kdeldycke/awesome-engineering-team-management,stars,2024-11-17,1983,github
https://github.com/kdeldycke/awesome-engineering-team-management,stars,2024-11-20,1985,github
https://github.com/kdeldycke/awesome-engineering-team-management,stars,2024-11-22,1986,github
https://github.com/kdeldycke/awesome-engineering-team-management,stars,2024-11-23,1987,github
https://github.com/kdeldycke/awesome-engineering-team-management,stars,2024-11-24,1988,github
https://github.com/kdeldycke/awesome-engineering-team-management,stars,2024-11-28,1990,github
https://github.com/kdeldycke/awesome-engineering-team-management,stars,2024-11-29,1992,github
https://github.com/kdeldycke/awesome-engineering-team-management,stars,2024-12-01,1993,github
https://github.com/kdeldycke/awesome-engineering-team-management,stars,2024-12-04,1996,github
https://github.com/kdeldycke/awesome-engineering-team-management,stars,2024-12-07,1999,github
https://github.com/kdeldycke/awesome-engineering-team-management,stars,2024-12-08,2001,github
https://github.com/kdeldycke/awesome-engineering-team-management,stars,2024-12-11,2003,github
https://github.com/kdeldycke/awesome-engineering-team-management,stars,2024-12-14,2004,github
https://github.com/kdeldycke/awesome-engineering-team-management,stars,2024-12-16,2006,github
https://github.com/kdeldycke/awesome-engineering-team-management,stars,2024-12-17,2009,github
https://github.com/kdeldycke/awesome-engineering-team-management,stars,2024-12-19,2011,github
https://github.com/kdeldycke/awesome-engineering-team-management,stars,2024-12-21,2012,github
https://github.com/kdeldycke/awesome-engineering-team-management,stars,2024-12-24,2013,github
https://github.com/kdeldycke/awesome-engineering-team-management,stars,2024-12-28,2032,github
https://github.com/kdeldycke/awesome-engineering-team-management,stars,2024-12-29,2044,github
https://github.com/kdeldycke/awesome-engineering-team-management,stars,2024-12-30,2056,github
https://github.com/kdeldycke/awesome-engineering-team-management,stars,2024-12-31,2059,github
https://github.com/kdeldycke/awesome-engineering-team-management,stars,2025-01-01,2060,github
https://github.com/kdeldycke/awesome-engineering-team-management,stars,2025-01-02,2067,github
https://github.com/kdeldycke/awesome-engineering-team-management,stars,2025-01-03,2073,github
https://github.com/kdeldycke/awesome-engineering-team-management,stars,2025-01-04,2074,github
https://github.com/kdeldycke/awesome-engineering-team-management,stars,2025-01-05,2075,github
https://github.com/kdeldycke/awesome-engineering-team-management,stars,2025-01-06,2078,github
https://github.com/kdeldycke/awesome-engineering-team-management,stars,2025-01-07,2080,github
https://github.com/kdeldycke/awesome-engineering-team-management,stars,2025-01-08,2083,github
https://github.com/kdeldycke/awesome-engineering-team-management,stars,2025-01-09,2085,github
https://github.com/kdeldycke/awesome-engineering-team-management,stars,2025-01-10,2086,github
https://github.com/kdeldycke/awesome-engineering-team-management,stars,2025-01-13,2088,github
https://github.com/kdeldycke/awesome-engineering-team-management,stars,2025-01-14,2089,github
https://github.com/kdeldycke/awesome-engineering-team-management,stars,2025-01-15,2090,github
https://github.com/kdeldycke/awesome-engineering-team-management,stars,2025-01-16,2092,github
https://github.com/kdeldycke/awesome-engineering-team-management,stars,2025-01-17,2094,github
https://github.com/kdeldycke/awesome-engineering-team-management,stars,2025-01-19,2096,github
https://github.com/kdeldycke/awesome-engineering-team-management,stars,2025-01-20,2099,github
https://github.com/kdeldycke/awesome-engineering-team-management,stars,2025-01-22,2100,github
https://github.com/kdeldycke/awesome-engineering-team-management,stars,2025-01-23,2101,github
https://github.com/kdeldycke/awesome-engineering-team-management,stars,2025-01-24,2102,github
https://github.com/kdeldycke/awesome-engineering-team-management,stars,2025-01-25,2103,github
https://github.com/kdeldycke/awesome-engineering-team-management,stars,2025-01-27,2104,github
https://github.com/kdeldycke/awesome-engineering-team-management,stars,2025-01-28,2106,github
https://github.com/kdeldycke/awesome-engineering-team-management,stars,2025-01-30,2109,github
https://github.com/kdeldycke/awesome-engineering-team-management,stars,2025-01-31,2110,github
https://github.com/kdeldycke/awesome-engineering-team-management,stars,2025-02-03,2113,github
https://github.com/kdeldycke/awesome-engineering-team-management,stars,2025-02-05,2114,github
https://github.com/kdeldycke/awesome-engineering-team-management,stars,2025-02-07,2116,github
https://github.com/kdeldycke/awesome-engineering-team-management,stars,2025-02-10,2117,github
https://github.com/kdeldycke/awesome-engineering-team-management,stars,2025-02-14,2119,github
https://github.com/kdeldycke/awesome-engineering-team-management,stars,2025-02-15,2120,github
https://github.com/kdeldycke/awesome-engineering-team-management,stars,2025-02-16,2122,github
https://github.com/kdeldycke/awesome-engineering-team-management,stars,2025-02-17,2123,github
https://github.com/kdeldycke/awesome-engineering-team-management,stars,2025-02-21,2124,github
https://github.com/kdeldycke/awesome-engineering-team-management,stars,2025-02-22,2126,github
https://github.com/kdeldycke/awesome-engineering-team-management,stars,2025-02-25,2127,github
https://github.com/kdeldycke/awesome-engineering-team-management,stars,2025-02-26,2128,github
https://github.com/kdeldycke/awesome-engineering-team-management,stars,2025-02-27,2130,github
https://github.com/kdeldycke/awesome-engineering-team-management,stars,2025-02-28,2132,github
https://github.com/kdeldycke/awesome-engineering-team-management,stars,2025-03-02,2133,github
https://github.com/kdeldycke/awesome-engineering-team-management,stars,2025-03-06,2137,github
https://github.com/kdeldycke/awesome-engineering-team-management,stars,2025-03-07,2138,github
https://github.com/kdeldycke/awesome-engineering-team-management,stars,2025-03-09,2139,github
https://github.com/kdeldycke/awesome-engineering-team-management,stars,2025-03-11,2141,github
https://github.com/kdeldycke/awesome-engineering-team-management,stars,2025-03-13,2142,github
https://github.com/kdeldycke/awesome-engineering-team-management,stars,2025-03-14,2143,github
https://github.com/kdeldycke/awesome-engineering-team-management,stars,2025-03-16,2145,github
https://github.com/kdeldycke/awesome-engineering-team-management,stars,2025-03-18,2147,github
https://github.com/kdeldycke/awesome-engineering-team-management,stars,2025-03-19,2148,github
https://github.com/kdeldycke/awesome-engineering-team-management,stars,2025-03-20,2149,github
https://github.com/kdeldycke/awesome-engineering-team-management,stars,2025-03-23,2151,github
https://github.com/kdeldycke/awesome-engineering-team-management,stars,2025-03-24,2152,github
https://github.com/kdeldycke/awesome-engineering-team-management,stars,2025-03-25,2153,github
https://github.com/kdeldycke/awesome-engineering-team-management,stars,2025-03-27,2154,github
https://github.com/kdeldycke/awesome-engineering-team-management,stars,2025-03-28,2155,github
https://github.com/kdeldycke/awesome-engineering-team-management,stars,2025-03-30,2156,github
https://github.com/kdeldycke/awesome-engineering-team-management,stars,2025-04-01,2157,github
https://github.com/kdeldycke/awesome-engineering-team-management,stars,2025-04-03,2158,github
https://github.com/kdeldycke/awesome-engineering-team-management,stars,2025-04-05,2159,github
https://github.com/kdeldycke/awesome-engineering-team-management,stars,2025-04-08,2160,github
https://github.com/kdeldycke/awesome-engineering-team-management,stars,2025-04-09,2161,github
https://github.com/kdeldycke/awesome-engineering-team-management,stars,2025-04-11,2163,github
https://github.com/kdeldycke/awesome-engineering-team-management,stars,2025-04-14,2164,github
https://github.com/kdeldycke/awesome-engineering-team-management,stars,2025-04-15,2166,github
https://github.com/kdeldycke/awesome-engineering-team-management,stars,2025-04-19,2167,github
https://github.com/kdeldycke/awesome-engineering-team-management,stars,2025-04-20,2169,github
https://github.com/kdeldycke/awesome-engineering-team-management,stars,2025-04-24,2170,github
https://github.com/kdeldycke/awesome-engineering-team-management,stars,2025-04-26,2171,github
https://github.com/kdeldycke/awesome-engineering-team-management,stars,2025-04-29,2172,github
https://github.com/kdeldycke/awesome-engineering-team-management,stars,2025-05-04,2173,github
https://github.com/kdeldycke/awesome-engineering-team-management,stars,2025-05-07,2174,github
https://github.com/kdeldycke/awesome-engineering-team-management,stars,2025-05-09,2175,github
https://github.com/kdeldycke/awesome-engineering-team-management,stars,2025-05-11,2176,github
https://github.com/kdeldycke/awesome-engineering-team-management,stars,2025-05-15,2177,github
https://github.com/kdeldycke/awesome-engineering-team-management,stars,2025-05-21,2178,github
https://github.com/kdeldycke/awesome-engineering-team-management,stars,2025-05-22,2180,github
https://github.com/kdeldycke/awesome-engineering-team-management,stars,2025-05-23,2182,github
https://github.com/kdeldycke/awesome-engineering-team-management,stars,2025-05-24,2183,github
https://github.com/kdeldycke/awesome-engineering-team-management,stars,2025-05-25,2184,github
https://github.com/kdeldycke/awesome-engineering-team-management,stars,2025-05-27,2187,github
https://github.com/kdeldycke/awesome-engineering-team-management,stars,2025-06-01,2188,github
https://github.com/kdeldycke/awesome-engineering-team-management,stars,2025-06-03,2189,github
https://github.com/kdeldycke/awesome-engineering-team-management,stars,2025-06-07,2190,github
https://github.com/kdeldycke/awesome-engineering-team-management,stars,2025-06-08,2191,github
https://github.com/kdeldycke/awesome-engineering-team-management,stars,2025-06-09,2193,github
https://github.com/kdeldycke/awesome-engineering-team-management,stars,2025-06-10,2194,github
https://github.com/kdeldycke/awesome-engineering-team-management,stars,2025-06-12,2195,github
https://github.com/kdeldycke/awesome-engineering-team-management,stars,2025-06-14,2198,github
https://github.com/kdeldycke/awesome-engineering-team-management,stars,2025-06-15,2200,github
https://github.com/kdeldycke/awesome-engineering-team-management,stars,2025-06-16,2201,github
https://github.com/kdeldycke/awesome-engineering-team-management,stars,2025-06-19,2202,github
https://github.com/kdeldycke/awesome-engineering-team-management,stars,2025-06-22,2203,github
https://github.com/kdeldycke/awesome-engineering-team-management,stars,2025-06-24,2204,github
https://github.com/kdeldycke/awesome-engineering-team-management,stars,2025-06-25,2205,github
https://github.com/kdeldycke/awesome-engineering-team-management,stars,2025-06-28,2206,github
https://github.com/kdeldycke/awesome-engineering-team-management,stars,2025-06-30,2208,github
https://github.com/kdeldycke/awesome-engineering-team-management,stars,2025-07-02,2210,github
https://github.com/kdeldycke/awesome-engineering-team-management,stars,2025-07-03,2212,github
https://github.com/kdeldycke/awesome-engineering-team-management,stars,2025-07-05,2213,github
https://github.com/kdeldycke/awesome-engineering-team-management,stars,2025-07-06,2214,github
https://github.com/kdeldycke/awesome-engineering-team-management,stars,2025-07-07,2215,github
https://github.com/kdeldycke/awesome-engineering-team-management,stars,2025-07-10,2216,github
https://github.com/kdeldycke/awesome-engineering-team-management,stars,2025-07-11,2217,github
https://github.com/kdeldycke/awesome-engineering-team-management,stars,2025-07-13,2218,github
https://github.com/kdeldycke/awesome-engineering-team-management,stars,2025-07-14,2219,github
https://github.com/kdeldycke/awesome-engineering-team-management,stars,2025-07-15,2221,github
https://github.com/kdeldycke/awesome-engineering-team-management,stars,2025-07-16,2222,github
https://github.com/kdeldycke/awesome-engineering-team-management,stars,2025-07-18,2223,github
https://github.com/kdeldycke/awesome-engineering-team-management,stars,2025-07-20,2224,github
https://github.com/kdeldycke/awesome-engineering-team-management,stars,2025-07-21,2227,github
https://github.com/kdeldycke/awesome-engineering-team-management,stars,2025-07-22,2228,github
https://github.com/kdeldycke/awesome-engineering-team-management,stars,2025-07-28,2230,github
https://github.com/kdeldycke/awesome-engineering-team-management,stars,2025-07-29,2231,github
https://github.com/kdeldycke/awesome-engineering-team-management,stars,2025-07-30,2232,github
https://github.com/kdeldycke/awesome-engineering-team-management,stars,2025-07-31,2234,github
https://github.com/kdeldycke/awesome-engineering-team-management,stars,2025-08-06,2235,github
https://github.com/kdeldycke/awesome-engineering-team-management,stars,2025-08-08,2236,github
https://github.com/kdeldycke/awesome-engineering-team-management,stars,2025-08-11,2237,github
https://github.com/kdeldycke/awesome-engineering-team-management,stars,2025-08-12,2239,github
https://github.com/kdeldycke/awesome-engineering-team-management,stars,2025-08-14,2242,github
https://github.com/kdeldycke/awesome-engineering-team-management,stars,2025-08-18,2243,github
https://github.com/kdeldycke/awesome-engineering-team-management,stars,2025-08-21,2244,github
https://github.com/kdeldycke/awesome-engineering-team-management,stars,2025-08-25,2245,github
https://github.com/kdeldycke/awesome-engineering-team-management,stars,2025-08-28,2246,github
https://github.com/kdeldycke/awesome-engineering-team-management,stars,2025-08-29,2247,github
https://github.com/kdeldycke/awesome-engineering-team-management,stars,2025-08-30,2248,github
https://github.com/kdeldycke/awesome-engineering-team-management,stars,2025-08-31,2250,github
https://github.com/kdeldycke/awesome-engineering-team-management,stars,2025-09-03,2251,github
https://github.com/kdeldycke/awesome-engineering-team-management,stars,2025-09-04,2253,github
https://github.com/kdeldycke/awesome-engineering-team-management,stars,2025-09-05,2254,github
https://github.com/kdeldycke/awesome-engineering-team-management,stars,2025-09-10,2255,github
https://github.com/kdeldycke/awesome-engineering-team-management,stars,2025-09-11,2256,github
https://github.com/kdeldycke/awesome-engineering-team-management,stars,2025-09-15,2257,github
https://github.com/kdeldycke/awesome-engineering-team-management,stars,2025-09-17,2258,github
https://github.com/kdeldycke/awesome-engineering-team-management,stars,2025-09-21,2259,github
https://github.com/kdeldycke/awesome-engineering-team-management,stars,2025-09-22,2261,github
https://github.com/kdeldycke/awesome-engineering-team-management,stars,2025-09-24,2263,github
https://github.com/kdeldycke/awesome-engineering-team-management,stars,2025-09-25,2264,github
https://github.com/kdeldycke/awesome-engineering-team-management,stars,2025-09-26,2266,github
https://github.com/kdeldycke/awesome-engineering-team-management,stars,2025-09-29,2268,github
https://github.com/kdeldycke/awesome-engineering-team-management,stars,2025-09-30,2269,github
https://github.com/kdeldycke/awesome-engineering-team-management,stars,2025-10-01,2270,github
https://github.com/kdeldycke/awesome-engineering-team-management,stars,2025-10-05,2271,github
https://github.com/kdeldycke/awesome-engineering-team-management,stars,2025-10-08,2272,github
https://github.com/kdeldycke/awesome-engineering-team-management,stars,2025-10-09,2273,github
https://github.com/kdeldycke/awesome-engineering-team-management,stars,2025-10-10,2275,github
https://github.com/kdeldycke/awesome-engineering-team-management,stars,2025-10-13,2276,github
https://github.com/kdeldycke/awesome-engineering-team-management,stars,2025-10-14,2277,github
https://github.com/kdeldycke/awesome-engineering-team-management,stars,2025-10-17,2278,github
https://github.com/kdeldycke/awesome-engineering-team-management,stars,2025-10-18,2279,github
https://github.com/kdeldycke/awesome-engineering-team-management,stars,2025-10-19,2281,github
https://github.com/kdeldycke/awesome-engineering-team-management,stars,2025-10-20,2282,github
https://github.com/kdeldycke/awesome-engineering-team-management,stars,2025-10-22,2283,github
https://github.com/kdeldycke/awesome-engineering-team-management,stars,2025-10-23,2284,github
https://github.com/kdeldycke/awesome-engineering-team-management,stars,2025-10-24,2285,github
https://github.com/kdeldycke/awesome-engineering-team-management,stars,2025-10-25,2286,github
https://github.com/kdeldycke/awesome-engineering-team-management,stars,2025-10-26,2287,github
https://github.com/kdeldycke/awesome-engineering-team-management,stars,2025-11-04,2289,github
https://github.com/kdeldycke/awesome-engineering-team-management,stars,2025-11-07,2293,github
https://github.com/kdeldycke/awesome-engineering-team-management,stars,2025-11-09,2294,github
https://github.com/kdeldycke/awesome-engineering-team-management,stars,2025-11-10,2295,github
https://github.com/kdeldycke/awesome-engineering-team-management,stars,2025-11-11,2296,github
https://github.com/kdeldycke/awesome-engineering-team-management,stars,2025-11-12,2297,github
https://github.com/kdeldycke/awesome-engineering-team-management,stars,2025-11-13,2298,github
https://github.com/kdeldycke/awesome-engineering-team-management,stars,2025-11-15,2299,github
https://github.com/kdeldycke/awesome-engineering-team-management,stars,2025-11-16,2300,github
https://github.com/kdeldycke/awesome-engineering-team-management,stars,2025-11-21,2301,github
https://github.com/kdeldycke/awesome-engineering-team-management,stars,2025-11-22,2302,github
https://github.com/kdeldycke/awesome-engineering-team-management,stars,2025-11-25,2303,github
https://github.com/kdeldycke/awesome-engineering-team-management,stars,2025-11-26,2304,github
https://github.com/kdeldycke/awesome-engineering-team-management,stars,2025-11-27,2306,github
https://github.com/kdeldycke/awesome-engineering-team-management,stars,2025-11-29,2309,github
https://github.com/kdeldycke/awesome-engineering-team-management,stars,2025-12-03,2310,github
https://github.com/kdeldycke/awesome-engineering-team-management,stars,2025-12-06,2311,github
https://github.com/kdeldycke/awesome-engineering-team-management,stars,2025-12-07,2312,github
https://github.com/kdeldycke/awesome-engineering-team-management,stars,2025-12-10,2313,github
https://github.com/kdeldycke/awesome-engineering-team-management,stars,2025-12-11,2314,github
https://github.com/kdeldycke/awesome-engineering-team-management,stars,2025-12-12,2315,github
https://github.com/kdeldycke/awesome-engineering-team-management,stars,2025-12-15,2317,github
https://github.com/kdeldycke/awesome-engineering-team-management,stars,2025-12-19,2319,github
https://github.com/kdeldycke/awesome-engineering-team-management,stars,2025-12-20,2321,github
https://github.com/kdeldycke/awesome-engineering-team-management,stars,2025-12-21,2323,github
https://github.com/kdeldycke/awesome-engineering-team-management,stars,2025-12-23,2324,github
https://github.com/kdeldycke/awesome-engineering-team-management,stars,2025-12-24,2327,github
https://github.com/kdeldycke/awesome-engineering-team-management,stars,2025-12-25,2328,github
https://github.com/kdeldycke/awesome-engineering-team-management,stars,2025-12-26,2329,github
https://github.com/kdeldycke/awesome-engineering-team-management,stars,2025-12-27,2330,github
https://github.com/kdeldycke/awesome-engineering-team-management,stars,2025-12-28,2331,github
https://github.com/kdeldycke/awesome-engineering-team-management,stars,2025-12-31,2348,github
https://github.com/kdeldycke/awesome-engineering-team-management,stars,2026-01-01,2350,github
https://github.com/kdeldycke/awesome-engineering-team-management,stars,2026-01-04,2351,github
https://github.com/kdeldycke/awesome-engineering-team-management,stars,2026-01-05,2353,github
https://github.com/kdeldycke/awesome-engineering-team-management,stars,2026-01-06,2356,github
https://github.com/kdeldycke/awesome-engineering-team-management,stars,2026-01-11,2357,github
https://github.com/kdeldycke/awesome-engineering-team-management,stars,2026-01-12,2360,github
https://github.com/kdeldycke/awesome-engineering-team-management,stars,2026-01-14,2362,github
https://github.com/kdeldycke/awesome-engineering-team-management,stars,2026-01-17,2364,github
https://github.com/kdeldycke/awesome-engineering-team-management,stars,2026-01-18,2365,github
https://github.com/kdeldycke/awesome-engineering-team-management,stars,2026-01-19,2366,github
https://github.com/kdeldycke/awesome-engineering-team-management,stars,2026-01-21,2367,github
https://github.com/kdeldycke/awesome-engineering-team-management,stars,2026-01-22,2368,github
https://github.com/kdeldycke/awesome-engineering-team-management,stars,2026-01-26,2369,github
https://github.com/kdeldycke/awesome-engineering-team-management,stars,2026-01-28,2371,github
https://github.com/kdeldycke/awesome-engineering-team-management,stars,2026-01-29,2372,github
https://github.com/kdeldycke/awesome-engineering-team-management,stars,2026-01-30,2373,github
https://github.com/kdeldycke/awesome-engineering-team-management,stars,2026-02-03,2374,github
https://github.com/kdeldycke/awesome-engineering-team-management,stars,2026-02-04,2375,github
https://github.com/kdeldycke/awesome-engineering-team-management,stars,2026-02-05,2377,github
https://github.com/kdeldycke/awesome-engineering-team-management,stars,2026-02-06,2378,github
https://github.com/kdeldycke/awesome-engineering-team-management,stars,2026-02-07,2379,github
https://github.com/kdeldycke/awesome-engineering-team-management,stars,2026-02-09,2380,github
https://github.com/kdeldycke/awesome-engineering-team-management,stars,2026-02-11,2381,github
https://github.com/kdeldycke/awesome-engineering-team-management,stars,2026-02-12,2382,github
https://github.com/kdeldycke/awesome-engineering-team-management,stars,2026-02-13,2384,github
https://github.com/kdeldycke/awesome-engineering-team-management,stars,2026-02-19,2386,github
https://github.com/kdeldycke/awesome-engineering-team-management,stars,2026-02-20,2387,github
https://github.com/kdeldycke/awesome-engineering-team-management,stars,2026-02-21,2388,github
https://github.com/kdeldycke/awesome-engineering-team-management,stars,2026-02-23,2389,github
https://github.com/kdeldycke/awesome-engineering-team-management,stars,2026-02-25,2390,github
https://github.com/kdeldycke/awesome-engineering-team-management,stars,2026-02-26,2391,github
https://github.com/kdeldycke/awesome-engineering-team-management,stars,2026-03-02,2392,github
https://github.com/kdeldycke/awesome-engineering-team-management,stars,2026-03-03,2395,github
https://github.com/kdeldycke/awesome-engineering-team-management,stars,2026-03-04,2396,github
https://github.com/kdeldycke/awesome-engineering-team-management,stars,2026-03-05,2397,github
https://github.com/kdeldycke/awesome-engineering-team-management,stars,2026-03-07,2401,github
https://github.com/kdeldycke/awesome-engineering-team-management,stars,2026-03-09,2402,github
https://github.com/kdeldycke/awesome-engineering-team-management,stars,2026-03-15,2403,github
https://github.com/kdeldycke/awesome-engineering-team-management,stars,2026-03-16,2404,github
https://github.com/kdeldycke/awesome-engineering-team-management,stars,2026-03-17,2408,github
https://github.com/kdeldycke/awesome-engineering-team-management,stars,2026-03-19,2409,github
https://github.com/kdeldycke/awesome-engineering-team-management,stars,2026-03-20,2411,github
https://github.com/kdeldycke/awesome-engineering-team-management,stars,2026-03-23,2412,github
https://github.com/kdeldycke/awesome-engineering-team-management,stars,2026-03-26,2414,github
https://github.com/kdeldycke/awesome-engineering-team-management,stars,2026-04-02,2415,github
https://github.com/kdeldycke/awesome-engineering-team-management,stars,2026-04-03,2416,github
https://github.com/kdeldycke/awesome-engineering-team-management,stars,2026-04-05,2419,github
https://github.com/kdeldycke/awesome-engineering-team-management,stars,2026-04-06,2421,github
https://github.com/kdeldycke/awesome-engineering-team-management,stars,2026-04-07,2423,github
https://github.com/kdeldycke/awesome-engineering-team-management,stars,2026-04-08,2425,github
https://github.com/kdeldycke/awesome-engineering-team-management,stars,2026-04-11,2426,github
https://github.com/kdeldycke/awesome-engineering-team-management,stars,2026-04-14,2428,github
https://github.com/kdeldycke/awesome-engineering-team-management,stars,2026-04-15,2429,github
https://github.com/kdeldycke/awesome-engineering-team-management,stars,2026-04-17,2431,github
https://github.com/kdeldycke/awesome-engineering-team-management,stars,2026-04-18,2432,github
https://github.com/kdeldycke/awesome-engineering-team-management,stars,2026-04-21,2434,github
https://github.com/kdeldycke/awesome-engineering-team-management,stars,2026-04-22,2435,github
https://github.com/kdeldycke/awesome-engineering-team-management,stars,2026-04-23,2436,github
https://github.com/kdeldycke/awesome-engineering-team-management,stars,2026-04-25,2439,github
https://github.com/kdeldycke/awesome-engineering-team-management,stars,2026-04-26,2440,github
https://github.com/kdeldycke/awesome-engineering-team-management,stars,2026-04-27,2441,github
https://github.com/kdeldycke/awesome-engineering-team-management,stars,2026-04-29,2442,github
https://github.com/kdeldycke/awesome-engineering-team-management,stars,2026-04-30,2443,github
https://github.com/kdeldycke/awesome-engineering-team-management,stars,2026-05-01,2450,github
https://github.com/kdeldycke/awesome-engineering-team-management,stars,2026-05-03,2451,github
https://github.com/kdeldycke/awesome-engineering-team-management,stars,2026-05-04,2453,github
https://github.com/kdeldycke/awesome-engineering-team-management,stars,2026-05-05,2454,github
https://github.com/kdeldycke/awesome-engineering-team-management,stars,2026-05-07,2455,github
https://github.com/kdeldycke/awesome-engineering-team-management,stars,2026-05-09,2456,github
https://github.com/kdeldycke/awesome-engineering-team-management,stars,2026-05-11,2458,github
https://github.com/kdeldycke/awesome-engineering-team-management,stars,2026-05-13,2459,github
https://github.com/kdeldycke/awesome-engineering-team-management,stars,2026-05-20,2460,github
https://github.com/kdeldycke/awesome-engineering-team-management,stars,2026-05-21,2461,github
https://github.com/kdeldycke/awesome-engineering-team-management,stars,2026-05-22,2482,github
https://github.com/kdeldycke/awesome-engineering-team-management,stars,2026-05-23,2489,github
https://github.com/kdeldycke/awesome-engineering-team-management,stars,2026-05-24,2494,github
https://github.com/kdeldycke/awesome-engineering-team-management,stars,2026-05-25,2500,github
https://github.com/kdeldycke/awesome-engineering-team-management,stars,2026-05-26,2504,github
https://github.com/kdeldycke/awesome-engineering-team-management,stars,2026-05-27,2508,github
https://github.com/kdeldycke/awesome-engineering-team-management,stars,2026-05-28,2511,github
https://github.com/kdeldycke/awesome-engineering-team-management,stars,2026-05-29,2512,github
https://github.com/kdeldycke/awesome-engineering-team-management,stars,2026-05-31,2513,github
https://github.com/kdeldycke/awesome-engineering-team-management,stars,2026-06-01,2515,github
https://github.com/kdeldycke/awesome-engineering-team-management,stars,2026-06-02,2516,github
https://github.com/kdeldycke/awesome-engineering-team-management,stars,2026-06-05,2518,github
https://github.com/kdeldycke/awesome-engineering-team-management,stars,2026-06-06,2519,github
https://github.com/kdeldycke/awesome-engineering-team-management,stars,2026-06-08,2521,github
https://github.com/kdeldycke/awesome-engineering-team-management,stars,2026-06-10,2523,github
https://github.com/kdeldycke/awesome-engineering-team-management,stars,2026-06-13,2524,github
https://github.com/kdeldycke/awesome-engineering-team-management,stars,2026-06-14,2526,github
https://github.com/kdeldycke/awesome-engineering-team-management,stars,2026-06-18,2528,github
https://github.com/kdeldycke/awesome-engineering-team-management,stars,2026-06-19,2529,github
https://github.com/kdeldycke/awesome-engineering-team-management,stars,2026-06-21,2530,github
https://github.com/kdeldycke/awesome-engineering-team-management,stars,2026-06-24,2531,github
https://github.com/kdeldycke/awesome-engineering-team-management,stars,2026-06-25,2532,github
https://github.com/kdeldycke/awesome-engineering-team-management,stars,2026-06-29,2533,github
https://github.com/kdeldycke/awesome-engineering-team-management,stars,2026-07-01,2534,github
https://github.com/kdeldycke/awesome-engineering-team-management,stars,2026-07-03,2535,github
https://github.com/kdeldycke/awesome-engineering-team-management,stars,2026-07-05,2536,github
https://github.com/kdeldycke/awesome-engineering-team-management,stars,2026-07-06,2537,github
https://github.com/kdeldycke/awesome-engineering-team-management,stars,2026-07-07,2540,github
https://github.com/kdeldycke/awesome-engineering-team-management,stars,2026-07-08,2542,github
https://github.com/kdeldycke/awesome-engineering-team-management,stars,2026-07-09,2545,github
https://github.com/kdeldycke/awesome-engineering-team-management,stars,2026-07-10,2547,github
https://github.com/kdeldycke/awesome-engineering-team-management,stars,2026-07-12,2549,github
https://github.com/kdeldycke/awesome-engineering-team-management,stars,2026-07-15,2550,github
https://github.com/kdeldycke/awesome-engineering-team-management,stars,2026-07-18,2551,github
https://github.com/kdeldycke/awesome-engineering-team-management,stars,2026-07-19,2552,github
https://github.com/kdeldycke/awesome-engineering-team-management,stars,2026-07-20,2554,github
https://github.com/kdeldycke/awesome-engineering-team-management,stars,2026-07-21,2555,github
https://github.com/kdeldycke/awesome-engineering-team-management,stars,2026-07-22,2557,github
https://github.com/kdeldycke/awesome-engineering-team-management,stars,2026-07-23,2559,github
https://github.com/kdeldycke/awesome-engineering-team-management,stars,2026-07-24,2563,github
https://github.com/kdeldycke/awesome-engineering-team-management,stars,2026-07-27,2564,github
https://github.com/kdeldycke/awesome-engineering-team-management,stars,2026-07-28,2566,github
https://github.com/kdeldycke/awesome-engineering-team-management,stars,2026-07-31,2567,github
https://github.com/kdeldycke/awesome-engineering-team-management,stars,2026-08-03,2568,github
https://github.com/kdeldycke/awesome-engineering-team-management,stars,2026-08-04,2569,github
https://github.com/kdeldycke/awesome-engineering-team-management,stars,2026-08-05,2571,github
https://github.com/kdeldycke/awesome-engineering-team-management,stars,2026-08-08,2572,github
https://github.com/kdeldycke/awesome-engineering-team-management,stars,2026-08-09,2574,github
https://github.com/kdeldycke/awesome-engineering-team-management,stars,2026-08-11,2576,github
https://github.com/kdeldycke/awesome-engineering-team-management,stars,2026-08-14,2577,github
https://github.com/kdeldycke/awesome-engineering-team-management,stars,2026-08-16,2578,github
https://github.com/kdeldycke/awesome-engineering-team-management,stars,2026-08-18,2579,github
https://github.com/kdeldycke/awesome-engineering-team-management,stars,2026-08-20,2580,github
https://github.com/kdeldycke/awesome-falsehood,commit,2026-08-20,2026-08-14,sample
https://github.com/kdeldycke/awesome-falsehood,stars,2016-09-08,15,github
https://github.com/kdeldycke/awesome-falsehood,stars,2016-09-09,29,github
https://github.com/kdeldycke/awesome-falsehood,stars,2016-09-12,32,github
https://github.com/kdeldycke/awesome-falsehood,stars,2016-09-13,34,github
https://github.com/kdeldycke/awesome-falsehood,stars,2016-09-14,38,github
https://github.com/kdeldycke/awesome-falsehood,stars,2016-09-15,39,github
https://github.com/kdeldycke/awesome-falsehood,stars,2016-09-17,40,github
https://github.com/kdeldycke/awesome-falsehood,stars,2016-09-22,41,github
https://github.com/kdeldycke/awesome-falsehood,stars,2016-09-23,42,github
https://github.com/kdeldycke/awesome-falsehood,stars,2016-09-29,46,github
https://github.com/kdeldycke/awesome-falsehood,stars,2016-09-30,47,github
https://github.com/kdeldycke/awesome-falsehood,stars,2016-10-01,48,github
https://github.com/kdeldycke/awesome-falsehood,stars,2016-10-04,49,github
https://github.com/kdeldycke/awesome-falsehood,stars,2016-10-06,119,github
https://github.com/kdeldycke/awesome-falsehood,stars,2016-10-07,134,github
https://github.com/kdeldycke/awesome-falsehood,stars,2016-10-08,138,github
https://github.com/kdeldycke/awesome-falsehood,stars,2016-10-09,140,github
https://github.com/kdeldycke/awesome-falsehood,stars,2016-10-10,151,github
https://github.com/kdeldycke/awesome-falsehood,stars,2016-10-11,154,github
https://github.com/kdeldycke/awesome-falsehood,stars,2016-10-12,155,github
https://github.com/kdeldycke/awesome-falsehood,stars,2016-10-13,156,github
https://github.com/kdeldycke/awesome-falsehood,stars,2016-10-14,157,github
https://github.com/kdeldycke/awesome-falsehood,stars,2016-10-15,159,github
https://github.com/kdeldycke/awesome-falsehood,stars,2016-10-16,160,github
https://github.com/kdeldycke/awesome-falsehood,stars,2016-10-17,161,github
https://github.com/kdeldycke/awesome-falsehood,stars,2016-10-18,341,github
https://github.com/kdeldycke/awesome-falsehood,stars,2016-10-19,594,github
https://github.com/kdeldycke/awesome-falsehood,stars,2016-10-20,767,github
https://github.com/kdeldycke/awesome-falsehood,stars,2016-10-21,847,github
https://github.com/kdeldycke/awesome-falsehood,stars,2016-10-22,866,github
https://github.com/kdeldycke/awesome-falsehood,stars,2016-10-23,939,github
https://github.com/kdeldycke/awesome-falsehood,stars,2016-10-24,1048,github
https://github.com/kdeldycke/awesome-falsehood,stars,2016-10-25,1226,github
https://github.com/kdeldycke/awesome-falsehood,stars,2016-10-26,1348,github
https://github.com/kdeldycke/awesome-falsehood,stars,2016-10-27,1395,github
https://github.com/kdeldycke/awesome-falsehood,stars,2016-10-28,1409,github
https://github.com/kdeldycke/awesome-falsehood,stars,2016-10-29,1420,github
https://github.com/kdeldycke/awesome-falsehood,stars,2016-10-30,1428,github
https://github.com/kdeldycke/awesome-falsehood,stars,2016-10-31,1440,github
https://github.com/kdeldycke/awesome-falsehood,stars,2016-11-01,1449,github
https://github.com/kdeldycke/awesome-falsehood,stars,2016-11-02,1461,github
https://github.com/kdeldycke/awesome-falsehood,stars,2016-11-03,1475,github
https://github.com/kdeldycke/awesome-falsehood,stars,2016-11-04,1486,github
https://github.com/kdeldycke/awesome-falsehood,stars,2016-11-05,1515,github
https://github.com/kdeldycke/awesome-falsehood,stars,2016-11-06,1525,github
https://github.com/kdeldycke/awesome-falsehood,stars,2016-11-07,1537,github
https://github.com/kdeldycke/awesome-falsehood,stars,2016-11-08,1540,github
https://github.com/kdeldycke/awesome-falsehood,stars,2016-11-09,1542,github
https://github.com/kdeldycke/awesome-falsehood,stars,2016-11-10,1543,github
https://github.com/kdeldycke/awesome-falsehood,stars,2016-11-11,1546,github
https://github.com/kdeldycke/awesome-falsehood,stars,2016-11-12,1548,github
https://github.com/kdeldycke/awesome-falsehood,stars,2016-11-13,1550,github
https://github.com/kdeldycke/awesome-falsehood,stars,2016-11-14,1576,github
https://github.com/kdeldycke/awesome-falsehood,stars,2016-11-15,1590,github
https://github.com/kdeldycke/awesome-falsehood,stars,2016-11-16,1597,github
https://github.com/kdeldycke/awesome-falsehood,stars,2016-11-17,1598,github
https://github.com/kdeldycke/awesome-falsehood,stars,2016-11-18,1600,github
https://github.com/kdeldycke/awesome-falsehood,stars,2016-11-19,1616,github
https://github.com/kdeldycke/awesome-falsehood,stars,2016-11-20,1621,github
https://github.com/kdeldycke/awesome-falsehood,stars,2016-11-21,1624,github
https://github.com/kdeldycke/awesome-falsehood,stars,2016-11-22,1626,github
https://github.com/kdeldycke/awesome-falsehood,stars,2016-11-23,1633,github
https://github.com/kdeldycke/awesome-falsehood,stars,2016-11-24,1637,github
https://github.com/kdeldycke/awesome-falsehood,stars,2016-11-25,1640,github
https://github.com/kdeldycke/awesome-falsehood,stars,2016-11-26,1642,github
https://github.com/kdeldycke/awesome-falsehood,stars,2016-11-27,1644,github
https://github.com/kdeldycke/awesome-falsehood,stars,2016-11-28,1650,github
https://github.com/kdeldycke/awesome-falsehood,stars,2016-11-29,1654,github
https://github.com/kdeldycke/awesome-falsehood,stars,2016-11-30,1656,github
https://github.com/kdeldycke/awesome-falsehood,stars,2016-12-01,1660,github
https://github.com/kdeldycke/awesome-falsehood,stars,2016-12-02,1665,github
https://github.com/kdeldycke/awesome-falsehood,stars,2016-12-03,1667,github
https://github.com/kdeldycke/awesome-falsehood,stars,2016-12-04,1668,github
https://github.com/kdeldycke/awesome-falsehood,stars,2016-12-05,1669,github
https://github.com/kdeldycke/awesome-falsehood,stars,2016-12-07,1671,github
https://github.com/kdeldycke/awesome-falsehood,stars,2016-12-08,1672,github
https://github.com/kdeldycke/awesome-falsehood,stars,2016-12-09,1673,github
https://github.com/kdeldycke/awesome-falsehood,stars,2016-12-10,1675,github
https://github.com/kdeldycke/awesome-falsehood,stars,2016-12-11,1677,github
https://github.com/kdeldycke/awesome-falsehood,stars,2016-12-12,1678,github
https://github.com/kdeldycke/awesome-falsehood,stars,2016-12-14,1680,github
https://github.com/kdeldycke/awesome-falsehood,stars,2016-12-15,1681,github
https://github.com/kdeldycke/awesome-falsehood,stars,2016-12-18,1682,github
https://github.com/kdeldycke/awesome-falsehood,stars,2016-12-19,1683,github
https://github.com/kdeldycke/awesome-falsehood,stars,2016-12-20,1685,github
https://github.com/kdeldycke/awesome-falsehood,stars,2016-12-23,1686,github
https://github.com/kdeldycke/awesome-falsehood,stars,2016-12-26,1695,github
https://github.com/kdeldycke/awesome-falsehood,stars,2016-12-27,1729,github
https://github.com/kdeldycke/awesome-falsehood,stars,2016-12-28,1963,github
https://github.com/kdeldycke/awesome-falsehood,stars,2016-12-29,2077,github
https://github.com/kdeldycke/awesome-falsehood,stars,2016-12-30,2136,github
https://github.com/kdeldycke/awesome-falsehood,stars,2016-12-31,2151,github
https://github.com/kdeldycke/awesome-falsehood,stars,2017-01-01,2164,github
https://github.com/kdeldycke/awesome-falsehood,stars,2017-01-02,2178,github
https://github.com/kdeldycke/awesome-falsehood,stars,2017-01-03,2192,github
https://github.com/kdeldycke/awesome-falsehood,stars,2017-01-04,2201,github
https://github.com/kdeldycke/awesome-falsehood,stars,2017-01-05,2205,github
https://github.com/kdeldycke/awesome-falsehood,stars,2017-01-06,2211,github
https://github.com/kdeldycke/awesome-falsehood,stars,2017-01-07,2212,github
https://github.com/kdeldycke/awesome-falsehood,stars,2017-01-08,2214,github
https://github.com/kdeldycke/awesome-falsehood,stars,2017-01-10,2215,github
https://github.com/kdeldycke/awesome-falsehood,stars,2017-01-11,2216,github
https://github.com/kdeldycke/awesome-falsehood,stars,2017-01-12,2219,github
https://github.com/kdeldycke/awesome-falsehood,stars,2017-01-13,2222,github
https://github.com/kdeldycke/awesome-falsehood,stars,2017-01-14,2223,github
https://github.com/kdeldycke/awesome-falsehood,stars,2017-01-15,2224,github
https://github.com/kdeldycke/awesome-falsehood,stars,2017-01-16,2226,github
https://github.com/kdeldycke/awesome-falsehood,stars,2017-01-17,2229,github
https://github.com/kdeldycke/awesome-falsehood,stars,2017-01-18,2230,github
https://github.com/kdeldycke/awesome-falsehood,stars,2017-01-19,2232,github
https://github.com/kdeldycke/awesome-falsehood,stars,2017-01-20,2234,github
https://github.com/kdeldycke/awesome-falsehood,stars,2017-01-23,2235,github
https://github.com/kdeldycke/awesome-falsehood,stars,2017-01-24,2236,github
https://github.com/kdeldycke/awesome-falsehood,stars,2017-01-26,2242,github
https://github.com/kdeldycke/awesome-falsehood,stars,2017-01-27,2254,github
https://github.com/kdeldycke/awesome-falsehood,stars,2017-01-28,2259,github
https://github.com/kdeldycke/awesome-falsehood,stars,2017-01-29,2261,github
https://github.com/kdeldycke/awesome-falsehood,stars,2017-01-30,2262,github
https://github.com/kdeldycke/awesome-falsehood,stars,2017-01-31,2285,github
https://github.com/kdeldycke/awesome-falsehood,stars,2017-02-01,2289,github
https://github.com/kdeldycke/awesome-falsehood,stars,2017-02-02,2291,github
https://github.com/kdeldycke/awesome-falsehood,stars,2017-02-03,2293,github
https://github.com/kdeldycke/awesome-falsehood,stars,2017-02-04,2294,github
https://github.com/kdeldycke/awesome-falsehood,stars,2017-02-05,2298,github
https://github.com/kdeldycke/awesome-falsehood,stars,2017-02-06,2299,github
https://github.com/kdeldycke/awesome-falsehood,stars,2017-02-07,2304,github
https://github.com/kdeldycke/awesome-falsehood,stars,2017-02-08,2311,github
https://github.com/kdeldycke/awesome-falsehood,stars,2017-02-11,2313,github
https://github.com/kdeldycke/awesome-falsehood,stars,2017-02-13,3058,github
https://github.com/kdeldycke/awesome-falsehood,stars,2017-02-14,3693,github
https://github.com/kdeldycke/awesome-falsehood,stars,2017-02-15,3970,github
https://github.com/kdeldycke/awesome-falsehood,stars,2017-02-16,4101,github
https://github.com/kdeldycke/awesome-falsehood,stars,2017-02-17,4143,github
https://github.com/kdeldycke/awesome-falsehood,stars,2017-02-18,4174,github
https://github.com/kdeldycke/awesome-falsehood,stars,2017-02-19,4223,github
https://github.com/kdeldycke/awesome-falsehood,stars,2017-02-20,4264,github
https://github.com/kdeldycke/awesome-falsehood,stars,2017-02-21,4284,github
https://github.com/kdeldycke/awesome-falsehood,stars,2017-02-22,4302,github
https://github.com/kdeldycke/awesome-falsehood,stars,2017-02-23,4308,github
https://github.com/kdeldycke/awesome-falsehood,stars,2017-02-24,4323,github
https://github.com/kdeldycke/awesome-falsehood,stars,2017-02-25,4330,github
https://github.com/kdeldycke/awesome-falsehood,stars,2017-02-26,4340,github
https://github.com/kdeldycke/awesome-falsehood,stars,2017-02-27,4349,github
https://github.com/kdeldycke/awesome-falsehood,stars,2017-02-28,4359,github
https://github.com/kdeldycke/awesome-falsehood,stars,2017-03-01,4370,github
https://github.com/kdeldycke/awesome-falsehood,stars,2017-03-02,4373,github
https://github.com/kdeldycke/awesome-falsehood,stars,2017-03-03,4379,github
https://github.com/kdeldycke/awesome-falsehood,stars,2017-03-04,4387,github
https://github.com/kdeldycke/awesome-falsehood,stars,2017-03-05,4390,github
https://github.com/kdeldycke/awesome-falsehood,stars,2017-03-06,4397,github
https://github.com/kdeldycke/awesome-falsehood,stars,2017-03-07,4400,github
https://github.com/kdeldycke/awesome-falsehood,stars,2017-03-08,4405,github
https://github.com/kdeldycke/awesome-falsehood,stars,2017-03-09,4416,github
https://github.com/kdeldycke/awesome-falsehood,stars,2017-03-10,4418,github
https://github.com/kdeldycke/awesome-falsehood,stars,2017-03-11,4430,github
https://github.com/kdeldycke/awesome-falsehood,stars,2017-03-12,4434,github
https://github.com/kdeldycke/awesome-falsehood,stars,2017-03-13,4439,github
https://github.com/kdeldycke/awesome-falsehood,stars,2017-03-14,4443,github
https://github.com/kdeldycke/awesome-falsehood,stars,2017-03-15,4469,github
https://github.com/kdeldycke/awesome-falsehood,stars,2017-03-16,4483,github
https://github.com/kdeldycke/awesome-falsehood,stars,2017-03-17,4493,github
https://github.com/kdeldycke/awesome-falsehood,stars,2017-03-18,4496,github
https://github.com/kdeldycke/awesome-falsehood,stars,2017-03-19,4498,github
https://github.com/kdeldycke/awesome-falsehood,stars,2017-03-20,4499,github
https://github.com/kdeldycke/awesome-falsehood,stars,2017-03-21,4528,github
https://github.com/kdeldycke/awesome-falsehood,stars,2017-03-22,4603,github
https://github.com/kdeldycke/awesome-falsehood,stars,2017-03-23,4626,github
https://github.com/kdeldycke/awesome-falsehood,stars,2017-03-24,4644,github
https://github.com/kdeldycke/awesome-falsehood,stars,2017-03-25,4649,github
https://github.com/kdeldycke/awesome-falsehood,stars,2017-03-26,4652,github
https://github.com/kdeldycke/awesome-falsehood,stars,2017-03-27,4661,github
https://github.com/kdeldycke/awesome-falsehood,stars,2017-03-28,4678,github
https://github.com/kdeldycke/awesome-falsehood,stars,2017-03-29,4706,github
https://github.com/kdeldycke/awesome-falsehood,stars,2017-03-30,4717,github
https://github.com/kdeldycke/awesome-falsehood,stars,2017-03-31,4725,github
https://github.com/kdeldycke/awesome-falsehood,stars,2017-04-01,4731,github
https://github.com/kdeldycke/awesome-falsehood,stars,2017-04-02,4737,github
https://github.com/kdeldycke/awesome-falsehood,stars,2017-04-03,4743,github
https://github.com/kdeldycke/awesome-falsehood,stars,2017-04-04,4754,github
https://github.com/kdeldycke/awesome-falsehood,stars,2017-04-05,4756,github
https://github.com/kdeldycke/awesome-falsehood,stars,2017-04-06,4760,github
https://github.com/kdeldycke/awesome-falsehood,stars,2017-04-07,4764,github
https://github.com/kdeldycke/awesome-falsehood,stars,2017-04-08,4765,github
https://github.com/kdeldycke/awesome-falsehood,stars,2017-04-10,4767,github
https://github.com/kdeldycke/awesome-falsehood,stars,2017-04-11,4773,github
https://github.com/kdeldycke/awesome-falsehood,stars,2017-04-12,4776,github
https://github.com/kdeldycke/awesome-falsehood,stars,2017-04-13,4780,github
https://github.com/kdeldycke/awesome-falsehood,stars,2017-04-14,4783,github
https://github.com/kdeldycke/awesome-falsehood,stars,2017-04-15,4786,github
https://github.com/kdeldycke/awesome-falsehood,stars,2017-04-16,4787,github
https://github.com/kdeldycke/awesome-falsehood,stars,2017-04-17,4790,github
https://github.com/kdeldycke/awesome-falsehood,stars,2017-04-18,4793,github
https://github.com/kdeldycke/awesome-falsehood,stars,2017-04-19,4795,github
https://github.com/kdeldycke/awesome-falsehood,stars,2017-04-20,4800,github
https://github.com/kdeldycke/awesome-falsehood,stars,2017-04-21,4804,github
https://github.com/kdeldycke/awesome-falsehood,stars,2017-04-22,4806,github
https://github.com/kdeldycke/awesome-falsehood,stars,2017-04-25,4808,github
https://github.com/kdeldycke/awesome-falsehood,stars,2017-04-26,4810,github
https://github.com/kdeldycke/awesome-falsehood,stars,2017-04-27,4813,github
https://github.com/kdeldycke/awesome-falsehood,stars,2017-04-28,4818,github
https://github.com/kdeldycke/awesome-falsehood,stars,2017-04-29,4819,github
https://github.com/kdeldycke/awesome-falsehood,stars,2017-04-30,4820,github
https://github.com/kdeldycke/awesome-falsehood,stars,2017-05-01,4821,github
https://github.com/kdeldycke/awesome-falsehood,stars,2017-05-02,4826,github
https://github.com/kdeldycke/awesome-falsehood,stars,2017-05-03,4829,github
https://github.com/kdeldycke/awesome-falsehood,stars,2017-05-04,4831,github
https://github.com/kdeldycke/awesome-falsehood,stars,2017-05-05,4832,github
https://github.com/kdeldycke/awesome-falsehood,stars,2017-05-06,4834,github
https://github.com/kdeldycke/awesome-falsehood,stars,2017-05-08,4837,github
https://github.com/kdeldycke/awesome-falsehood,stars,2017-05-09,4840,github
https://github.com/kdeldycke/awesome-falsehood,stars,2017-05-10,4841,github
https://github.com/kdeldycke/awesome-falsehood,stars,2017-05-11,4844,github
https://github.com/kdeldycke/awesome-falsehood,stars,2017-05-12,4845,github
https://github.com/kdeldycke/awesome-falsehood,stars,2017-05-13,4847,github
https://github.com/kdeldycke/awesome-falsehood,stars,2017-05-14,4849,github
https://github.com/kdeldycke/awesome-falsehood,stars,2017-05-15,4854,github
https://github.com/kdeldycke/awesome-falsehood,stars,2017-05-17,4855,github
https://github.com/kdeldycke/awesome-falsehood,stars,2017-05-18,4867,github
https://github.com/kdeldycke/awesome-falsehood,stars,2017-05-20,4868,github
https://github.com/kdeldycke/awesome-falsehood,stars,2017-05-21,4870,github
https://github.com/kdeldycke/awesome-falsehood,stars,2017-05-22,4874,github
https://github.com/kdeldycke/awesome-falsehood,stars,2017-05-23,4876,github
https://github.com/kdeldycke/awesome-falsehood,stars,2017-05-24,4877,github
https://github.com/kdeldycke/awesome-falsehood,stars,2017-05-26,4878,github
https://github.com/kdeldycke/awesome-falsehood,stars,2017-05-29,4879,github
https://github.com/kdeldycke/awesome-falsehood,stars,2017-05-30,4883,github
https://github.com/kdeldycke/awesome-falsehood,stars,2017-06-01,4885,github
https://github.com/kdeldycke/awesome-falsehood,stars,2017-06-02,4887,github
https://github.com/kdeldycke/awesome-falsehood,stars,2017-06-04,4888,github
https://github.com/kdeldycke/awesome-falsehood,stars,2017-06-06,4889,github
https://github.com/kdeldycke/awesome-falsehood,stars,2017-06-07,4891,github
https://github.com/kdeldycke/awesome-falsehood,stars,2017-06-08,4895,github
https://github.com/kdeldycke/awesome-falsehood,stars,2017-06-09,4901,github
https://github.com/kdeldycke/awesome-falsehood,stars,2017-06-10,4903,github
https://github.com/kdeldycke/awesome-falsehood,stars,2017-06-11,4904,github
https://github.com/kdeldycke/awesome-falsehood,stars,2017-06-12,4907,github
https://github.com/kdeldycke/awesome-falsehood,stars,2017-06-13,4910,github
https://github.com/kdeldycke/awesome-falsehood,stars,2017-06-14,4914,github
https://github.com/kdeldycke/awesome-falsehood,stars,2017-06-15,4918,github
https://github.com/kdeldycke/awesome-falsehood,stars,2017-06-16,4920,github
https://github.com/kdeldycke/awesome-falsehood,stars,2017-06-17,4921,github
https://github.com/kdeldycke/awesome-falsehood,stars,2017-06-18,4922,github
https://github.com/kdeldycke/awesome-falsehood,stars,2017-06-19,4924,github
https://github.com/kdeldycke/awesome-falsehood,stars,2017-06-20,4927,github
https://github.com/kdeldycke/awesome-falsehood,stars,2017-06-21,4928,github
https://github.com/kdeldycke/awesome-falsehood,stars,2017-06-22,4930,github
https://github.com/kdeldycke/awesome-falsehood,stars,2017-06-23,4932,github
https://github.com/kdeldycke/awesome-falsehood,stars,2017-06-24,4937,github
https://github.com/kdeldycke/awesome-falsehood,stars,2017-06-25,4940,github
https://github.com/kdeldycke/awesome-falsehood,stars,2017-06-26,4942,github
https://github.com/kdeldycke/awesome-falsehood,stars,2017-06-27,4944,github
https://github.com/kdeldycke/awesome-falsehood,stars,2017-06-28,4948,github
https://github.com/kdeldycke/awesome-falsehood,stars,2017-06-29,4950,github
https://github.com/kdeldycke/awesome-falsehood,stars,2017-06-30,4951,github
https://github.com/kdeldycke/awesome-falsehood,stars,2017-07-01,4952,github
https://github.com/kdeldycke/awesome-falsehood,stars,2017-07-02,4953,github
https://github.com/kdeldycke/awesome-falsehood,stars,2017-07-03,4955,github
https://github.com/kdeldycke/awesome-falsehood,stars,2017-07-04,4960,github
https://github.com/kdeldycke/awesome-falsehood,stars,2017-07-05,4966,github
https://github.com/kdeldycke/awesome-falsehood,stars,2017-07-06,4969,github
https://github.com/kdeldycke/awesome-falsehood,stars,2017-07-08,4970,github
https://github.com/kdeldycke/awesome-falsehood,stars,2017-07-09,4971,github
https://github.com/kdeldycke/awesome-falsehood,stars,2017-07-10,4973,github
https://github.com/kdeldycke/awesome-falsehood,stars,2017-07-11,4976,github
https://github.com/kdeldycke/awesome-falsehood,stars,2017-07-12,4980,github
https://github.com/kdeldycke/awesome-falsehood,stars,2017-07-13,4985,github
https://github.com/kdeldycke/awesome-falsehood,stars,2017-07-16,4986,github
https://github.com/kdeldycke/awesome-falsehood,stars,2017-07-18,4987,github
https://github.com/kdeldycke/awesome-falsehood,stars,2017-07-20,4991,github
https://github.com/kdeldycke/awesome-falsehood,stars,2017-07-21,4993,github
https://github.com/kdeldycke/awesome-falsehood,stars,2017-07-24,4995,github
https://github.com/kdeldycke/awesome-falsehood,stars,2017-07-25,4999,github
https://github.com/kdeldycke/awesome-falsehood,stars,2017-07-26,5002,github
https://github.com/kdeldycke/awesome-falsehood,stars,2017-07-28,5005,github
https://github.com/kdeldycke/awesome-falsehood,stars,2017-07-29,5007,github
https://github.com/kdeldycke/awesome-falsehood,stars,2017-07-30,5008,github
https://github.com/kdeldycke/awesome-falsehood,stars,2017-07-31,5010,github
https://github.com/kdeldycke/awesome-falsehood,stars,2017-08-01,5016,github
https://github.com/kdeldycke/awesome-falsehood,stars,2017-08-02,5022,github
https://github.com/kdeldycke/awesome-falsehood,stars,2017-08-03,5024,github
https://github.com/kdeldycke/awesome-falsehood,stars,2017-08-04,5028,github
https://github.com/kdeldycke/awesome-falsehood,stars,2017-08-05,5029,github
https://github.com/kdeldycke/awesome-falsehood,stars,2017-08-07,5032,github
https://github.com/kdeldycke/awesome-falsehood,stars,2017-08-08,5033,github
https://github.com/kdeldycke/awesome-falsehood,stars,2017-08-10,5035,github
https://github.com/kdeldycke/awesome-falsehood,stars,2017-08-11,5039,github
https://github.com/kdeldycke/awesome-falsehood,stars,2017-08-15,5041,github
https://github.com/kdeldycke/awesome-falsehood,stars,2017-08-16,5045,github
https://github.com/kdeldycke/awesome-falsehood,stars,2017-08-17,5047,github
https://github.com/kdeldycke/awesome-falsehood,stars,2017-08-18,5048,github
https://github.com/kdeldycke/awesome-falsehood,stars,2017-08-20,5049,github
https://github.com/kdeldycke/awesome-falsehood,stars,2017-08-21,5054,github
https://github.com/kdeldycke/awesome-falsehood,stars,2017-08-22,5055,github
https://github.com/kdeldycke/awesome-falsehood,stars,2017-08-23,5065,github
https://github.com/kdeldycke/awesome-falsehood,stars,2017-08-24,5071,github
https://github.com/kdeldycke/awesome-falsehood,stars,2017-08-25,5074,github
https://github.com/kdeldycke/awesome-falsehood,stars,2017-08-26,5077,github
https://github.com/kdeldycke/awesome-falsehood,stars,2017-08-27,5078,github
https://github.com/kdeldycke/awesome-falsehood,stars,2017-08-28,5079,github
https://github.com/kdeldycke/awesome-falsehood,stars,2017-08-29,5083,github
https://github.com/kdeldycke/awesome-falsehood,stars,2017-08-30,5086,github
https://github.com/kdeldycke/awesome-falsehood,stars,2017-08-31,5092,github
https://github.com/kdeldycke/awesome-falsehood,stars,2017-09-01,5094,github
https://github.com/kdeldycke/awesome-falsehood,stars,2017-09-02,5095,github
https://github.com/kdeldycke/awesome-falsehood,stars,2017-09-03,5096,github
https://github.com/kdeldycke/awesome-falsehood,stars,2017-09-04,5103,github
https://github.com/kdeldycke/awesome-falsehood,stars,2017-09-05,5107,github
https://github.com/kdeldycke/awesome-falsehood,stars,2017-09-06,5109,github
https://github.com/kdeldycke/awesome-falsehood,stars,2017-09-07,5121,github
https://github.com/kdeldycke/awesome-falsehood,stars,2017-09-08,5130,github
https://github.com/kdeldycke/awesome-falsehood,stars,2017-09-09,5151,github
https://github.com/kdeldycke/awesome-falsehood,stars,2017-09-10,5176,github
https://github.com/kdeldycke/awesome-falsehood,stars,2017-09-11,5198,github
https://github.com/kdeldycke/awesome-falsehood,stars,2017-09-12,5236,github
https://github.com/kdeldycke/awesome-falsehood,stars,2017-09-13,5266,github
https://github.com/kdeldycke/awesome-falsehood,stars,2017-09-14,5290,github
https://github.com/kdeldycke/awesome-falsehood,stars,2017-09-15,5321,github
https://github.com/kdeldycke/awesome-falsehood,stars,2017-09-16,5333,github
https://github.com/kdeldycke/awesome-falsehood,stars,2017-09-17,5342,github
https://github.com/kdeldycke/awesome-falsehood,stars,2017-09-18,5357,github
https://github.com/kdeldycke/awesome-falsehood,stars,2017-09-19,5370,github
https://github.com/kdeldycke/awesome-falsehood,stars,2017-09-20,5384,github
https://github.com/kdeldycke/awesome-falsehood,stars,2017-09-21,5392,github
https://github.com/kdeldycke/awesome-falsehood,stars,2017-09-22,5399,github
https://github.com/kdeldycke/awesome-falsehood,stars,2017-09-23,5403,github
https://github.com/kdeldycke/awesome-falsehood,stars,2017-09-24,5412,github
https://github.com/kdeldycke/awesome-falsehood,stars,2017-09-25,5429,github
https://github.com/kdeldycke/awesome-falsehood,stars,2017-09-26,5442,github
https://github.com/kdeldycke/awesome-falsehood,stars,2017-09-27,5449,github
https://github.com/kdeldycke/awesome-falsehood,stars,2017-09-28,5458,github
https://github.com/kdeldycke/awesome-falsehood,stars,2017-09-29,5462,github
https://github.com/kdeldycke/awesome-falsehood,stars,2017-09-30,5465,github
https://github.com/kdeldycke/awesome-falsehood,stars,2017-10-01,5473,github
https://github.com/kdeldycke/awesome-falsehood,stars,2017-10-02,5479,github
https://github.com/kdeldycke/awesome-falsehood,stars,2017-10-03,5492,github
https://github.com/kdeldycke/awesome-falsehood,stars,2017-10-04,5499,github
https://github.com/kdeldycke/awesome-falsehood,stars,2017-10-05,5504,github
https://github.com/kdeldycke/awesome-falsehood,stars,2017-10-06,5509,github
https://github.com/kdeldycke/awesome-falsehood,stars,2017-10-07,5516,github
https://github.com/kdeldycke/awesome-falsehood,stars,2017-10-08,5520,github
https://github.com/kdeldycke/awesome-falsehood,stars,2017-10-09,5531,github
https://github.com/kdeldycke/awesome-falsehood,stars,2017-10-10,5544,github
https://github.com/kdeldycke/awesome-falsehood,stars,2017-10-11,5576,github
https://github.com/kdeldycke/awesome-falsehood,stars,2017-10-12,5607,github
https://github.com/kdeldycke/awesome-falsehood,stars,2017-10-13,5626,github
https://github.com/kdeldycke/awesome-falsehood,stars,2017-10-14,5643,github
https://github.com/kdeldycke/awesome-falsehood,stars,2017-10-15,5657,github
https://github.com/kdeldycke/awesome-falsehood,stars,2017-10-16,5681,github
https://github.com/kdeldycke/awesome-falsehood,stars,2017-10-17,5707,github
https://github.com/kdeldycke/awesome-falsehood,stars,2017-10-18,5724,github
https://github.com/kdeldycke/awesome-falsehood,stars,2017-10-19,5739,github
https://github.com/kdeldycke/awesome-falsehood,stars,2017-10-20,5755,github
https://github.com/kdeldycke/awesome-falsehood,stars,2017-10-21,5760,github
https://github.com/kdeldycke/awesome-falsehood,stars,2017-10-22,5767,github
https://github.com/kdeldycke/awesome-falsehood,stars,2017-10-23,5773,github
https://github.com/kdeldycke/awesome-falsehood,stars,2017-10-24,5786,github
https://github.com/kdeldycke/awesome-falsehood,stars,2017-10-25,5808,github
https://github.com/kdeldycke/awesome-falsehood,stars,2017-10-26,5814,github
https://github.com/kdeldycke/awesome-falsehood,stars,2017-10-27,5823,github
https://github.com/kdeldycke/awesome-falsehood,stars,2017-10-28,5832,github
https://github.com/kdeldycke/awesome-falsehood,stars,2017-10-29,5838,github
https://github.com/kdeldycke/awesome-falsehood,stars,2017-10-30,5845,github
https://github.com/kdeldycke/awesome-falsehood,stars,2017-10-31,5859,github
https://github.com/kdeldycke/awesome-falsehood,stars,2017-11-01,5867,github
https://github.com/kdeldycke/awesome-falsehood,stars,2017-11-02,5870,github
https://github.com/kdeldycke/awesome-falsehood,stars,2017-11-03,5877,github
https://github.com/kdeldycke/awesome-falsehood,stars,2017-11-04,5883,github
https://github.com/kdeldycke/awesome-falsehood,stars,2017-11-05,5886,github
https://github.com/kdeldycke/awesome-falsehood,stars,2017-11-06,5891,github
https://github.com/kdeldycke/awesome-falsehood,stars,2017-11-08,5895,github
https://github.com/kdeldycke/awesome-falsehood,stars,2017-11-09,5903,github
https://github.com/kdeldycke/awesome-falsehood,stars,2017-11-10,5907,github
https://github.com/kdeldycke/awesome-falsehood,stars,2017-11-11,5908,github
https://github.com/kdeldycke/awesome-falsehood,stars,2017-11-12,5912,github
https://github.com/kdeldycke/awesome-falsehood,stars,2017-11-13,5914,github
https://github.com/kdeldycke/awesome-falsehood,stars,2017-11-14,5929,github
https://github.com/kdeldycke/awesome-falsehood,stars,2017-11-15,5953,github
https://github.com/kdeldycke/awesome-falsehood,stars,2017-11-16,5963,github
https://github.com/kdeldycke/awesome-falsehood,stars,2017-11-17,5966,github
https://github.com/kdeldycke/awesome-falsehood,stars,2017-11-18,5967,github
https://github.com/kdeldycke/awesome-falsehood,stars,2017-11-19,5969,github
https://github.com/kdeldycke/awesome-falsehood,stars,2017-11-20,5970,github
https://github.com/kdeldycke/awesome-falsehood,stars,2017-11-21,5972,github
https://github.com/kdeldycke/awesome-falsehood,stars,2017-11-22,5977,github
https://github.com/kdeldycke/awesome-falsehood,stars,2017-11-23,5980,github
https://github.com/kdeldycke/awesome-falsehood,stars,2017-11-24,5986,github
https://github.com/kdeldycke/awesome-falsehood,stars,2017-11-25,5988,github
https://github.com/kdeldycke/awesome-falsehood,stars,2017-11-26,5990,github
https://github.com/kdeldycke/awesome-falsehood,stars,2017-11-27,5992,github
https://github.com/kdeldycke/awesome-falsehood,stars,2017-11-28,5993,github
https://github.com/kdeldycke/awesome-falsehood,stars,2017-11-29,5999,github
https://github.com/kdeldycke/awesome-falsehood,stars,2017-11-30,6010,github
https://github.com/kdeldycke/awesome-falsehood,stars,2017-12-01,6015,github
https://github.com/kdeldycke/awesome-falsehood,stars,2017-12-02,6017,github
https://github.com/kdeldycke/awesome-falsehood,stars,2017-12-04,6019,github
https://github.com/kdeldycke/awesome-falsehood,stars,2017-12-05,6023,github
https://github.com/kdeldycke/awesome-falsehood,stars,2017-12-06,6027,github
https://github.com/kdeldycke/awesome-falsehood,stars,2017-12-07,6035,github
https://github.com/kdeldycke/awesome-falsehood,stars,2017-12-08,6037,github
https://github.com/kdeldycke/awesome-falsehood,stars,2017-12-09,6040,github
https://github.com/kdeldycke/awesome-falsehood,stars,2017-12-10,6047,github
https://github.com/kdeldycke/awesome-falsehood,stars,2017-12-11,6051,github
https://github.com/kdeldycke/awesome-falsehood,stars,2017-12-12,6052,github
https://github.com/kdeldycke/awesome-falsehood,stars,2017-12-13,6054,github
https://github.com/kdeldycke/awesome-falsehood,stars,2017-12-14,6055,github
https://github.com/kdeldycke/awesome-falsehood,stars,2017-12-15,6061,github
https://github.com/kdeldycke/awesome-falsehood,stars,2017-12-16,6063,github
https://github.com/kdeldycke/awesome-falsehood,stars,2017-12-17,6065,github
https://github.com/kdeldycke/awesome-falsehood,stars,2017-12-18,6076,github
https://github.com/kdeldycke/awesome-falsehood,stars,2017-12-19,6081,github
https://github.com/kdeldycke/awesome-falsehood,stars,2017-12-20,6087,github
https://github.com/kdeldycke/awesome-falsehood,stars,2017-12-21,6090,github
https://github.com/kdeldycke/awesome-falsehood,stars,2017-12-22,6095,github
https://github.com/kdeldycke/awesome-falsehood,stars,2017-12-23,6099,github
https://github.com/kdeldycke/awesome-falsehood,stars,2017-12-24,6101,github
https://github.com/kdeldycke/awesome-falsehood,stars,2017-12-25,6106,github
https://github.com/kdeldycke/awesome-falsehood,stars,2017-12-26,6115,github
https://github.com/kdeldycke/awesome-falsehood,stars,2017-12-27,6123,github
https://github.com/kdeldycke/awesome-falsehood,stars,2017-12-28,6132,github
https://github.com/kdeldycke/awesome-falsehood,stars,2017-12-29,6137,github
https://github.com/kdeldycke/awesome-falsehood,stars,2017-12-31,6138,github
https://github.com/kdeldycke/awesome-falsehood,stars,2018-01-01,6141,github
https://github.com/kdeldycke/awesome-falsehood,stars,2018-01-02,6144,github
https://github.com/kdeldycke/awesome-falsehood,stars,2018-01-03,6146,github
https://github.com/kdeldycke/awesome-falsehood,stars,2018-01-04,6149,github
https://github.com/kdeldycke/awesome-falsehood,stars,2018-01-05,6151,github
https://github.com/kdeldycke/awesome-falsehood,stars,2018-01-06,6153,github
https://github.com/kdeldycke/awesome-falsehood,stars,2018-01-07,6157,github
https://github.com/kdeldycke/awesome-falsehood,stars,2018-01-08,6163,github
https://github.com/kdeldycke/awesome-falsehood,stars,2018-01-09,6169,github
https://github.com/kdeldycke/awesome-falsehood,stars,2018-01-10,6170,github
https://github.com/kdeldycke/awesome-falsehood,stars,2018-01-11,6173,github
https://github.com/kdeldycke/awesome-falsehood,stars,2018-01-12,6178,github
https://github.com/kdeldycke/awesome-falsehood,stars,2018-01-13,6189,github
https://github.com/kdeldycke/awesome-falsehood,stars,2018-01-14,6193,github
https://github.com/kdeldycke/awesome-falsehood,stars,2018-01-16,6194,github
https://github.com/kdeldycke/awesome-falsehood,stars,2018-01-17,6197,github
https://github.com/kdeldycke/awesome-falsehood,stars,2018-01-18,6200,github
https://github.com/kdeldycke/awesome-falsehood,stars,2018-01-19,6207,github
https://github.com/kdeldycke/awesome-falsehood,stars,2018-01-20,6209,github
https://github.com/kdeldycke/awesome-falsehood,stars,2018-01-21,6216,github
https://github.com/kdeldycke/awesome-falsehood,stars,2018-01-22,6236,github
https://github.com/kdeldycke/awesome-falsehood,stars,2018-01-23,6249,github
https://github.com/kdeldycke/awesome-falsehood,stars,2018-01-24,6254,github
https://github.com/kdeldycke/awesome-falsehood,stars,2018-01-25,6258,github
https://github.com/kdeldycke/awesome-falsehood,stars,2018-01-26,6263,github
https://github.com/kdeldycke/awesome-falsehood,stars,2018-01-27,6264,github
https://github.com/kdeldycke/awesome-falsehood,stars,2018-01-28,6266,github
https://github.com/kdeldycke/awesome-falsehood,stars,2018-01-29,6269,github
https://github.com/kdeldycke/awesome-falsehood,stars,2018-01-30,6283,github
https://github.com/kdeldycke/awesome-falsehood,stars,2018-01-31,6284,github
https://github.com/kdeldycke/awesome-falsehood,stars,2018-02-01,6289,github
https://github.com/kdeldycke/awesome-falsehood,stars,2018-02-02,6292,github
https://github.com/kdeldycke/awesome-falsehood,stars,2018-02-03,6293,github
https://github.com/kdeldycke/awesome-falsehood,stars,2018-02-05,6298,github
https://github.com/kdeldycke/awesome-falsehood,stars,2018-02-06,6301,github
https://github.com/kdeldycke/awesome-falsehood,stars,2018-02-07,6302,github
https://github.com/kdeldycke/awesome-falsehood,stars,2018-02-08,6313,github
https://github.com/kdeldycke/awesome-falsehood,stars,2018-02-09,6318,github
https://github.com/kdeldycke/awesome-falsehood,stars,2018-02-10,6324,github
https://github.com/kdeldycke/awesome-falsehood,stars,2018-02-11,6330,github
https://github.com/kdeldycke/awesome-falsehood,stars,2018-02-12,6336,github
https://github.com/kdeldycke/awesome-falsehood,stars,2018-02-13,6340,github
https://github.com/kdeldycke/awesome-falsehood,stars,2018-02-14,6345,github
https://github.com/kdeldycke/awesome-falsehood,stars,2018-02-15,6351,github
https://github.com/kdeldycke/awesome-falsehood,stars,2018-02-16,6352,github
https://github.com/kdeldycke/awesome-falsehood,stars,2018-02-17,6356,github
https://github.com/kdeldycke/awesome-falsehood,stars,2018-02-18,6358,github
https://github.com/kdeldycke/awesome-falsehood,stars,2018-02-19,6364,github
https://github.com/kdeldycke/awesome-falsehood,stars,2018-02-20,6366,github
https://github.com/kdeldycke/awesome-falsehood,stars,2018-02-21,6369,github
https://github.com/kdeldycke/awesome-falsehood,stars,2018-02-22,6371,github
https://github.com/kdeldycke/awesome-falsehood,stars,2018-02-23,6376,github
https://github.com/kdeldycke/awesome-falsehood,stars,2018-02-24,6378,github
https://github.com/kdeldycke/awesome-falsehood,stars,2018-02-26,6383,github
https://github.com/kdeldycke/awesome-falsehood,stars,2018-02-27,6388,github
https://github.com/kdeldycke/awesome-falsehood,stars,2018-02-28,6390,github
https://github.com/kdeldycke/awesome-falsehood,stars,2018-03-01,6391,github
https://github.com/kdeldycke/awesome-falsehood,stars,2018-03-02,6393,github
https://github.com/kdeldycke/awesome-falsehood,stars,2018-03-03,6394,github
https://github.com/kdeldycke/awesome-falsehood,stars,2018-03-04,6397,github
https://github.com/kdeldycke/awesome-falsehood,stars,2018-03-05,6400,github
https://github.com/kdeldycke/awesome-falsehood,stars,2018-03-06,6404,github
https://github.com/kdeldycke/awesome-falsehood,stars,2018-03-07,6407,github
https://github.com/kdeldycke/awesome-falsehood,stars,2018-03-08,6410,github
https://github.com/kdeldycke/awesome-falsehood,stars,2018-03-09,6415,github
https://github.com/kdeldycke/awesome-falsehood,stars,2018-03-10,6417,github
https://github.com/kdeldycke/awesome-falsehood,stars,2018-03-11,6418,github
https://github.com/kdeldycke/awesome-falsehood,stars,2018-03-12,6423,github
https://github.com/kdeldycke/awesome-falsehood,stars,2018-03-13,6427,github
https://github.com/kdeldycke/awesome-falsehood,stars,2018-03-14,6433,github
https://github.com/kdeldycke/awesome-falsehood,stars,2018-03-16,6440,github
https://github.com/kdeldycke/awesome-falsehood,stars,2018-03-18,6442,github
https://github.com/kdeldycke/awesome-falsehood,stars,2018-03-19,6445,github
https://github.com/kdeldycke/awesome-falsehood,stars,2018-03-20,6447,github
https://github.com/kdeldycke/awesome-falsehood,stars,2018-03-21,6452,github
https://github.com/kdeldycke/awesome-falsehood,stars,2018-03-22,6459,github
https://github.com/kdeldycke/awesome-falsehood,stars,2018-03-23,6466,github
https://github.com/kdeldycke/awesome-falsehood,stars,2018-03-24,6469,github
https://github.com/kdeldycke/awesome-falsehood,stars,2018-03-25,6470,github
https://github.com/kdeldycke/awesome-falsehood,stars,2018-03-26,6478,github
https://github.com/kdeldycke/awesome-falsehood,stars,2018-03-27,6481,github
https://github.com/kdeldycke/awesome-falsehood,stars,2018-03-28,6487,github
https://github.com/kdeldycke/awesome-falsehood,stars,2018-03-29,6489,github
https://github.com/kdeldycke/awesome-falsehood,stars,2018-03-30,6490,github
https://github.com/kdeldycke/awesome-falsehood,stars,2018-03-31,6491,github
https://github.com/kdeldycke/awesome-falsehood,stars,2018-04-02,6492,github
https://github.com/kdeldycke/awesome-falsehood,stars,2018-04-03,6493,github
https://github.com/kdeldycke/awesome-falsehood,stars,2018-04-04,6495,github
https://github.com/kdeldycke/awesome-falsehood,stars,2018-04-05,6499,github
https://github.com/kdeldycke/awesome-falsehood,stars,2018-04-06,6502,github
https://github.com/kdeldycke/awesome-falsehood,stars,2018-04-07,6513,github
https://github.com/kdeldycke/awesome-falsehood,stars,2018-04-08,6527,github
https://github.com/kdeldycke/awesome-falsehood,stars,2018-04-09,6546,github
https://github.com/kdeldycke/awesome-falsehood,stars,2018-04-10,6558,github
https://github.com/kdeldycke/awesome-falsehood,stars,2018-04-11,6574,github
https://github.com/kdeldycke/awesome-falsehood,stars,2018-04-12,6582,github
https://github.com/kdeldycke/awesome-falsehood,stars,2018-04-13,6586,github
https://github.com/kdeldycke/awesome-falsehood,stars,2018-04-14,6588,github
https://github.com/kdeldycke/awesome-falsehood,stars,2018-04-15,6589,github
https://github.com/kdeldycke/awesome-falsehood,stars,2018-04-16,6595,github
https://github.com/kdeldycke/awesome-falsehood,stars,2018-04-17,6599,github
https://github.com/kdeldycke/awesome-falsehood,stars,2018-04-18,6607,github
https://github.com/kdeldycke/awesome-falsehood,stars,2018-04-19,6644,github
https://github.com/kdeldycke/awesome-falsehood,stars,2018-04-20,6651,github
https://github.com/kdeldycke/awesome-falsehood,stars,2018-04-22,6652,github
https://github.com/kdeldycke/awesome-falsehood,stars,2018-04-23,6658,github
https://github.com/kdeldycke/awesome-falsehood,stars,2018-04-24,6665,github
https://github.com/kdeldycke/awesome-falsehood,stars,2018-04-25,6673,github
https://github.com/kdeldycke/awesome-falsehood,stars,2018-04-26,6676,github
https://github.com/kdeldycke/awesome-falsehood,stars,2018-04-27,6678,github
https://github.com/kdeldycke/awesome-falsehood,stars,2018-04-28,6679,github
https://github.com/kdeldycke/awesome-falsehood,stars,2018-04-29,6700,github
https://github.com/kdeldycke/awesome-falsehood,stars,2018-04-30,6742,github
https://github.com/kdeldycke/awesome-falsehood,stars,2018-05-01,6755,github
https://github.com/kdeldycke/awesome-falsehood,stars,2018-05-02,6761,github
https://github.com/kdeldycke/awesome-falsehood,stars,2018-05-03,6766,github
https://github.com/kdeldycke/awesome-falsehood,stars,2018-05-04,6767,github
https://github.com/kdeldycke/awesome-falsehood,stars,2018-05-05,6768,github
https://github.com/kdeldycke/awesome-falsehood,stars,2018-05-06,6771,github
https://github.com/kdeldycke/awesome-falsehood,stars,2018-05-07,6776,github
https://github.com/kdeldycke/awesome-falsehood,stars,2018-05-08,6778,github
https://github.com/kdeldycke/awesome-falsehood,stars,2018-05-09,6779,github
https://github.com/kdeldycke/awesome-falsehood,stars,2018-05-10,6782,github
https://github.com/kdeldycke/awesome-falsehood,stars,2018-05-11,6783,github
https://github.com/kdeldycke/awesome-falsehood,stars,2018-05-12,6786,github
https://github.com/kdeldycke/awesome-falsehood,stars,2018-05-13,6791,github
https://github.com/kdeldycke/awesome-falsehood,stars,2018-05-14,6802,github
https://github.com/kdeldycke/awesome-falsehood,stars,2018-05-15,6807,github
https://github.com/kdeldycke/awesome-falsehood,stars,2018-05-16,6812,github
https://github.com/kdeldycke/awesome-falsehood,stars,2018-05-17,6818,github
https://github.com/kdeldycke/awesome-falsehood,stars,2018-05-18,6822,github
https://github.com/kdeldycke/awesome-falsehood,stars,2018-05-19,6828,github
https://github.com/kdeldycke/awesome-falsehood,stars,2018-05-20,6830,github
https://github.com/kdeldycke/awesome-falsehood,stars,2018-05-21,6833,github
https://github.com/kdeldycke/awesome-falsehood,stars,2018-05-22,6836,github
https://github.com/kdeldycke/awesome-falsehood,stars,2018-05-23,6848,github
https://github.com/kdeldycke/awesome-falsehood,stars,2018-05-24,6851,github
https://github.com/kdeldycke/awesome-falsehood,stars,2018-05-26,6854,github
https://github.com/kdeldycke/awesome-falsehood,stars,2018-05-27,6856,github
https://github.com/kdeldycke/awesome-falsehood,stars,2018-05-28,6858,github
https://github.com/kdeldycke/awesome-falsehood,stars,2018-05-30,6863,github
https://github.com/kdeldycke/awesome-falsehood,stars,2018-05-31,6866,github
https://github.com/kdeldycke/awesome-falsehood,stars,2018-06-01,6868,github
https://github.com/kdeldycke/awesome-falsehood,stars,2018-06-02,6869,github
https://github.com/kdeldycke/awesome-falsehood,stars,2018-06-03,6871,github
https://github.com/kdeldycke/awesome-falsehood,stars,2018-06-04,6881,github
https://github.com/kdeldycke/awesome-falsehood,stars,2018-06-05,6892,github
https://github.com/kdeldycke/awesome-falsehood,stars,2018-06-06,6898,github
https://github.com/kdeldycke/awesome-falsehood,stars,2018-06-07,6901,github
https://github.com/kdeldycke/awesome-falsehood,stars,2018-06-08,6907,github
https://github.com/kdeldycke/awesome-falsehood,stars,2018-06-09,6912,github
https://github.com/kdeldycke/awesome-falsehood,stars,2018-06-10,6913,github
https://github.com/kdeldycke/awesome-falsehood,stars,2018-06-11,6915,github
https://github.com/kdeldycke/awesome-falsehood,stars,2018-06-12,6917,github
https://github.com/kdeldycke/awesome-falsehood,stars,2018-06-13,6920,github
https://github.com/kdeldycke/awesome-falsehood,stars,2018-06-14,6923,github
https://github.com/kdeldycke/awesome-falsehood,stars,2018-06-15,6924,github
https://github.com/kdeldycke/awesome-falsehood,stars,2018-06-17,6925,github
https://github.com/kdeldycke/awesome-falsehood,stars,2018-06-18,6931,github
https://github.com/kdeldycke/awesome-falsehood,stars,2018-06-19,6937,github
https://github.com/kdeldycke/awesome-falsehood,stars,2018-06-20,6947,github
https://github.com/kdeldycke/awesome-falsehood,stars,2018-06-21,6948,github
https://github.com/kdeldycke/awesome-falsehood,stars,2018-06-22,6951,github
https://github.com/kdeldycke/awesome-falsehood,stars,2018-06-23,6953,github
https://github.com/kdeldycke/awesome-falsehood,stars,2018-06-24,6955,github
https://github.com/kdeldycke/awesome-falsehood,stars,2018-06-27,6956,github
https://github.com/kdeldycke/awesome-falsehood,stars,2018-06-28,6960,github
https://github.com/kdeldycke/awesome-falsehood,stars,2018-07-01,6961,github
https://github.com/kdeldycke/awesome-falsehood,stars,2018-07-02,6969,github
https://github.com/kdeldycke/awesome-falsehood,stars,2018-07-03,6971,github
https://github.com/kdeldycke/awesome-falsehood,stars,2018-07-04,6972,github
https://github.com/kdeldycke/awesome-falsehood,stars,2018-07-06,6974,github
https://github.com/kdeldycke/awesome-falsehood,stars,2018-07-07,6975,github
https://github.com/kdeldycke/awesome-falsehood,stars,2018-07-08,6977,github
https://github.com/kdeldycke/awesome-falsehood,stars,2018-07-09,6980,github
https://github.com/kdeldycke/awesome-falsehood,stars,2018-07-11,6983,github
https://github.com/kdeldycke/awesome-falsehood,stars,2018-07-12,6985,github
https://github.com/kdeldycke/awesome-falsehood,stars,2018-07-13,6992,github
https://github.com/kdeldycke/awesome-falsehood,stars,2018-07-14,6993,github
https://github.com/kdeldycke/awesome-falsehood,stars,2018-07-15,6998,github
https://github.com/kdeldycke/awesome-falsehood,stars,2018-07-16,7038,github
https://github.com/kdeldycke/awesome-falsehood,stars,2018-07-17,7045,github
https://github.com/kdeldycke/awesome-falsehood,stars,2018-07-18,7048,github
https://github.com/kdeldycke/awesome-falsehood,stars,2018-07-19,7050,github
https://github.com/kdeldycke/awesome-falsehood,stars,2018-07-20,7051,github
https://github.com/kdeldycke/awesome-falsehood,stars,2018-07-21,7052,github
https://github.com/kdeldycke/awesome-falsehood,stars,2018-07-22,7053,github
https://github.com/kdeldycke/awesome-falsehood,stars,2018-07-23,7063,github
https://github.com/kdeldycke/awesome-falsehood,stars,2018-07-24,7066,github
https://github.com/kdeldycke/awesome-falsehood,stars,2018-07-25,7068,github
https://github.com/kdeldycke/awesome-falsehood,stars,2018-07-26,7069,github
https://github.com/kdeldycke/awesome-falsehood,stars,2018-07-27,7075,github
https://github.com/kdeldycke/awesome-falsehood,stars,2018-07-28,7079,github
https://github.com/kdeldycke/awesome-falsehood,stars,2018-07-30,7081,github
https://github.com/kdeldycke/awesome-falsehood,stars,2018-07-31,7084,github
https://github.com/kdeldycke/awesome-falsehood,stars,2018-08-01,7087,github
https://github.com/kdeldycke/awesome-falsehood,stars,2018-08-02,7093,github
https://github.com/kdeldycke/awesome-falsehood,stars,2018-08-03,7096,github
https://github.com/kdeldycke/awesome-falsehood,stars,2018-08-04,7099,github
https://github.com/kdeldycke/awesome-falsehood,stars,2018-08-05,7100,github
https://github.com/kdeldycke/awesome-falsehood,stars,2018-08-06,7103,github
https://github.com/kdeldycke/awesome-falsehood,stars,2018-08-07,7104,github
https://github.com/kdeldycke/awesome-falsehood,stars,2018-08-09,7105,github
https://github.com/kdeldycke/awesome-falsehood,stars,2018-08-10,7107,github
https://github.com/kdeldycke/awesome-falsehood,stars,2018-08-11,7108,github
https://github.com/kdeldycke/awesome-falsehood,stars,2018-08-12,7109,github
https://github.com/kdeldycke/awesome-falsehood,stars,2018-08-13,7114,github
https://github.com/kdeldycke/awesome-falsehood,stars,2018-08-14,7121,github
https://github.com/kdeldycke/awesome-falsehood,stars,2018-08-15,7126,github
https://github.com/kdeldycke/awesome-falsehood,stars,2018-08-16,7129,github
https://github.com/kdeldycke/awesome-falsehood,stars,2018-08-17,7132,github
https://github.com/kdeldycke/awesome-falsehood,stars,2018-08-18,7133,github
https://github.com/kdeldycke/awesome-falsehood,stars,2018-08-19,7136,github
https://github.com/kdeldycke/awesome-falsehood,stars,2018-08-20,7143,github
https://github.com/kdeldycke/awesome-falsehood,stars,2018-08-21,7146,github
https://github.com/kdeldycke/awesome-falsehood,stars,2018-08-23,7150,github
https://github.com/kdeldycke/awesome-falsehood,stars,2018-08-24,7151,github
https://github.com/kdeldycke/awesome-falsehood,stars,2018-08-25,7158,github
https://github.com/kdeldycke/awesome-falsehood,stars,2018-08-26,7159,github
https://github.com/kdeldycke/awesome-falsehood,stars,2018-08-27,7165,github
https://github.com/kdeldycke/awesome-falsehood,stars,2018-08-28,7169,github
https://github.com/kdeldycke/awesome-falsehood,stars,2018-08-29,7179,github
https://github.com/kdeldycke/awesome-falsehood,stars,2018-08-30,7183,github
https://github.com/kdeldycke/awesome-falsehood,stars,2018-08-31,7191,github
https://github.com/kdeldycke/awesome-falsehood,stars,2018-09-02,7193,github
https://github.com/kdeldycke/awesome-falsehood,stars,2018-09-03,7195,github
https://github.com/kdeldycke/awesome-falsehood,stars,2018-09-04,7200,github
https://github.com/kdeldycke/awesome-falsehood,stars,2018-09-05,7206,github
https://github.com/kdeldycke/awesome-falsehood,stars,2018-09-06,7211,github
https://github.com/kdeldycke/awesome-falsehood,stars,2018-09-07,7215,github
https://github.com/kdeldycke/awesome-falsehood,stars,2018-09-09,7216,github
https://github.com/kdeldycke/awesome-falsehood,stars,2018-09-10,7218,github
https://github.com/kdeldycke/awesome-falsehood,stars,2018-09-11,7219,github
https://github.com/kdeldycke/awesome-falsehood,stars,2018-09-12,7222,github
https://github.com/kdeldycke/awesome-falsehood,stars,2018-09-13,7229,github
https://github.com/kdeldycke/awesome-falsehood,stars,2018-09-14,7236,github
https://github.com/kdeldycke/awesome-falsehood,stars,2018-09-15,7239,github
https://github.com/kdeldycke/awesome-falsehood,stars,2018-09-16,7241,github
https://github.com/kdeldycke/awesome-falsehood,stars,2018-09-17,7243,github
https://github.com/kdeldycke/awesome-falsehood,stars,2018-09-18,7246,github
https://github.com/kdeldycke/awesome-falsehood,stars,2018-09-19,7249,github
https://github.com/kdeldycke/awesome-falsehood,stars,2018-09-20,7254,github
https://github.com/kdeldycke/awesome-falsehood,stars,2018-09-21,7268,github
https://github.com/kdeldycke/awesome-falsehood,stars,2018-09-24,7273,github
https://github.com/kdeldycke/awesome-falsehood,stars,2018-09-25,7280,github
https://github.com/kdeldycke/awesome-falsehood,stars,2018-09-26,7284,github
https://github.com/kdeldycke/awesome-falsehood,stars,2018-09-27,7304,github
https://github.com/kdeldycke/awesome-falsehood,stars,2018-09-28,7310,github
https://github.com/kdeldycke/awesome-falsehood,stars,2018-09-29,7360,github
https://github.com/kdeldycke/awesome-falsehood,stars,2018-09-30,7362,github
https://github.com/kdeldycke/awesome-falsehood,stars,2018-10-01,7366,github
https://github.com/kdeldycke/awesome-falsehood,stars,2018-10-02,7370,github
https://github.com/kdeldycke/awesome-falsehood,stars,2018-10-03,7376,github
https://github.com/kdeldycke/awesome-falsehood,stars,2018-10-04,7384,github
https://github.com/kdeldycke/awesome-falsehood,stars,2018-10-05,7391,github
https://github.com/kdeldycke/awesome-falsehood,stars,2018-10-06,7393,github
https://github.com/kdeldycke/awesome-falsehood,stars,2018-10-08,7396,github
https://github.com/kdeldycke/awesome-falsehood,stars,2018-10-09,7397,github
https://github.com/kdeldycke/awesome-falsehood,stars,2018-10-10,7404,github
https://github.com/kdeldycke/awesome-falsehood,stars,2018-10-11,7409,github
https://github.com/kdeldycke/awesome-falsehood,stars,2018-10-12,7414,github
https://github.com/kdeldycke/awesome-falsehood,stars,2018-10-13,7417,github
https://github.com/kdeldycke/awesome-falsehood,stars,2018-10-14,7418,github
https://github.com/kdeldycke/awesome-falsehood,stars,2018-10-15,7423,github
https://github.com/kdeldycke/awesome-falsehood,stars,2018-10-16,7426,github
https://github.com/kdeldycke/awesome-falsehood,stars,2018-10-17,7428,github
https://github.com/kdeldycke/awesome-falsehood,stars,2018-10-18,7440,github
https://github.com/kdeldycke/awesome-falsehood,stars,2018-10-19,7447,github
https://github.com/kdeldycke/awesome-falsehood,stars,2018-10-20,7458,github
https://github.com/kdeldycke/awesome-falsehood,stars,2018-10-21,7461,github
https://github.com/kdeldycke/awesome-falsehood,stars,2018-10-22,7467,github
https://github.com/kdeldycke/awesome-falsehood,stars,2018-10-23,7469,github
https://github.com/kdeldycke/awesome-falsehood,stars,2018-10-24,7474,github
https://github.com/kdeldycke/awesome-falsehood,stars,2018-10-25,7475,github
https://github.com/kdeldycke/awesome-falsehood,stars,2018-10-26,7491,github
https://github.com/kdeldycke/awesome-falsehood,stars,2018-10-27,7497,github
https://github.com/kdeldycke/awesome-falsehood,stars,2018-10-28,7507,github
https://github.com/kdeldycke/awesome-falsehood,stars,2018-10-29,7522,github
https://github.com/kdeldycke/awesome-falsehood,stars,2018-10-30,7541,github
https://github.com/kdeldycke/awesome-falsehood,stars,2018-10-31,7548,github
https://github.com/kdeldycke/awesome-falsehood,stars,2018-11-01,7552,github
https://github.com/kdeldycke/awesome-falsehood,stars,2018-11-02,7554,github
https://github.com/kdeldycke/awesome-falsehood,stars,2018-11-03,7557,github
https://github.com/kdeldycke/awesome-falsehood,stars,2018-11-04,7560,github
https://github.com/kdeldycke/awesome-falsehood,stars,2018-11-05,7565,github
https://github.com/kdeldycke/awesome-falsehood,stars,2018-11-06,7569,github
https://github.com/kdeldycke/awesome-falsehood,stars,2018-11-07,7571,github
https://github.com/kdeldycke/awesome-falsehood,stars,2018-11-08,7574,github
https://github.com/kdeldycke/awesome-falsehood,stars,2018-11-09,7581,github
https://github.com/kdeldycke/awesome-falsehood,stars,2018-11-10,7586,github
https://github.com/kdeldycke/awesome-falsehood,stars,2018-11-11,7591,github
https://github.com/kdeldycke/awesome-falsehood,stars,2018-11-12,7595,github
https://github.com/kdeldycke/awesome-falsehood,stars,2018-11-13,7598,github
https://github.com/kdeldycke/awesome-falsehood,stars,2018-11-14,7601,github
https://github.com/kdeldycke/awesome-falsehood,stars,2018-11-15,7603,github
https://github.com/kdeldycke/awesome-falsehood,stars,2018-11-16,7604,github
https://github.com/kdeldycke/awesome-falsehood,stars,2018-11-17,7605,github
https://github.com/kdeldycke/awesome-falsehood,stars,2018-11-18,7607,github
https://github.com/kdeldycke/awesome-falsehood,stars,2018-11-19,7626,github
https://github.com/kdeldycke/awesome-falsehood,stars,2018-11-20,7648,github
https://github.com/kdeldycke/awesome-falsehood,stars,2018-11-21,7654,github
https://github.com/kdeldycke/awesome-falsehood,stars,2018-11-22,7666,github
https://github.com/kdeldycke/awesome-falsehood,stars,2018-11-23,7668,github
https://github.com/kdeldycke/awesome-falsehood,stars,2018-11-24,7671,github
https://github.com/kdeldycke/awesome-falsehood,stars,2018-11-25,7674,github
https://github.com/kdeldycke/awesome-falsehood,stars,2018-11-26,7677,github
https://github.com/kdeldycke/awesome-falsehood,stars,2018-11-27,7682,github
https://github.com/kdeldycke/awesome-falsehood,stars,2018-11-28,7687,github
https://github.com/kdeldycke/awesome-falsehood,stars,2018-11-29,7690,github
https://github.com/kdeldycke/awesome-falsehood,stars,2018-11-30,7700,github
https://github.com/kdeldycke/awesome-falsehood,stars,2018-12-01,7708,github
https://github.com/kdeldycke/awesome-falsehood,stars,2018-12-02,7726,github
https://github.com/kdeldycke/awesome-falsehood,stars,2018-12-03,7756,github
https://github.com/kdeldycke/awesome-falsehood,stars,2018-12-04,7765,github
https://github.com/kdeldycke/awesome-falsehood,stars,2018-12-05,7778,github
https://github.com/kdeldycke/awesome-falsehood,stars,2018-12-06,7782,github
https://github.com/kdeldycke/awesome-falsehood,stars,2018-12-07,7790,github
https://github.com/kdeldycke/awesome-falsehood,stars,2018-12-08,7791,github
https://github.com/kdeldycke/awesome-falsehood,stars,2018-12-09,7792,github
https://github.com/kdeldycke/awesome-falsehood,stars,2018-12-10,7796,github
https://github.com/kdeldycke/awesome-falsehood,stars,2018-12-11,7798,github
https://github.com/kdeldycke/awesome-falsehood,stars,2018-12-12,7852,github
https://github.com/kdeldycke/awesome-falsehood,stars,2018-12-13,7868,github
https://github.com/kdeldycke/awesome-falsehood,stars,2018-12-14,7872,github
https://github.com/kdeldycke/awesome-falsehood,stars,2018-12-15,7880,github
https://github.com/kdeldycke/awesome-falsehood,stars,2018-12-16,7886,github
https://github.com/kdeldycke/awesome-falsehood,stars,2018-12-17,7889,github
https://github.com/kdeldycke/awesome-falsehood,stars,2018-12-18,7896,github
https://github.com/kdeldycke/awesome-falsehood,stars,2018-12-19,7901,github
https://github.com/kdeldycke/awesome-falsehood,stars,2018-12-20,7905,github
https://github.com/kdeldycke/awesome-falsehood,stars,2018-12-21,7909,github
https://github.com/kdeldycke/awesome-falsehood,stars,2018-12-22,7910,github
https://github.com/kdeldycke/awesome-falsehood,stars,2018-12-23,7915,github
https://github.com/kdeldycke/awesome-falsehood,stars,2018-12-25,7916,github
https://github.com/kdeldycke/awesome-falsehood,stars,2018-12-26,7921,github
https://github.com/kdeldycke/awesome-falsehood,stars,2018-12-28,7927,github
https://github.com/kdeldycke/awesome-falsehood,stars,2018-12-29,7929,github
https://github.com/kdeldycke/awesome-falsehood,stars,2018-12-30,7930,github
https://github.com/kdeldycke/awesome-falsehood,stars,2018-12-31,7931,github
https://github.com/kdeldycke/awesome-falsehood,stars,2019-01-01,7934,github
https://github.com/kdeldycke/awesome-falsehood,stars,2019-01-02,7943,github
https://github.com/kdeldycke/awesome-falsehood,stars,2019-01-03,7946,github
https://github.com/kdeldycke/awesome-falsehood,stars,2019-01-04,7948,github
https://github.com/kdeldycke/awesome-falsehood,stars,2019-01-05,7949,github
https://github.com/kdeldycke/awesome-falsehood,stars,2019-01-06,7950,github
https://github.com/kdeldycke/awesome-falsehood,stars,2019-01-07,7952,github
https://github.com/kdeldycke/awesome-falsehood,stars,2019-01-09,7953,github
https://github.com/kdeldycke/awesome-falsehood,stars,2019-01-10,7957,github
https://github.com/kdeldycke/awesome-falsehood,stars,2019-01-11,7963,github
https://github.com/kdeldycke/awesome-falsehood,stars,2019-01-12,7968,github
https://github.com/kdeldycke/awesome-falsehood,stars,2019-01-13,7970,github
https://github.com/kdeldycke/awesome-falsehood,stars,2019-01-14,7977,github
https://github.com/kdeldycke/awesome-falsehood,stars,2019-01-15,7981,github
https://github.com/kdeldycke/awesome-falsehood,stars,2019-01-16,7984,github
https://github.com/kdeldycke/awesome-falsehood,stars,2019-01-17,7989,github
https://github.com/kdeldycke/awesome-falsehood,stars,2019-01-18,8022,github
https://github.com/kdeldycke/awesome-falsehood,stars,2019-01-19,8027,github
https://github.com/kdeldycke/awesome-falsehood,stars,2019-01-20,8031,github
https://github.com/kdeldycke/awesome-falsehood,stars,2019-01-21,8039,github
https://github.com/kdeldycke/awesome-falsehood,stars,2019-01-22,8049,github
https://github.com/kdeldycke/awesome-falsehood,stars,2019-01-23,8053,github
https://github.com/kdeldycke/awesome-falsehood,stars,2019-01-24,8055,github
https://github.com/kdeldycke/awesome-falsehood,stars,2019-01-25,8056,github
https://github.com/kdeldycke/awesome-falsehood,stars,2019-01-26,8060,github
https://github.com/kdeldycke/awesome-falsehood,stars,2019-01-27,8063,github
https://github.com/kdeldycke/awesome-falsehood,stars,2019-01-28,8066,github
https://github.com/kdeldycke/awesome-falsehood,stars,2019-01-29,8070,github
https://github.com/kdeldycke/awesome-falsehood,stars,2019-01-30,8077,github
https://github.com/kdeldycke/awesome-falsehood,stars,2019-01-31,8082,github
https://github.com/kdeldycke/awesome-falsehood,stars,2019-02-01,8084,github
https://github.com/kdeldycke/awesome-falsehood,stars,2019-02-02,8089,github
https://github.com/kdeldycke/awesome-falsehood,stars,2019-02-03,8091,github
https://github.com/kdeldycke/awesome-falsehood,stars,2019-02-04,8094,github
https://github.com/kdeldycke/awesome-falsehood,stars,2019-02-05,8097,github
https://github.com/kdeldycke/awesome-falsehood,stars,2019-02-06,8102,github
https://github.com/kdeldycke/awesome-falsehood,stars,2019-02-07,8106,github
https://github.com/kdeldycke/awesome-falsehood,stars,2019-02-08,8107,github
https://github.com/kdeldycke/awesome-falsehood,stars,2019-02-12,8109,github
https://github.com/kdeldycke/awesome-falsehood,stars,2019-02-13,8111,github
https://github.com/kdeldycke/awesome-falsehood,stars,2019-02-14,8113,github
https://github.com/kdeldycke/awesome-falsehood,stars,2019-02-15,8114,github
https://github.com/kdeldycke/awesome-falsehood,stars,2019-02-16,8115,github
https://github.com/kdeldycke/awesome-falsehood,stars,2019-02-17,8118,github
https://github.com/kdeldycke/awesome-falsehood,stars,2019-02-18,8122,github
https://github.com/kdeldycke/awesome-falsehood,stars,2019-02-19,8128,github
https://github.com/kdeldycke/awesome-falsehood,stars,2019-02-20,8131,github
https://github.com/kdeldycke/awesome-falsehood,stars,2019-02-21,8495,github
https://github.com/kdeldycke/awesome-falsehood,stars,2019-02-22,8846,github
https://github.com/kdeldycke/awesome-falsehood,stars,2019-02-23,8986,github
https://github.com/kdeldycke/awesome-falsehood,stars,2019-02-24,9068,github
https://github.com/kdeldycke/awesome-falsehood,stars,2019-02-25,9109,github
https://github.com/kdeldycke/awesome-falsehood,stars,2019-02-26,9155,github
https://github.com/kdeldycke/awesome-falsehood,stars,2019-02-27,9189,github
https://github.com/kdeldycke/awesome-falsehood,stars,2019-02-28,9247,github
https://github.com/kdeldycke/awesome-falsehood,stars,2019-03-01,9283,github
https://github.com/kdeldycke/awesome-falsehood,stars,2019-03-02,9291,github
https://github.com/kdeldycke/awesome-falsehood,stars,2019-03-03,9301,github
https://github.com/kdeldycke/awesome-falsehood,stars,2019-03-04,9311,github
https://github.com/kdeldycke/awesome-falsehood,stars,2019-03-05,9325,github
https://github.com/kdeldycke/awesome-falsehood,stars,2019-03-06,9337,github
https://github.com/kdeldycke/awesome-falsehood,stars,2019-03-07,9349,github
https://github.com/kdeldycke/awesome-falsehood,stars,2019-03-08,9354,github
https://github.com/kdeldycke/awesome-falsehood,stars,2019-03-09,9359,github
https://github.com/kdeldycke/awesome-falsehood,stars,2019-03-10,9362,github
https://github.com/kdeldycke/awesome-falsehood,stars,2019-03-11,9367,github
https://github.com/kdeldycke/awesome-falsehood,stars,2019-03-12,9376,github
https://github.com/kdeldycke/awesome-falsehood,stars,2019-03-13,9384,github
https://github.com/kdeldycke/awesome-falsehood,stars,2019-03-14,9392,github
https://github.com/kdeldycke/awesome-falsehood,stars,2019-03-15,9398,github
https://github.com/kdeldycke/awesome-falsehood,stars,2019-03-16,9401,github
https://github.com/kdeldycke/awesome-falsehood,stars,2019-03-17,9404,github
https://github.com/kdeldycke/awesome-falsehood,stars,2019-03-18,9407,github
https://github.com/kdeldycke/awesome-falsehood,stars,2019-03-19,9411,github
https://github.com/kdeldycke/awesome-falsehood,stars,2019-03-20,9420,github
https://github.com/kdeldycke/awesome-falsehood,stars,2019-03-21,9428,github
https://github.com/kdeldycke/awesome-falsehood,stars,2019-03-22,9432,github
https://github.com/kdeldycke/awesome-falsehood,stars,2019-03-23,9435,github
https://github.com/kdeldycke/awesome-falsehood,stars,2019-03-24,9437,github
https://github.com/kdeldycke/awesome-falsehood,stars,2019-03-25,9440,github
https://github.com/kdeldycke/awesome-falsehood,stars,2019-03-26,9446,github
https://github.com/kdeldycke/awesome-falsehood,stars,2019-03-27,9453,github
https://github.com/kdeldycke/awesome-falsehood,stars,2019-03-28,9456,github
https://github.com/kdeldycke/awesome-falsehood,stars,2019-03-29,9462,github
https://github.com/kdeldycke/awesome-falsehood,stars,2019-03-30,9465,github
https://github.com/kdeldycke/awesome-falsehood,stars,2019-03-31,9468,github
https://github.com/kdeldycke/awesome-falsehood,stars,2019-04-01,9475,github
https://github.com/kdeldycke/awesome-falsehood,stars,2019-04-02,9478,github
https://github.com/kdeldycke/awesome-falsehood,stars,2019-04-03,9481,github
https://github.com/kdeldycke/awesome-falsehood,stars,2019-04-04,9487,github
https://github.com/kdeldycke/awesome-falsehood,stars,2019-04-05,9489,github
https://github.com/kdeldycke/awesome-falsehood,stars,2019-04-06,9490,github
https://github.com/kdeldycke/awesome-falsehood,stars,2019-04-07,9495,github
https://github.com/kdeldycke/awesome-falsehood,stars,2019-04-08,9500,github
https://github.com/kdeldycke/awesome-falsehood,stars,2019-04-09,9504,github
https://github.com/kdeldycke/awesome-falsehood,stars,2019-04-10,9507,github
https://github.com/kdeldycke/awesome-falsehood,stars,2019-04-11,9515,github
https://github.com/kdeldycke/awesome-falsehood,stars,2019-04-12,9519,github
https://github.com/kdeldycke/awesome-falsehood,stars,2019-04-13,9521,github
https://github.com/kdeldycke/awesome-falsehood,stars,2019-04-14,9523,github
https://github.com/kdeldycke/awesome-falsehood,stars,2019-04-15,9530,github
https://github.com/kdeldycke/awesome-falsehood,stars,2019-04-17,9532,github
https://github.com/kdeldycke/awesome-falsehood,stars,2019-04-18,9533,github
https://github.com/kdeldycke/awesome-falsehood,stars,2019-04-19,9534,github
https://github.com/kdeldycke/awesome-falsehood,stars,2019-04-20,9537,github
https://github.com/kdeldycke/awesome-falsehood,stars,2019-04-21,9538,github
https://github.com/kdeldycke/awesome-falsehood,stars,2019-04-22,9543,github
https://github.com/kdeldycke/awesome-falsehood,stars,2019-04-23,9548,github
https://github.com/kdeldycke/awesome-falsehood,stars,2019-04-24,9552,github
https://github.com/kdeldycke/awesome-falsehood,stars,2019-04-25,9555,github
https://github.com/kdeldycke/awesome-falsehood,stars,2019-04-26,9559,github
https://github.com/kdeldycke/awesome-falsehood,stars,2019-04-27,9562,github
https://github.com/kdeldycke/awesome-falsehood,stars,2019-04-28,9563,github
https://github.com/kdeldycke/awesome-falsehood,stars,2019-04-29,9564,github
https://github.com/kdeldycke/awesome-falsehood,stars,2019-04-30,9565,github
https://github.com/kdeldycke/awesome-falsehood,stars,2019-05-02,9567,github
https://github.com/kdeldycke/awesome-falsehood,stars,2019-05-03,9572,github
https://github.com/kdeldycke/awesome-falsehood,stars,2019-05-04,9576,github
https://github.com/kdeldycke/awesome-falsehood,stars,2019-05-05,9580,github
https://github.com/kdeldycke/awesome-falsehood,stars,2019-05-06,9581,github
https://github.com/kdeldycke/awesome-falsehood,stars,2019-05-08,9583,github
https://github.com/kdeldycke/awesome-falsehood,stars,2019-05-09,9586,github
https://github.com/kdeldycke/awesome-falsehood,stars,2019-05-11,9587,github
https://github.com/kdeldycke/awesome-falsehood,stars,2019-05-12,9589,github
https://github.com/kdeldycke/awesome-falsehood,stars,2019-05-13,9590,github
https://github.com/kdeldycke/awesome-falsehood,stars,2019-05-14,9593,github
https://github.com/kdeldycke/awesome-falsehood,stars,2019-05-15,9597,github
https://github.com/kdeldycke/awesome-falsehood,stars,2019-05-16,9611,github
https://github.com/kdeldycke/awesome-falsehood,stars,2019-05-17,9614,github
https://github.com/kdeldycke/awesome-falsehood,stars,2019-05-18,9616,github
https://github.com/kdeldycke/awesome-falsehood,stars,2019-05-19,9617,github
https://github.com/kdeldycke/awesome-falsehood,stars,2019-05-20,9618,github
https://github.com/kdeldycke/awesome-falsehood,stars,2019-05-21,9621,github
https://github.com/kdeldycke/awesome-falsehood,stars,2019-05-22,9623,github
https://github.com/kdeldycke/awesome-falsehood,stars,2019-05-23,9627,github
https://github.com/kdeldycke/awesome-falsehood,stars,2019-05-24,9630,github
https://github.com/kdeldycke/awesome-falsehood,stars,2019-05-25,9632,github
https://github.com/kdeldycke/awesome-falsehood,stars,2019-05-26,9633,github
https://github.com/kdeldycke/awesome-falsehood,stars,2019-05-27,9634,github
https://github.com/kdeldycke/awesome-falsehood,stars,2019-05-28,9640,github
https://github.com/kdeldycke/awesome-falsehood,stars,2019-05-29,9659,github
https://github.com/kdeldycke/awesome-falsehood,stars,2019-05-30,9678,github
https://github.com/kdeldycke/awesome-falsehood,stars,2019-05-31,9684,github
https://github.com/kdeldycke/awesome-falsehood,stars,2019-06-01,9687,github
https://github.com/kdeldycke/awesome-falsehood,stars,2019-06-02,9688,github
https://github.com/kdeldycke/awesome-falsehood,stars,2019-06-03,9691,github
https://github.com/kdeldycke/awesome-falsehood,stars,2019-06-04,9699,github
https://github.com/kdeldycke/awesome-falsehood,stars,2019-06-05,9707,github
https://github.com/kdeldycke/awesome-falsehood,stars,2019-06-06,9712,github
https://github.com/kdeldycke/awesome-falsehood,stars,2019-06-07,9717,github
https://github.com/kdeldycke/awesome-falsehood,stars,2019-06-08,9719,github
https://github.com/kdeldycke/awesome-falsehood,stars,2019-06-09,9721,github
https://github.com/kdeldycke/awesome-falsehood,stars,2019-06-10,9724,github
https://github.com/kdeldycke/awesome-falsehood,stars,2019-06-12,9726,github
https://github.com/kdeldycke/awesome-falsehood,stars,2019-06-13,9734,github
https://github.com/kdeldycke/awesome-falsehood,stars,2019-06-14,9736,github
https://github.com/kdeldycke/awesome-falsehood,stars,2019-06-15,9739,github
https://github.com/kdeldycke/awesome-falsehood,stars,2019-06-16,9740,github
https://github.com/kdeldycke/awesome-falsehood,stars,2019-06-17,9742,github
https://github.com/kdeldycke/awesome-falsehood,stars,2019-06-18,9746,github
https://github.com/kdeldycke/awesome-falsehood,stars,2019-06-19,9747,github
https://github.com/kdeldycke/awesome-falsehood,stars,2019-06-20,9750,github
https://github.com/kdeldycke/awesome-falsehood,stars,2019-06-21,9753,github
https://github.com/kdeldycke/awesome-falsehood,stars,2019-06-22,9754,github
https://github.com/kdeldycke/awesome-falsehood,stars,2019-06-23,9758,github
https://github.com/kdeldycke/awesome-falsehood,stars,2019-06-24,9761,github
https://github.com/kdeldycke/awesome-falsehood,stars,2019-06-25,9769,github
https://github.com/kdeldycke/awesome-falsehood,stars,2019-06-26,9790,github
https://github.com/kdeldycke/awesome-falsehood,stars,2019-06-27,9796,github
https://github.com/kdeldycke/awesome-falsehood,stars,2019-06-28,9802,github
https://github.com/kdeldycke/awesome-falsehood,stars,2019-06-29,9804,github
https://github.com/kdeldycke/awesome-falsehood,stars,2019-06-30,9810,github
https://github.com/kdeldycke/awesome-falsehood,stars,2019-07-01,9815,github
https://github.com/kdeldycke/awesome-falsehood,stars,2019-07-02,9819,github
https://github.com/kdeldycke/awesome-falsehood,stars,2019-07-03,9824,github
https://github.com/kdeldycke/awesome-falsehood,stars,2019-07-04,9826,github
https://github.com/kdeldycke/awesome-falsehood,stars,2019-07-05,9828,github
https://github.com/kdeldycke/awesome-falsehood,stars,2019-07-08,9832,github
https://github.com/kdeldycke/awesome-falsehood,stars,2019-07-09,9835,github
https://github.com/kdeldycke/awesome-falsehood,stars,2019-07-10,9842,github
https://github.com/kdeldycke/awesome-falsehood,stars,2019-07-11,9848,github
https://github.com/kdeldycke/awesome-falsehood,stars,2019-07-12,9853,github
https://github.com/kdeldycke/awesome-falsehood,stars,2019-07-13,9856,github
https://github.com/kdeldycke/awesome-falsehood,stars,2019-07-14,9859,github
https://github.com/kdeldycke/awesome-falsehood,stars,2019-07-15,9860,github
https://github.com/kdeldycke/awesome-falsehood,stars,2019-07-16,9862,github
https://github.com/kdeldycke/awesome-falsehood,stars,2019-07-17,9865,github
https://github.com/kdeldycke/awesome-falsehood,stars,2019-07-18,9871,github
https://github.com/kdeldycke/awesome-falsehood,stars,2019-07-19,9873,github
https://github.com/kdeldycke/awesome-falsehood,stars,2019-07-21,9874,github
https://github.com/kdeldycke/awesome-falsehood,stars,2019-07-22,9882,github
https://github.com/kdeldycke/awesome-falsehood,stars,2019-07-23,9888,github
https://github.com/kdeldycke/awesome-falsehood,stars,2019-07-24,9890,github
https://github.com/kdeldycke/awesome-falsehood,stars,2019-07-25,9896,github
https://github.com/kdeldycke/awesome-falsehood,stars,2019-07-26,9899,github
https://github.com/kdeldycke/awesome-falsehood,stars,2019-07-27,9901,github
https://github.com/kdeldycke/awesome-falsehood,stars,2019-07-28,9904,github
https://github.com/kdeldycke/awesome-falsehood,stars,2019-07-29,9906,github
https://github.com/kdeldycke/awesome-falsehood,stars,2019-07-30,9911,github
https://github.com/kdeldycke/awesome-falsehood,stars,2019-07-31,9914,github
https://github.com/kdeldycke/awesome-falsehood,stars,2019-08-01,9916,github
https://github.com/kdeldycke/awesome-falsehood,stars,2019-08-02,9920,github
https://github.com/kdeldycke/awesome-falsehood,stars,2019-08-03,9921,github
https://github.com/kdeldycke/awesome-falsehood,stars,2019-08-04,9924,github
https://github.com/kdeldycke/awesome-falsehood,stars,2019-08-05,9927,github
https://github.com/kdeldycke/awesome-falsehood,stars,2019-08-06,9929,github
https://github.com/kdeldycke/awesome-falsehood,stars,2019-08-07,9931,github
https://github.com/kdeldycke/awesome-falsehood,stars,2019-08-08,9932,github
https://github.com/kdeldycke/awesome-falsehood,stars,2019-08-09,9936,github
https://github.com/kdeldycke/awesome-falsehood,stars,2019-08-10,9938,github
https://github.com/kdeldycke/awesome-falsehood,stars,2019-08-11,9941,github
https://github.com/kdeldycke/awesome-falsehood,stars,2019-08-12,9943,github
https://github.com/kdeldycke/awesome-falsehood,stars,2019-08-13,9945,github
https://github.com/kdeldycke/awesome-falsehood,stars,2019-08-14,9951,github
https://github.com/kdeldycke/awesome-falsehood,stars,2019-08-15,9959,github
https://github.com/kdeldycke/awesome-falsehood,stars,2019-08-16,9965,github
https://github.com/kdeldycke/awesome-falsehood,stars,2019-08-18,9967,github
https://github.com/kdeldycke/awesome-falsehood,stars,2019-08-19,9970,github
https://github.com/kdeldycke/awesome-falsehood,stars,2019-08-20,9973,github
https://github.com/kdeldycke/awesome-falsehood,stars,2019-08-21,9974,github
https://github.com/kdeldycke/awesome-falsehood,stars,2019-08-22,9978,github
https://github.com/kdeldycke/awesome-falsehood,stars,2019-08-23,9979,github
https://github.com/kdeldycke/awesome-falsehood,stars,2019-08-24,9992,github
https://github.com/kdeldycke/awesome-falsehood,stars,2019-08-25,10023,github
https://github.com/kdeldycke/awesome-falsehood,stars,2019-08-26,10055,github
https://github.com/kdeldycke/awesome-falsehood,stars,2019-08-27,10069,github
https://github.com/kdeldycke/awesome-falsehood,stars,2019-08-28,10073,github
https://github.com/kdeldycke/awesome-falsehood,stars,2019-08-29,10082,github
https://github.com/kdeldycke/awesome-falsehood,stars,2019-08-30,10084,github
https://github.com/kdeldycke/awesome-falsehood,stars,2019-08-31,10085,github
https://github.com/kdeldycke/awesome-falsehood,stars,2019-09-01,10087,github
https://github.com/kdeldycke/awesome-falsehood,stars,2019-09-02,10096,github
https://github.com/kdeldycke/awesome-falsehood,stars,2019-09-03,10097,github
https://github.com/kdeldycke/awesome-falsehood,stars,2019-09-04,10098,github
https://github.com/kdeldycke/awesome-falsehood,stars,2019-09-05,10100,github
https://github.com/kdeldycke/awesome-falsehood,stars,2019-09-06,10103,github
https://github.com/kdeldycke/awesome-falsehood,stars,2019-09-07,10107,github
https://github.com/kdeldycke/awesome-falsehood,stars,2019-09-08,10108,github
https://github.com/kdeldycke/awesome-falsehood,stars,2019-09-09,10111,github
https://github.com/kdeldycke/awesome-falsehood,stars,2019-09-10,10117,github
https://github.com/kdeldycke/awesome-falsehood,stars,2019-09-11,10121,github
https://github.com/kdeldycke/awesome-falsehood,stars,2019-09-12,10127,github
https://github.com/kdeldycke/awesome-falsehood,stars,2019-09-13,10129,github
https://github.com/kdeldycke/awesome-falsehood,stars,2019-09-14,10132,github
https://github.com/kdeldycke/awesome-falsehood,stars,2019-09-15,10134,github
https://github.com/kdeldycke/awesome-falsehood,stars,2019-09-16,10139,github
https://github.com/kdeldycke/awesome-falsehood,stars,2019-09-17,10142,github
https://github.com/kdeldycke/awesome-falsehood,stars,2019-09-18,10145,github
https://github.com/kdeldycke/awesome-falsehood,stars,2019-09-19,10148,github
https://github.com/kdeldycke/awesome-falsehood,stars,2019-09-21,10152,github
https://github.com/kdeldycke/awesome-falsehood,stars,2019-09-23,10154,github
https://github.com/kdeldycke/awesome-falsehood,stars,2019-09-24,10158,github
https://github.com/kdeldycke/awesome-falsehood,stars,2019-09-25,10162,github
https://github.com/kdeldycke/awesome-falsehood,stars,2019-09-26,10163,github
https://github.com/kdeldycke/awesome-falsehood,stars,2019-09-27,10168,github
https://github.com/kdeldycke/awesome-falsehood,stars,2019-09-28,10170,github
https://github.com/kdeldycke/awesome-falsehood,stars,2019-09-29,10172,github
https://github.com/kdeldycke/awesome-falsehood,stars,2019-09-30,10174,github
https://github.com/kdeldycke/awesome-falsehood,stars,2019-10-01,10179,github
https://github.com/kdeldycke/awesome-falsehood,stars,2019-10-02,10180,github
https://github.com/kdeldycke/awesome-falsehood,stars,2019-10-04,10184,github
https://github.com/kdeldycke/awesome-falsehood,stars,2019-10-05,10186,github
https://github.com/kdeldycke/awesome-falsehood,stars,2019-10-07,10188,github
https://github.com/kdeldycke/awesome-falsehood,stars,2019-10-08,10190,github
https://github.com/kdeldycke/awesome-falsehood,stars,2019-10-09,10195,github
https://github.com/kdeldycke/awesome-falsehood,stars,2019-10-10,10196,github
https://github.com/kdeldycke/awesome-falsehood,stars,2019-10-11,10201,github
https://github.com/kdeldycke/awesome-falsehood,stars,2019-10-12,10203,github
https://github.com/kdeldycke/awesome-falsehood,stars,2019-10-13,10204,github
https://github.com/kdeldycke/awesome-falsehood,stars,2019-10-14,10207,github
https://github.com/kdeldycke/awesome-falsehood,stars,2019-10-15,10209,github
https://github.com/kdeldycke/awesome-falsehood,stars,2019-10-16,10216,github
https://github.com/kdeldycke/awesome-falsehood,stars,2019-10-17,10222,github
https://github.com/kdeldycke/awesome-falsehood,stars,2019-10-18,10225,github
https://github.com/kdeldycke/awesome-falsehood,stars,2019-10-19,10227,github
https://github.com/kdeldycke/awesome-falsehood,stars,2019-10-20,10228,github
https://github.com/kdeldycke/awesome-falsehood,stars,2019-10-21,10238,github
https://github.com/kdeldycke/awesome-falsehood,stars,2019-10-22,10241,github
https://github.com/kdeldycke/awesome-falsehood,stars,2019-10-23,10244,github
https://github.com/kdeldycke/awesome-falsehood,stars,2019-10-24,10251,github
https://github.com/kdeldycke/awesome-falsehood,stars,2019-10-25,10252,github
https://github.com/kdeldycke/awesome-falsehood,stars,2019-10-26,10256,github
https://github.com/kdeldycke/awesome-falsehood,stars,2019-10-27,10258,github
https://github.com/kdeldycke/awesome-falsehood,stars,2019-10-29,10262,github
https://github.com/kdeldycke/awesome-falsehood,stars,2019-10-30,10265,github
https://github.com/kdeldycke/awesome-falsehood,stars,2019-10-31,10269,github
https://github.com/kdeldycke/awesome-falsehood,stars,2019-11-02,10273,github
https://github.com/kdeldycke/awesome-falsehood,stars,2019-11-03,10276,github
https://github.com/kdeldycke/awesome-falsehood,stars,2019-11-04,10282,github
https://github.com/kdeldycke/awesome-falsehood,stars,2019-11-05,10288,github
https://github.com/kdeldycke/awesome-falsehood,stars,2019-11-06,10289,github
https://github.com/kdeldycke/awesome-falsehood,stars,2019-11-07,10294,github
https://github.com/kdeldycke/awesome-falsehood,stars,2019-11-08,10298,github
https://github.com/kdeldycke/awesome-falsehood,stars,2019-11-09,10299,github
https://github.com/kdeldycke/awesome-falsehood,stars,2019-11-10,10305,github
https://github.com/kdeldycke/awesome-falsehood,stars,2019-11-11,10331,github
https://github.com/kdeldycke/awesome-falsehood,stars,2019-11-12,10337,github
https://github.com/kdeldycke/awesome-falsehood,stars,2019-11-13,10339,github
https://github.com/kdeldycke/awesome-falsehood,stars,2019-11-14,10348,github
https://github.com/kdeldycke/awesome-falsehood,stars,2019-11-15,10353,github
https://github.com/kdeldycke/awesome-falsehood,stars,2019-11-16,10356,github
https://github.com/kdeldycke/awesome-falsehood,stars,2019-11-17,10358,github
https://github.com/kdeldycke/awesome-falsehood,stars,2019-11-18,10361,github
https://github.com/kdeldycke/awesome-falsehood,stars,2019-11-19,10363,github
https://github.com/kdeldycke/awesome-falsehood,stars,2019-11-21,10365,github
https://github.com/kdeldycke/awesome-falsehood,stars,2019-11-22,10370,github
https://github.com/kdeldycke/awesome-falsehood,stars,2019-11-23,10376,github
https://github.com/kdeldycke/awesome-falsehood,stars,2019-11-24,10379,github
https://github.com/kdeldycke/awesome-falsehood,stars,2019-11-25,10383,github
https://github.com/kdeldycke/awesome-falsehood,stars,2019-11-26,10393,github
https://github.com/kdeldycke/awesome-falsehood,stars,2019-11-27,10396,github
https://github.com/kdeldycke/awesome-falsehood,stars,2019-11-28,10399,github
https://github.com/kdeldycke/awesome-falsehood,stars,2019-11-29,10401,github
https://github.com/kdeldycke/awesome-falsehood,stars,2019-11-30,10402,github
https://github.com/kdeldycke/awesome-falsehood,stars,2019-12-01,10404,github
https://github.com/kdeldycke/awesome-falsehood,stars,2019-12-02,10407,github
https://github.com/kdeldycke/awesome-falsehood,stars,2019-12-03,10414,github
https://github.com/kdeldycke/awesome-falsehood,stars,2019-12-04,10418,github
https://github.com/kdeldycke/awesome-falsehood,stars,2019-12-05,10424,github
https://github.com/kdeldycke/awesome-falsehood,stars,2019-12-06,10431,github
https://github.com/kdeldycke/awesome-falsehood,stars,2019-12-07,10432,github
https://github.com/kdeldycke/awesome-falsehood,stars,2019-12-08,10435,github
https://github.com/kdeldycke/awesome-falsehood,stars,2019-12-09,10438,github
https://github.com/kdeldycke/awesome-falsehood,stars,2019-12-10,10440,github
https://github.com/kdeldycke/awesome-falsehood,stars,2019-12-11,10443,github
https://github.com/kdeldycke/awesome-falsehood,stars,2019-12-12,10444,github
https://github.com/kdeldycke/awesome-falsehood,stars,2019-12-13,10445,github
https://github.com/kdeldycke/awesome-falsehood,stars,2019-12-14,10448,github
https://github.com/kdeldycke/awesome-falsehood,stars,2019-12-16,10455,github
https://github.com/kdeldycke/awesome-falsehood,stars,2019-12-17,10459,github
https://github.com/kdeldycke/awesome-falsehood,stars,2019-12-18,10464,github
https://github.com/kdeldycke/awesome-falsehood,stars,2019-12-19,10469,github
https://github.com/kdeldycke/awesome-falsehood,stars,2019-12-20,10471,github
https://github.com/kdeldycke/awesome-falsehood,stars,2019-12-21,10474,github
https://github.com/kdeldycke/awesome-falsehood,stars,2019-12-22,10475,github
https://github.com/kdeldycke/awesome-falsehood,stars,2019-12-23,10476,github
https://github.com/kdeldycke/awesome-falsehood,stars,2019-12-24,10477,github
https://github.com/kdeldycke/awesome-falsehood,stars,2019-12-25,10479,github
https://github.com/kdeldycke/awesome-falsehood,stars,2019-12-28,10480,github
https://github.com/kdeldycke/awesome-falsehood,stars,2019-12-29,10482,github
https://github.com/kdeldycke/awesome-falsehood,stars,2019-12-30,10483,github
https://github.com/kdeldycke/awesome-falsehood,stars,2019-12-31,10488,github
https://github.com/kdeldycke/awesome-falsehood,stars,2020-01-01,10492,github
https://github.com/kdeldycke/awesome-falsehood,stars,2020-01-02,10502,github
https://github.com/kdeldycke/awesome-falsehood,stars,2020-01-03,10655,github
https://github.com/kdeldycke/awesome-falsehood,stars,2020-01-04,10673,github
https://github.com/kdeldycke/awesome-falsehood,stars,2020-01-05,10681,github
https://github.com/kdeldycke/awesome-falsehood,stars,2020-01-06,10693,github
https://github.com/kdeldycke/awesome-falsehood,stars,2020-01-07,10700,github
https://github.com/kdeldycke/awesome-falsehood,stars,2020-01-08,10702,github
https://github.com/kdeldycke/awesome-falsehood,stars,2020-01-09,10707,github
https://github.com/kdeldycke/awesome-falsehood,stars,2020-01-10,10713,github
https://github.com/kdeldycke/awesome-falsehood,stars,2020-01-11,10715,github
https://github.com/kdeldycke/awesome-falsehood,stars,2020-01-12,10717,github
https://github.com/kdeldycke/awesome-falsehood,stars,2020-01-13,10721,github
https://github.com/kdeldycke/awesome-falsehood,stars,2020-01-14,10723,github
https://github.com/kdeldycke/awesome-falsehood,stars,2020-01-15,10725,github
https://github.com/kdeldycke/awesome-falsehood,stars,2020-01-16,10727,github
https://github.com/kdeldycke/awesome-falsehood,stars,2020-01-17,10729,github
https://github.com/kdeldycke/awesome-falsehood,stars,2020-01-19,10731,github
https://github.com/kdeldycke/awesome-falsehood,stars,2020-01-20,10734,github
https://github.com/kdeldycke/awesome-falsehood,stars,2020-01-21,10739,github
https://github.com/kdeldycke/awesome-falsehood,stars,2020-01-22,10743,github
https://github.com/kdeldycke/awesome-falsehood,stars,2020-01-23,10747,github
https://github.com/kdeldycke/awesome-falsehood,stars,2020-01-24,10748,github
https://github.com/kdeldycke/awesome-falsehood,stars,2020-01-25,10749,github
https://github.com/kdeldycke/awesome-falsehood,stars,2020-01-26,10751,github
https://github.com/kdeldycke/awesome-falsehood,stars,2020-01-27,10759,github
https://github.com/kdeldycke/awesome-falsehood,stars,2020-01-28,10761,github
https://github.com/kdeldycke/awesome-falsehood,stars,2020-01-29,10764,github
https://github.com/kdeldycke/awesome-falsehood,stars,2020-01-30,10766,github
https://github.com/kdeldycke/awesome-falsehood,stars,2020-01-31,10770,github
https://github.com/kdeldycke/awesome-falsehood,stars,2020-02-01,10771,github
https://github.com/kdeldycke/awesome-falsehood,stars,2020-02-02,10772,github
https://github.com/kdeldycke/awesome-falsehood,stars,2020-02-03,10777,github
https://github.com/kdeldycke/awesome-falsehood,stars,2020-02-04,10782,github
https://github.com/kdeldycke/awesome-falsehood,stars,2020-02-05,10784,github
https://github.com/kdeldycke/awesome-falsehood,stars,2020-02-06,10793,github
https://github.com/kdeldycke/awesome-falsehood,stars,2020-02-07,10800,github
https://github.com/kdeldycke/awesome-falsehood,stars,2020-02-08,10802,github
https://github.com/kdeldycke/awesome-falsehood,stars,2020-02-09,10806,github
https://github.com/kdeldycke/awesome-falsehood,stars,2020-02-11,10810,github
https://github.com/kdeldycke/awesome-falsehood,stars,2020-02-12,10811,github
https://github.com/kdeldycke/awesome-falsehood,stars,2020-02-13,10826,github
https://github.com/kdeldycke/awesome-falsehood,stars,2020-02-14,10829,github
https://github.com/kdeldycke/awesome-falsehood,stars,2020-02-15,10833,github
https://github.com/kdeldycke/awesome-falsehood,stars,2020-02-16,10835,github
https://github.com/kdeldycke/awesome-falsehood,stars,2020-02-17,10840,github
https://github.com/kdeldycke/awesome-falsehood,stars,2020-02-18,10845,github
https://github.com/kdeldycke/awesome-falsehood,stars,2020-02-19,10847,github
https://github.com/kdeldycke/awesome-falsehood,stars,2020-02-20,10854,github
https://github.com/kdeldycke/awesome-falsehood,stars,2020-02-21,10856,github
https://github.com/kdeldycke/awesome-falsehood,stars,2020-02-22,10858,github
https://github.com/kdeldycke/awesome-falsehood,stars,2020-02-24,10859,github
https://github.com/kdeldycke/awesome-falsehood,stars,2020-02-25,10861,github
https://github.com/kdeldycke/awesome-falsehood,stars,2020-02-26,10866,github
https://github.com/kdeldycke/awesome-falsehood,stars,2020-02-28,10869,github
https://github.com/kdeldycke/awesome-falsehood,stars,2020-03-01,10870,github
https://github.com/kdeldycke/awesome-falsehood,stars,2020-03-02,10877,github
https://github.com/kdeldycke/awesome-falsehood,stars,2020-03-03,10883,github
https://github.com/kdeldycke/awesome-falsehood,stars,2020-03-04,10886,github
https://github.com/kdeldycke/awesome-falsehood,stars,2020-03-05,10888,github
https://github.com/kdeldycke/awesome-falsehood,stars,2020-03-06,10889,github
https://github.com/kdeldycke/awesome-falsehood,stars,2020-03-07,10890,github
https://github.com/kdeldycke/awesome-falsehood,stars,2020-03-08,10893,github
https://github.com/kdeldycke/awesome-falsehood,stars,2020-03-09,10896,github
https://github.com/kdeldycke/awesome-falsehood,stars,2020-03-10,10899,github
https://github.com/kdeldycke/awesome-falsehood,stars,2020-03-11,10903,github
https://github.com/kdeldycke/awesome-falsehood,stars,2020-03-13,10904,github
https://github.com/kdeldycke/awesome-falsehood,stars,2020-03-14,10905,github
https://github.com/kdeldycke/awesome-falsehood,stars,2020-03-15,10906,github
https://github.com/kdeldycke/awesome-falsehood,stars,2020-03-17,10908,github
https://github.com/kdeldycke/awesome-falsehood,stars,2020-03-18,10909,github
https://github.com/kdeldycke/awesome-falsehood,stars,2020-03-19,10910,github
https://github.com/kdeldycke/awesome-falsehood,stars,2020-03-21,10913,github
https://github.com/kdeldycke/awesome-falsehood,stars,2020-03-23,10915,github
https://github.com/kdeldycke/awesome-falsehood,stars,2020-03-24,10917,github
https://github.com/kdeldycke/awesome-falsehood,stars,2020-03-25,10921,github
https://github.com/kdeldycke/awesome-falsehood,stars,2020-03-26,10922,github
https://github.com/kdeldycke/awesome-falsehood,stars,2020-03-27,10924,github
https://github.com/kdeldycke/awesome-falsehood,stars,2020-03-28,10926,github
https://github.com/kdeldycke/awesome-falsehood,stars,2020-03-29,10929,github
https://github.com/kdeldycke/awesome-falsehood,stars,2020-03-30,10934,github
https://github.com/kdeldycke/awesome-falsehood,stars,2020-03-31,10935,github
https://github.com/kdeldycke/awesome-falsehood,stars,2020-04-01,10939,github
https://github.com/kdeldycke/awesome-falsehood,stars,2020-04-02,10942,github
https://github.com/kdeldycke/awesome-falsehood,stars,2020-04-03,10947,github
https://github.com/kdeldycke/awesome-falsehood,stars,2020-04-04,10950,github
https://github.com/kdeldycke/awesome-falsehood,stars,2020-04-05,10954,github
https://github.com/kdeldycke/awesome-falsehood,stars,2020-04-07,10957,github
https://github.com/kdeldycke/awesome-falsehood,stars,2020-04-08,10962,github
https://github.com/kdeldycke/awesome-falsehood,stars,2020-04-09,10965,github
https://github.com/kdeldycke/awesome-falsehood,stars,2020-04-10,10967,github
https://github.com/kdeldycke/awesome-falsehood,stars,2020-04-11,10969,github
https://github.com/kdeldycke/awesome-falsehood,stars,2020-04-12,10971,github
https://github.com/kdeldycke/awesome-falsehood,stars,2020-04-13,10972,github
https://github.com/kdeldycke/awesome-falsehood,stars,2020-04-14,10977,github
https://github.com/kdeldycke/awesome-falsehood,stars,2020-04-15,10981,github
https://github.com/kdeldycke/awesome-falsehood,stars,2020-04-16,10985,github
https://github.com/kdeldycke/awesome-falsehood,stars,2020-04-17,10987,github
https://github.com/kdeldycke/awesome-falsehood,stars,2020-04-19,10991,github
https://github.com/kdeldycke/awesome-falsehood,stars,2020-04-20,10993,github
https://github.com/kdeldycke/awesome-falsehood,stars,2020-04-21,10999,github
https://github.com/kdeldycke/awesome-falsehood,stars,2020-04-22,11001,github
https://github.com/kdeldycke/awesome-falsehood,stars,2020-04-23,11004,github
https://github.com/kdeldycke/awesome-falsehood,stars,2020-04-24,11010,github
https://github.com/kdeldycke/awesome-falsehood,stars,2020-04-25,11014,github
https://github.com/kdeldycke/awesome-falsehood,stars,2020-04-26,11020,github
https://github.com/kdeldycke/awesome-falsehood,stars,2020-04-27,11027,github
https://github.com/kdeldycke/awesome-falsehood,stars,2020-04-28,11032,github
https://github.com/kdeldycke/awesome-falsehood,stars,2020-04-29,11036,github
https://github.com/kdeldycke/awesome-falsehood,stars,2020-04-30,11041,github
https://github.com/kdeldycke/awesome-falsehood,stars,2020-05-01,11043,github
https://github.com/kdeldycke/awesome-falsehood,stars,2020-05-03,11123,github
https://github.com/kdeldycke/awesome-falsehood,stars,2020-05-04,11132,github
https://github.com/kdeldycke/awesome-falsehood,stars,2020-05-05,11148,github
https://github.com/kdeldycke/awesome-falsehood,stars,2020-05-06,11179,github
https://github.com/kdeldycke/awesome-falsehood,stars,2020-05-07,11188,github
https://github.com/kdeldycke/awesome-falsehood,stars,2020-05-08,11194,github
https://github.com/kdeldycke/awesome-falsehood,stars,2020-05-09,11199,github
https://github.com/kdeldycke/awesome-falsehood,stars,2020-05-10,11202,github
https://github.com/kdeldycke/awesome-falsehood,stars,2020-05-11,11207,github
https://github.com/kdeldycke/awesome-falsehood,stars,2020-05-12,11212,github
https://github.com/kdeldycke/awesome-falsehood,stars,2020-05-13,11219,github
https://github.com/kdeldycke/awesome-falsehood,stars,2020-05-14,11221,github
https://github.com/kdeldycke/awesome-falsehood,stars,2020-05-15,11224,github
https://github.com/kdeldycke/awesome-falsehood,stars,2020-05-17,11225,github
https://github.com/kdeldycke/awesome-falsehood,stars,2020-05-18,11233,github
https://github.com/kdeldycke/awesome-falsehood,stars,2020-05-19,11240,github
https://github.com/kdeldycke/awesome-falsehood,stars,2020-05-20,11245,github
https://github.com/kdeldycke/awesome-falsehood,stars,2020-05-21,11251,github
https://github.com/kdeldycke/awesome-falsehood,stars,2020-05-22,11255,github
https://github.com/kdeldycke/awesome-falsehood,stars,2020-05-23,11258,github
https://github.com/kdeldycke/awesome-falsehood,stars,2020-05-24,11260,github
https://github.com/kdeldycke/awesome-falsehood,stars,2020-05-25,11264,github
https://github.com/kdeldycke/awesome-falsehood,stars,2020-05-26,11267,github
https://github.com/kdeldycke/awesome-falsehood,stars,2020-05-27,11274,github
https://github.com/kdeldycke/awesome-falsehood,stars,2020-05-28,11277,github
https://github.com/kdeldycke/awesome-falsehood,stars,2020-05-29,11280,github
https://github.com/kdeldycke/awesome-falsehood,stars,2020-05-30,11281,github
https://github.com/kdeldycke/awesome-falsehood,stars,2020-05-31,11282,github
https://github.com/kdeldycke/awesome-falsehood,stars,2020-06-01,11284,github
https://github.com/kdeldycke/awesome-falsehood,stars,2020-06-02,11285,github
https://github.com/kdeldycke/awesome-falsehood,stars,2020-06-03,11290,github
https://github.com/kdeldycke/awesome-falsehood,stars,2020-06-04,11295,github
https://github.com/kdeldycke/awesome-falsehood,stars,2020-06-05,11299,github
https://github.com/kdeldycke/awesome-falsehood,stars,2020-06-07,11301,github
https://github.com/kdeldycke/awesome-falsehood,stars,2020-06-08,11303,github
https://github.com/kdeldycke/awesome-falsehood,stars,2020-06-09,11309,github
https://github.com/kdeldycke/awesome-falsehood,stars,2020-06-10,11311,github
https://github.com/kdeldycke/awesome-falsehood,stars,2020-06-11,11315,github
https://github.com/kdeldycke/awesome-falsehood,stars,2020-06-12,11320,github
https://github.com/kdeldycke/awesome-falsehood,stars,2020-06-14,11323,github
https://github.com/kdeldycke/awesome-falsehood,stars,2020-06-15,11330,github
https://github.com/kdeldycke/awesome-falsehood,stars,2020-06-16,11334,github
https://github.com/kdeldycke/awesome-falsehood,stars,2020-06-17,11340,github
https://github.com/kdeldycke/awesome-falsehood,stars,2020-06-18,11347,github
https://github.com/kdeldycke/awesome-falsehood,stars,2020-06-19,11353,github
https://github.com/kdeldycke/awesome-falsehood,stars,2020-06-20,11355,github
https://github.com/kdeldycke/awesome-falsehood,stars,2020-06-21,11361,github
https://github.com/kdeldycke/awesome-falsehood,stars,2020-06-22,11369,github
https://github.com/kdeldycke/awesome-falsehood,stars,2020-06-23,11371,github
https://github.com/kdeldycke/awesome-falsehood,stars,2020-06-24,11373,github
https://github.com/kdeldycke/awesome-falsehood,stars,2020-06-25,11374,github
https://github.com/kdeldycke/awesome-falsehood,stars,2020-06-26,11381,github
https://github.com/kdeldycke/awesome-falsehood,stars,2020-06-27,11383,github
https://github.com/kdeldycke/awesome-falsehood,stars,2020-06-28,11386,github
https://github.com/kdeldycke/awesome-falsehood,stars,2020-06-29,11389,github
https://github.com/kdeldycke/awesome-falsehood,stars,2020-06-30,11392,github
https://github.com/kdeldycke/awesome-falsehood,stars,2020-07-01,11398,github
https://github.com/kdeldycke/awesome-falsehood,stars,2020-07-02,11400,github
https://github.com/kdeldycke/awesome-falsehood,stars,2020-07-03,11406,github
https://github.com/kdeldycke/awesome-falsehood,stars,2020-07-04,11411,github
https://github.com/kdeldycke/awesome-falsehood,stars,2020-07-05,11415,github
https://github.com/kdeldycke/awesome-falsehood,stars,2020-07-06,11424,github
https://github.com/kdeldycke/awesome-falsehood,stars,2020-07-07,11429,github
https://github.com/kdeldycke/awesome-falsehood,stars,2020-07-08,11434,github
https://github.com/kdeldycke/awesome-falsehood,stars,2020-07-09,11438,github
https://github.com/kdeldycke/awesome-falsehood,stars,2020-07-12,11443,github
https://github.com/kdeldycke/awesome-falsehood,stars,2020-07-13,11447,github
https://github.com/kdeldycke/awesome-falsehood,stars,2020-07-14,11450,github
https://github.com/kdeldycke/awesome-falsehood,stars,2020-07-15,11456,github
https://github.com/kdeldycke/awesome-falsehood,stars,2020-07-16,11457,github
https://github.com/kdeldycke/awesome-falsehood,stars,2020-07-17,11462,github
https://github.com/kdeldycke/awesome-falsehood,stars,2020-07-18,11465,github
https://github.com/kdeldycke/awesome-falsehood,stars,2020-07-19,11472,github
https://github.com/kdeldycke/awesome-falsehood,stars,2020-07-20,11476,github
https://github.com/kdeldycke/awesome-falsehood,stars,2020-07-21,11482,github
https://github.com/kdeldycke/awesome-falsehood,stars,2020-07-22,11483,github
https://github.com/kdeldycke/awesome-falsehood,stars,2020-07-23,11489,github
https://github.com/kdeldycke/awesome-falsehood,stars,2020-07-24,11493,github
https://github.com/kdeldycke/awesome-falsehood,stars,2020-07-26,11495,github
https://github.com/kdeldycke/awesome-falsehood,stars,2020-07-27,11541,github
https://github.com/kdeldycke/awesome-falsehood,stars,2020-07-28,11642,github
https://github.com/kdeldycke/awesome-falsehood,stars,2020-07-29,11852,github
https://github.com/kdeldycke/awesome-falsehood,stars,2020-07-30,12114,github
https://github.com/kdeldycke/awesome-falsehood,stars,2020-07-31,12345,github
https://github.com/kdeldycke/awesome-falsehood,stars,2020-08-01,12403,github
https://github.com/kdeldycke/awesome-falsehood,stars,2020-08-02,12423,github
https://github.com/kdeldycke/awesome-falsehood,stars,2020-08-03,12439,github
https://github.com/kdeldycke/awesome-falsehood,stars,2020-08-04,12449,github
https://github.com/kdeldycke/awesome-falsehood,stars,2020-08-05,12452,github
https://github.com/kdeldycke/awesome-falsehood,stars,2020-08-06,12462,github
https://github.com/kdeldycke/awesome-falsehood,stars,2020-08-07,12468,github
https://github.com/kdeldycke/awesome-falsehood,stars,2020-08-08,12470,github
https://github.com/kdeldycke/awesome-falsehood,stars,2020-08-09,12477,github
https://github.com/kdeldycke/awesome-falsehood,stars,2020-08-10,12481,github
https://github.com/kdeldycke/awesome-falsehood,stars,2020-08-11,12483,github
https://github.com/kdeldycke/awesome-falsehood,stars,2020-08-12,12493,github
https://github.com/kdeldycke/awesome-falsehood,stars,2020-08-13,12500,github
https://github.com/kdeldycke/awesome-falsehood,stars,2020-08-14,12506,github
https://github.com/kdeldycke/awesome-falsehood,stars,2020-08-15,12509,github
https://github.com/kdeldycke/awesome-falsehood,stars,2020-08-16,12513,github
https://github.com/kdeldycke/awesome-falsehood,stars,2020-08-17,12518,github
https://github.com/kdeldycke/awesome-falsehood,stars,2020-08-18,12521,github
https://github.com/kdeldycke/awesome-falsehood,stars,2020-08-19,12524,github
https://github.com/kdeldycke/awesome-falsehood,stars,2020-08-20,12530,github
https://github.com/kdeldycke/awesome-falsehood,stars,2020-08-21,12531,github
https://github.com/kdeldycke/awesome-falsehood,stars,2020-08-22,12533,github
https://github.com/kdeldycke/awesome-falsehood,stars,2020-08-23,12535,github
https://github.com/kdeldycke/awesome-falsehood,stars,2020-08-24,12538,github
https://github.com/kdeldycke/awesome-falsehood,stars,2020-08-25,12545,github
https://github.com/kdeldycke/awesome-falsehood,stars,2020-08-26,12548,github
https://github.com/kdeldycke/awesome-falsehood,stars,2020-08-27,12551,github
https://github.com/kdeldycke/awesome-falsehood,stars,2020-08-28,12555,github
https://github.com/kdeldycke/awesome-falsehood,stars,2020-08-30,12558,github
https://github.com/kdeldycke/awesome-falsehood,stars,2020-08-31,12561,github
https://github.com/kdeldycke/awesome-falsehood,stars,2020-09-01,12564,github
https://github.com/kdeldycke/awesome-falsehood,stars,2020-09-02,12577,github
https://github.com/kdeldycke/awesome-falsehood,stars,2020-09-03,12589,github
https://github.com/kdeldycke/awesome-falsehood,stars,2020-09-04,12592,github
https://github.com/kdeldycke/awesome-falsehood,stars,2020-09-05,12593,github
https://github.com/kdeldycke/awesome-falsehood,stars,2020-09-06,12595,github
https://github.com/kdeldycke/awesome-falsehood,stars,2020-09-07,12598,github
https://github.com/kdeldycke/awesome-falsehood,stars,2020-09-08,13268,github
https://github.com/kdeldycke/awesome-falsehood,stars,2020-09-09,13506,github
https://github.com/kdeldycke/awesome-falsehood,stars,2020-09-10,13638,github
https://github.com/kdeldycke/awesome-falsehood,stars,2020-09-11,13728,github
https://github.com/kdeldycke/awesome-falsehood,stars,2020-09-12,13759,github
https://github.com/kdeldycke/awesome-falsehood,stars,2020-09-13,13782,github
https://github.com/kdeldycke/awesome-falsehood,stars,2020-09-14,13817,github
https://github.com/kdeldycke/awesome-falsehood,stars,2020-09-15,13847,github
https://github.com/kdeldycke/awesome-falsehood,stars,2020-09-16,13894,github
https://github.com/kdeldycke/awesome-falsehood,stars,2020-09-17,13917,github
https://github.com/kdeldycke/awesome-falsehood,stars,2020-09-18,13931,github
https://github.com/kdeldycke/awesome-falsehood,stars,2020-09-19,13945,github
https://github.com/kdeldycke/awesome-falsehood,stars,2020-09-20,13955,github
https://github.com/kdeldycke/awesome-falsehood,stars,2020-09-21,13974,github
https://github.com/kdeldycke/awesome-falsehood,stars,2020-09-22,13989,github
https://github.com/kdeldycke/awesome-falsehood,stars,2020-09-23,14006,github
https://github.com/kdeldycke/awesome-falsehood,stars,2020-09-24,14021,github
https://github.com/kdeldycke/awesome-falsehood,stars,2020-09-25,14036,github
https://github.com/kdeldycke/awesome-falsehood,stars,2020-09-26,14040,github
https://github.com/kdeldycke/awesome-falsehood,stars,2020-09-27,14051,github
https://github.com/kdeldycke/awesome-falsehood,stars,2020-09-28,14068,github
https://github.com/kdeldycke/awesome-falsehood,stars,2020-09-29,14078,github
https://github.com/kdeldycke/awesome-falsehood,stars,2020-09-30,14092,github
https://github.com/kdeldycke/awesome-falsehood,stars,2020-10-01,14102,github
https://github.com/kdeldycke/awesome-falsehood,stars,2020-10-02,14104,github
https://github.com/kdeldycke/awesome-falsehood,stars,2020-10-03,14113,github
https://github.com/kdeldycke/awesome-falsehood,stars,2020-10-04,14118,github
https://github.com/kdeldycke/awesome-falsehood,stars,2020-10-05,14121,github
https://github.com/kdeldycke/awesome-falsehood,stars,2020-10-06,14125,github
https://github.com/kdeldycke/awesome-falsehood,stars,2020-10-07,14128,github
https://github.com/kdeldycke/awesome-falsehood,stars,2020-10-08,14142,github
https://github.com/kdeldycke/awesome-falsehood,stars,2020-10-09,14148,github
https://github.com/kdeldycke/awesome-falsehood,stars,2020-10-10,14151,github
https://github.com/kdeldycke/awesome-falsehood,stars,2020-10-11,14157,github
https://github.com/kdeldycke/awesome-falsehood,stars,2020-10-12,14166,github
https://github.com/kdeldycke/awesome-falsehood,stars,2020-10-13,14171,github
https://github.com/kdeldycke/awesome-falsehood,stars,2020-10-14,14176,github
https://github.com/kdeldycke/awesome-falsehood,stars,2020-10-15,14182,github
https://github.com/kdeldycke/awesome-falsehood,stars,2020-10-16,14186,github
https://github.com/kdeldycke/awesome-falsehood,stars,2020-10-17,14191,github
https://github.com/kdeldycke/awesome-falsehood,stars,2020-10-19,14195,github
https://github.com/kdeldycke/awesome-falsehood,stars,2020-10-20,14204,github
https://github.com/kdeldycke/awesome-falsehood,stars,2020-10-21,14213,github
https://github.com/kdeldycke/awesome-falsehood,stars,2020-10-22,14218,github
https://github.com/kdeldycke/awesome-falsehood,stars,2020-10-23,14230,github
https://github.com/kdeldycke/awesome-falsehood,stars,2020-10-24,14236,github
https://github.com/kdeldycke/awesome-falsehood,stars,2020-10-25,14247,github
https://github.com/kdeldycke/awesome-falsehood,stars,2020-10-26,14254,github
https://github.com/kdeldycke/awesome-falsehood,stars,2020-10-27,14260,github
https://github.com/kdeldycke/awesome-falsehood,stars,2020-10-28,14264,github
https://github.com/kdeldycke/awesome-falsehood,stars,2020-10-29,14266,github
https://github.com/kdeldycke/awesome-falsehood,stars,2020-10-30,14267,github
https://github.com/kdeldycke/awesome-falsehood,stars,2020-10-31,14269,github
https://github.com/kdeldycke/awesome-falsehood,stars,2020-11-01,14270,github
https://github.com/kdeldycke/awesome-falsehood,stars,2020-11-02,14273,github
https://github.com/kdeldycke/awesome-falsehood,stars,2020-11-03,14279,github
https://github.com/kdeldycke/awesome-falsehood,stars,2020-11-04,14284,github
https://github.com/kdeldycke/awesome-falsehood,stars,2020-11-05,14287,github
https://github.com/kdeldycke/awesome-falsehood,stars,2020-11-06,14293,github
https://github.com/kdeldycke/awesome-falsehood,stars,2020-11-07,14294,github
https://github.com/kdeldycke/awesome-falsehood,stars,2020-11-08,14296,github
https://github.com/kdeldycke/awesome-falsehood,stars,2020-11-09,14301,github
https://github.com/kdeldycke/awesome-falsehood,stars,2020-11-10,14308,github
https://github.com/kdeldycke/awesome-falsehood,stars,2020-11-11,14315,github
https://github.com/kdeldycke/awesome-falsehood,stars,2020-11-12,14320,github
https://github.com/kdeldycke/awesome-falsehood,stars,2020-11-13,14325,github
https://github.com/kdeldycke/awesome-falsehood,stars,2020-11-14,14330,github
https://github.com/kdeldycke/awesome-falsehood,stars,2020-11-15,14334,github
https://github.com/kdeldycke/awesome-falsehood,stars,2020-11-16,14336,github
https://github.com/kdeldycke/awesome-falsehood,stars,2020-11-17,14342,github
https://github.com/kdeldycke/awesome-falsehood,stars,2020-11-18,14344,github
https://github.com/kdeldycke/awesome-falsehood,stars,2020-11-19,14349,github
https://github.com/kdeldycke/awesome-falsehood,stars,2020-11-20,14353,github
https://github.com/kdeldycke/awesome-falsehood,stars,2020-11-22,14357,github
https://github.com/kdeldycke/awesome-falsehood,stars,2020-11-23,14360,github
https://github.com/kdeldycke/awesome-falsehood,stars,2020-11-24,14364,github
https://github.com/kdeldycke/awesome-falsehood,stars,2020-11-25,14366,github
https://github.com/kdeldycke/awesome-falsehood,stars,2020-11-26,14369,github
https://github.com/kdeldycke/awesome-falsehood,stars,2020-11-27,14373,github
https://github.com/kdeldycke/awesome-falsehood,stars,2020-11-28,14376,github
https://github.com/kdeldycke/awesome-falsehood,stars,2020-11-29,14377,github
https://github.com/kdeldycke/awesome-falsehood,stars,2020-11-30,14380,github
https://github.com/kdeldycke/awesome-falsehood,stars,2020-12-01,14385,github
https://github.com/kdeldycke/awesome-falsehood,stars,2020-12-02,14391,github
https://github.com/kdeldycke/awesome-falsehood,stars,2020-12-03,14393,github
https://github.com/kdeldycke/awesome-falsehood,stars,2020-12-04,14399,github
https://github.com/kdeldycke/awesome-falsehood,stars,2020-12-05,14401,github
https://github.com/kdeldycke/awesome-falsehood,stars,2020-12-06,14407,github
https://github.com/kdeldycke/awesome-falsehood,stars,2020-12-07,14415,github
https://github.com/kdeldycke/awesome-falsehood,stars,2020-12-08,14419,github
https://github.com/kdeldycke/awesome-falsehood,stars,2020-12-09,14442,github
https://github.com/kdeldycke/awesome-falsehood,stars,2020-12-10,14463,github
https://github.com/kdeldycke/awesome-falsehood,stars,2020-12-11,14471,github
https://github.com/kdeldycke/awesome-falsehood,stars,2020-12-12,14477,github
https://github.com/kdeldycke/awesome-falsehood,stars,2020-12-13,14480,github
https://github.com/kdeldycke/awesome-falsehood,stars,2020-12-14,14484,github
https://github.com/kdeldycke/awesome-falsehood,stars,2020-12-15,14485,github
https://github.com/kdeldycke/awesome-falsehood,stars,2020-12-16,14490,github
https://github.com/kdeldycke/awesome-falsehood,stars,2020-12-17,14491,github
https://github.com/kdeldycke/awesome-falsehood,stars,2020-12-18,14492,github
https://github.com/kdeldycke/awesome-falsehood,stars,2020-12-19,14498,github
https://github.com/kdeldycke/awesome-falsehood,stars,2020-12-20,14499,github
https://github.com/kdeldycke/awesome-falsehood,stars,2020-12-21,14501,github
https://github.com/kdeldycke/awesome-falsehood,stars,2020-12-22,14505,github
https://github.com/kdeldycke/awesome-falsehood,stars,2020-12-23,14508,github
https://github.com/kdeldycke/awesome-falsehood,stars,2020-12-24,14512,github
https://github.com/kdeldycke/awesome-falsehood,stars,2020-12-25,14514,github
https://github.com/kdeldycke/awesome-falsehood,stars,2020-12-26,14515,github
https://github.com/kdeldycke/awesome-falsehood,stars,2020-12-27,14520,github
https://github.com/kdeldycke/awesome-falsehood,stars,2020-12-28,14526,github
https://github.com/kdeldycke/awesome-falsehood,stars,2020-12-29,14528,github
https://github.com/kdeldycke/awesome-falsehood,stars,2020-12-30,14535,github
https://github.com/kdeldycke/awesome-falsehood,stars,2021-01-01,14536,github
https://github.com/kdeldycke/awesome-falsehood,stars,2021-01-02,14541,github
https://github.com/kdeldycke/awesome-falsehood,stars,2021-01-03,14542,github
https://github.com/kdeldycke/awesome-falsehood,stars,2021-01-04,14547,github
https://github.com/kdeldycke/awesome-falsehood,stars,2021-01-05,14553,github
https://github.com/kdeldycke/awesome-falsehood,stars,2021-01-06,14555,github
https://github.com/kdeldycke/awesome-falsehood,stars,2021-01-07,14557,github
https://github.com/kdeldycke/awesome-falsehood,stars,2021-01-08,14560,github
https://github.com/kdeldycke/awesome-falsehood,stars,2021-01-09,14576,github
https://github.com/kdeldycke/awesome-falsehood,stars,2021-01-10,14582,github
https://github.com/kdeldycke/awesome-falsehood,stars,2021-01-11,14585,github
https://github.com/kdeldycke/awesome-falsehood,stars,2021-01-12,14588,github
https://github.com/kdeldycke/awesome-falsehood,stars,2021-01-13,14589,github
https://github.com/kdeldycke/awesome-falsehood,stars,2021-01-14,14592,github
https://github.com/kdeldycke/awesome-falsehood,stars,2021-01-15,14595,github
https://github.com/kdeldycke/awesome-falsehood,stars,2021-01-16,14598,github
https://github.com/kdeldycke/awesome-falsehood,stars,2021-01-17,14608,github
https://github.com/kdeldycke/awesome-falsehood,stars,2021-01-18,14614,github
https://github.com/kdeldycke/awesome-falsehood,stars,2021-01-19,14619,github
https://github.com/kdeldycke/awesome-falsehood,stars,2021-01-20,14628,github
https://github.com/kdeldycke/awesome-falsehood,stars,2021-01-21,14630,github
https://github.com/kdeldycke/awesome-falsehood,stars,2021-01-22,14635,github
https://github.com/kdeldycke/awesome-falsehood,stars,2021-01-23,14636,github
https://github.com/kdeldycke/awesome-falsehood,stars,2021-01-24,14638,github
https://github.com/kdeldycke/awesome-falsehood,stars,2021-01-25,14644,github
https://github.com/kdeldycke/awesome-falsehood,stars,2021-01-26,14652,github
https://github.com/kdeldycke/awesome-falsehood,stars,2021-01-27,14653,github
https://github.com/kdeldycke/awesome-falsehood,stars,2021-01-28,14654,github
https://github.com/kdeldycke/awesome-falsehood,stars,2021-01-29,14659,github
https://github.com/kdeldycke/awesome-falsehood,stars,2021-01-30,14661,github
https://github.com/kdeldycke/awesome-falsehood,stars,2021-01-31,14665,github
https://github.com/kdeldycke/awesome-falsehood,stars,2021-02-01,14670,github
https://github.com/kdeldycke/awesome-falsehood,stars,2021-02-02,14677,github
https://github.com/kdeldycke/awesome-falsehood,stars,2021-02-03,14681,github
https://github.com/kdeldycke/awesome-falsehood,stars,2021-02-04,14685,github
https://github.com/kdeldycke/awesome-falsehood,stars,2021-02-05,14695,github
https://github.com/kdeldycke/awesome-falsehood,stars,2021-02-06,14710,github
https://github.com/kdeldycke/awesome-falsehood,stars,2021-02-07,14724,github
https://github.com/kdeldycke/awesome-falsehood,stars,2021-02-08,14734,github
https://github.com/kdeldycke/awesome-falsehood,stars,2021-02-09,14742,github
https://github.com/kdeldycke/awesome-falsehood,stars,2021-02-10,14745,github
https://github.com/kdeldycke/awesome-falsehood,stars,2021-02-11,14748,github
https://github.com/kdeldycke/awesome-falsehood,stars,2021-02-12,14754,github
https://github.com/kdeldycke/awesome-falsehood,stars,2021-02-13,14758,github
https://github.com/kdeldycke/awesome-falsehood,stars,2021-02-14,14761,github
https://github.com/kdeldycke/awesome-falsehood,stars,2021-02-15,14764,github
https://github.com/kdeldycke/awesome-falsehood,stars,2021-02-17,14769,github
https://github.com/kdeldycke/awesome-falsehood,stars,2021-02-18,14773,github
https://github.com/kdeldycke/awesome-falsehood,stars,2021-02-19,14780,github
https://github.com/kdeldycke/awesome-falsehood,stars,2021-02-20,14782,github
https://github.com/kdeldycke/awesome-falsehood,stars,2021-02-21,14785,github
https://github.com/kdeldycke/awesome-falsehood,stars,2021-02-22,14792,github
https://github.com/kdeldycke/awesome-falsehood,stars,2021-02-23,14794,github
https://github.com/kdeldycke/awesome-falsehood,stars,2021-02-24,14799,github
https://github.com/kdeldycke/awesome-falsehood,stars,2021-02-25,14805,github
https://github.com/kdeldycke/awesome-falsehood,stars,2021-02-26,14813,github
https://github.com/kdeldycke/awesome-falsehood,stars,2021-02-27,14819,github
https://github.com/kdeldycke/awesome-falsehood,stars,2021-02-28,14829,github
https://github.com/kdeldycke/awesome-falsehood,stars,2021-03-01,14842,github
https://github.com/kdeldycke/awesome-falsehood,stars,2021-03-02,14850,github
https://github.com/kdeldycke/awesome-falsehood,stars,2021-03-03,14855,github
https://github.com/kdeldycke/awesome-falsehood,stars,2021-03-04,14861,github
https://github.com/kdeldycke/awesome-falsehood,stars,2021-03-05,14865,github
https://github.com/kdeldycke/awesome-falsehood,stars,2021-03-06,14869,github
https://github.com/kdeldycke/awesome-falsehood,stars,2021-03-07,14876,github
https://github.com/kdeldycke/awesome-falsehood,stars,2021-03-08,14880,github
https://github.com/kdeldycke/awesome-falsehood,stars,2021-03-09,14888,github
https://github.com/kdeldycke/awesome-falsehood,stars,2021-03-10,14892,github
https://github.com/kdeldycke/awesome-falsehood,stars,2021-03-11,14896,github
https://github.com/kdeldycke/awesome-falsehood,stars,2021-03-13,14898,github
https://github.com/kdeldycke/awesome-falsehood,stars,2021-03-14,14901,github
https://github.com/kdeldycke/awesome-falsehood,stars,2021-03-15,14904,github
https://github.com/kdeldycke/awesome-falsehood,stars,2021-03-16,14905,github
https://github.com/kdeldycke/awesome-falsehood,stars,2021-03-17,14907,github
https://github.com/kdeldycke/awesome-falsehood,stars,2021-03-18,14911,github
https://github.com/kdeldycke/awesome-falsehood,stars,2021-03-19,14915,github
https://github.com/kdeldycke/awesome-falsehood,stars,2021-03-20,14917,github
https://github.com/kdeldycke/awesome-falsehood,stars,2021-03-21,14921,github
https://github.com/kdeldycke/awesome-falsehood,stars,2021-03-22,14925,github
https://github.com/kdeldycke/awesome-falsehood,stars,2021-03-23,14929,github
https://github.com/kdeldycke/awesome-falsehood,stars,2021-03-24,14931,github
https://github.com/kdeldycke/awesome-falsehood,stars,2021-03-25,14935,github
https://github.com/kdeldycke/awesome-falsehood,stars,2021-03-26,14939,github
https://github.com/kdeldycke/awesome-falsehood,stars,2021-03-27,14943,github
https://github.com/kdeldycke/awesome-falsehood,stars,2021-03-28,14946,github
https://github.com/kdeldycke/awesome-falsehood,stars,2021-03-29,14953,github
https://github.com/kdeldycke/awesome-falsehood,stars,2021-03-30,14955,github
https://github.com/kdeldycke/awesome-falsehood,stars,2021-03-31,14964,github
https://github.com/kdeldycke/awesome-falsehood,stars,2021-04-01,14970,github
https://github.com/kdeldycke/awesome-falsehood,stars,2021-04-02,14971,github
https://github.com/kdeldycke/awesome-falsehood,stars,2021-04-03,14973,github
https://github.com/kdeldycke/awesome-falsehood,stars,2021-04-04,14978,github
https://github.com/kdeldycke/awesome-falsehood,stars,2021-04-05,14984,github
https://github.com/kdeldycke/awesome-falsehood,stars,2021-04-06,14988,github
https://github.com/kdeldycke/awesome-falsehood,stars,2021-04-07,14993,github
https://github.com/kdeldycke/awesome-falsehood,stars,2021-04-08,15002,github
https://github.com/kdeldycke/awesome-falsehood,stars,2021-04-09,15006,github
https://github.com/kdeldycke/awesome-falsehood,stars,2021-04-10,15011,github
https://github.com/kdeldycke/awesome-falsehood,stars,2021-04-11,15023,github
https://github.com/kdeldycke/awesome-falsehood,stars,2021-04-12,15042,github
https://github.com/kdeldycke/awesome-falsehood,stars,2021-04-13,15056,github
https://github.com/kdeldycke/awesome-falsehood,stars,2021-04-14,15064,github
https://github.com/kdeldycke/awesome-falsehood,stars,2021-04-15,15066,github
https://github.com/kdeldycke/awesome-falsehood,stars,2021-04-16,15073,github
https://github.com/kdeldycke/awesome-falsehood,stars,2021-04-17,15093,github
https://github.com/kdeldycke/awesome-falsehood,stars,2021-04-18,15113,github
https://github.com/kdeldycke/awesome-falsehood,stars,2021-04-19,15126,github
https://github.com/kdeldycke/awesome-falsehood,stars,2021-04-20,15131,github
https://github.com/kdeldycke/awesome-falsehood,stars,2021-04-21,15134,github
https://github.com/kdeldycke/awesome-falsehood,stars,2021-04-22,15142,github
https://github.com/kdeldycke/awesome-falsehood,stars,2021-04-23,15146,github
https://github.com/kdeldycke/awesome-falsehood,stars,2021-04-24,15152,github
https://github.com/kdeldycke/awesome-falsehood,stars,2021-04-25,15154,github
https://github.com/kdeldycke/awesome-falsehood,stars,2021-04-26,15157,github
https://github.com/kdeldycke/awesome-falsehood,stars,2021-04-27,15161,github
https://github.com/kdeldycke/awesome-falsehood,stars,2021-04-28,15165,github
https://github.com/kdeldycke/awesome-falsehood,stars,2021-04-29,15167,github
https://github.com/kdeldycke/awesome-falsehood,stars,2021-04-30,15171,github
https://github.com/kdeldycke/awesome-falsehood,stars,2021-05-01,15173,github
https://github.com/kdeldycke/awesome-falsehood,stars,2021-05-02,15176,github
https://github.com/kdeldycke/awesome-falsehood,stars,2021-05-03,15182,github
https://github.com/kdeldycke/awesome-falsehood,stars,2021-05-04,15190,github
https://github.com/kdeldycke/awesome-falsehood,stars,2021-05-05,15194,github
https://github.com/kdeldycke/awesome-falsehood,stars,2021-05-06,15199,github
https://github.com/kdeldycke/awesome-falsehood,stars,2021-05-07,15200,github
https://github.com/kdeldycke/awesome-falsehood,stars,2021-05-08,15201,github
https://github.com/kdeldycke/awesome-falsehood,stars,2021-05-09,15203,github
https://github.com/kdeldycke/awesome-falsehood,stars,2021-05-10,15205,github
https://github.com/kdeldycke/awesome-falsehood,stars,2021-05-12,15207,github
https://github.com/kdeldycke/awesome-falsehood,stars,2021-05-13,15231,github
https://github.com/kdeldycke/awesome-falsehood,stars,2021-05-14,15242,github
https://github.com/kdeldycke/awesome-falsehood,stars,2021-05-15,15246,github
https://github.com/kdeldycke/awesome-falsehood,stars,2021-05-16,15247,github
https://github.com/kdeldycke/awesome-falsehood,stars,2021-05-17,15253,github
https://github.com/kdeldycke/awesome-falsehood,stars,2021-05-18,15258,github
https://github.com/kdeldycke/awesome-falsehood,stars,2021-05-19,15265,github
https://github.com/kdeldycke/awesome-falsehood,stars,2021-05-20,15272,github
https://github.com/kdeldycke/awesome-falsehood,stars,2021-05-21,15275,github
https://github.com/kdeldycke/awesome-falsehood,stars,2021-05-22,15279,github
https://github.com/kdeldycke/awesome-falsehood,stars,2021-05-23,15284,github
https://github.com/kdeldycke/awesome-falsehood,stars,2021-05-24,15293,github
https://github.com/kdeldycke/awesome-falsehood,stars,2021-05-25,15295,github
https://github.com/kdeldycke/awesome-falsehood,stars,2021-05-26,15297,github
https://github.com/kdeldycke/awesome-falsehood,stars,2021-05-27,15300,github
https://github.com/kdeldycke/awesome-falsehood,stars,2021-05-28,15303,github
https://github.com/kdeldycke/awesome-falsehood,stars,2021-05-29,15307,github
https://github.com/kdeldycke/awesome-falsehood,stars,2021-05-30,15309,github
https://github.com/kdeldycke/awesome-falsehood,stars,2021-05-31,15311,github
https://github.com/kdeldycke/awesome-falsehood,stars,2021-06-01,15314,github
https://github.com/kdeldycke/awesome-falsehood,stars,2021-06-02,15317,github
https://github.com/kdeldycke/awesome-falsehood,stars,2021-06-03,15320,github
https://github.com/kdeldycke/awesome-falsehood,stars,2021-06-04,15321,github
https://github.com/kdeldycke/awesome-falsehood,stars,2021-06-05,15322,github
https://github.com/kdeldycke/awesome-falsehood,stars,2021-06-06,15323,github
https://github.com/kdeldycke/awesome-falsehood,stars,2021-06-07,15330,github
https://github.com/kdeldycke/awesome-falsehood,stars,2021-06-08,15331,github
https://github.com/kdeldycke/awesome-falsehood,stars,2021-06-09,15332,github
https://github.com/kdeldycke/awesome-falsehood,stars,2021-06-10,15338,github
https://github.com/kdeldycke/awesome-falsehood,stars,2021-06-12,15340,github
https://github.com/kdeldycke/awesome-falsehood,stars,2021-06-13,15342,github
https://github.com/kdeldycke/awesome-falsehood,stars,2021-06-14,15344,github
https://github.com/kdeldycke/awesome-falsehood,stars,2021-06-15,15349,github
https://github.com/kdeldycke/awesome-falsehood,stars,2021-06-16,15351,github
https://github.com/kdeldycke/awesome-falsehood,stars,2021-06-17,15354,github
https://github.com/kdeldycke/awesome-falsehood,stars,2021-06-18,15357,github
https://github.com/kdeldycke/awesome-falsehood,stars,2021-06-19,15360,github
https://github.com/kdeldycke/awesome-falsehood,stars,2021-06-20,15368,github
https://github.com/kdeldycke/awesome-falsehood,stars,2021-06-21,15373,github
https://github.com/kdeldycke/awesome-falsehood,stars,2021-06-22,15379,github
https://github.com/kdeldycke/awesome-falsehood,stars,2021-06-23,15380,github
https://github.com/kdeldycke/awesome-falsehood,stars,2021-06-24,15381,github
https://github.com/kdeldycke/awesome-falsehood,stars,2021-06-25,15385,github
https://github.com/kdeldycke/awesome-falsehood,stars,2021-06-26,15387,github
https://github.com/kdeldycke/awesome-falsehood,stars,2021-06-27,15392,github
https://github.com/kdeldycke/awesome-falsehood,stars,2021-06-28,15395,github
https://github.com/kdeldycke/awesome-falsehood,stars,2021-06-29,15397,github
https://github.com/kdeldycke/awesome-falsehood,stars,2021-06-30,15399,github
https://github.com/kdeldycke/awesome-falsehood,stars,2021-07-01,15403,github
https://github.com/kdeldycke/awesome-falsehood,stars,2021-07-02,15405,github
https://github.com/kdeldycke/awesome-falsehood,stars,2021-07-03,15407,github
https://github.com/kdeldycke/awesome-falsehood,stars,2021-07-04,15408,github
https://github.com/kdeldycke/awesome-falsehood,stars,2021-07-05,15409,github
https://github.com/kdeldycke/awesome-falsehood,stars,2021-07-06,15415,github
https://github.com/kdeldycke/awesome-falsehood,stars,2021-07-07,15420,github
https://github.com/kdeldycke/awesome-falsehood,stars,2021-07-08,15424,github
https://github.com/kdeldycke/awesome-falsehood,stars,2021-07-09,15431,github
https://github.com/kdeldycke/awesome-falsehood,stars,2021-07-10,15433,github
https://github.com/kdeldycke/awesome-falsehood,stars,2021-07-11,15436,github
https://github.com/kdeldycke/awesome-falsehood,stars,2021-07-12,15437,github
https://github.com/kdeldycke/awesome-falsehood,stars,2021-07-13,15440,github
https://github.com/kdeldycke/awesome-falsehood,stars,2021-07-14,15446,github
https://github.com/kdeldycke/awesome-falsehood,stars,2021-07-15,15457,github
https://github.com/kdeldycke/awesome-falsehood,stars,2021-07-16,15461,github
https://github.com/kdeldycke/awesome-falsehood,stars,2021-07-20,15463,github
https://github.com/kdeldycke/awesome-falsehood,stars,2021-07-21,15465,github
https://github.com/kdeldycke/awesome-falsehood,stars,2021-07-22,15472,github
https://github.com/kdeldycke/awesome-falsehood,stars,2021-07-23,15476,github
https://github.com/kdeldycke/awesome-falsehood,stars,2021-07-24,15478,github
https://github.com/kdeldycke/awesome-falsehood,stars,2021-07-25,15480,github
https://github.com/kdeldycke/awesome-falsehood,stars,2021-07-26,15484,github
https://github.com/kdeldycke/awesome-falsehood,stars,2021-07-27,15489,github
https://github.com/kdeldycke/awesome-falsehood,stars,2021-07-28,15492,github
https://github.com/kdeldycke/awesome-falsehood,stars,2021-07-29,15493,github
https://github.com/kdeldycke/awesome-falsehood,stars,2021-07-30,15501,github
https://github.com/kdeldycke/awesome-falsehood,stars,2021-07-31,15503,github
https://github.com/kdeldycke/awesome-falsehood,stars,2021-08-01,15509,github
https://github.com/kdeldycke/awesome-falsehood,stars,2021-08-02,15512,github
https://github.com/kdeldycke/awesome-falsehood,stars,2021-08-03,15513,github
https://github.com/kdeldycke/awesome-falsehood,stars,2021-08-04,15516,github
https://github.com/kdeldycke/awesome-falsehood,stars,2021-08-05,15537,github
https://github.com/kdeldycke/awesome-falsehood,stars,2021-08-06,15547,github
https://github.com/kdeldycke/awesome-falsehood,stars,2021-08-07,15548,github
https://github.com/kdeldycke/awesome-falsehood,stars,2021-08-08,15553,github
https://github.com/kdeldycke/awesome-falsehood,stars,2021-08-09,15555,github
https://github.com/kdeldycke/awesome-falsehood,stars,2021-08-10,15559,github
https://github.com/kdeldycke/awesome-falsehood,stars,2021-08-11,15562,github
https://github.com/kdeldycke/awesome-falsehood,stars,2021-08-12,15564,github
https://github.com/kdeldycke/awesome-falsehood,stars,2021-08-13,15567,github
https://github.com/kdeldycke/awesome-falsehood,stars,2021-08-15,15569,github
https://github.com/kdeldycke/awesome-falsehood,stars,2021-08-16,15570,github
https://github.com/kdeldycke/awesome-falsehood,stars,2021-08-17,15573,github
https://github.com/kdeldycke/awesome-falsehood,stars,2021-08-18,15577,github
https://github.com/kdeldycke/awesome-falsehood,stars,2021-08-19,15589,github
https://github.com/kdeldycke/awesome-falsehood,stars,2021-08-20,15591,github
https://github.com/kdeldycke/awesome-falsehood,stars,2021-08-22,15594,github
https://github.com/kdeldycke/awesome-falsehood,stars,2021-08-23,15601,github
https://github.com/kdeldycke/awesome-falsehood,stars,2021-08-25,15605,github
https://github.com/kdeldycke/awesome-falsehood,stars,2021-08-26,15610,github
https://github.com/kdeldycke/awesome-falsehood,stars,2021-08-27,15616,github
https://github.com/kdeldycke/awesome-falsehood,stars,2021-08-29,15618,github
https://github.com/kdeldycke/awesome-falsehood,stars,2021-08-30,15620,github
https://github.com/kdeldycke/awesome-falsehood,stars,2021-08-31,15624,github
https://github.com/kdeldycke/awesome-falsehood,stars,2021-09-01,15627,github
https://github.com/kdeldycke/awesome-falsehood,stars,2021-09-02,15630,github
https://github.com/kdeldycke/awesome-falsehood,stars,2021-09-03,15633,github
https://github.com/kdeldycke/awesome-falsehood,stars,2021-09-04,15634,github
https://github.com/kdeldycke/awesome-falsehood,stars,2021-09-06,15637,github
https://github.com/kdeldycke/awesome-falsehood,stars,2021-09-07,15643,github
https://github.com/kdeldycke/awesome-falsehood,stars,2021-09-08,15647,github
https://github.com/kdeldycke/awesome-falsehood,stars,2021-09-09,15653,github
https://github.com/kdeldycke/awesome-falsehood,stars,2021-09-10,15655,github
https://github.com/kdeldycke/awesome-falsehood,stars,2021-09-11,15659,github
https://github.com/kdeldycke/awesome-falsehood,stars,2021-09-12,15664,github
https://github.com/kdeldycke/awesome-falsehood,stars,2021-09-13,15671,github
https://github.com/kdeldycke/awesome-falsehood,stars,2021-09-14,15688,github
https://github.com/kdeldycke/awesome-falsehood,stars,2021-09-15,15699,github
https://github.com/kdeldycke/awesome-falsehood,stars,2021-09-16,15703,github
https://github.com/kdeldycke/awesome-falsehood,stars,2021-09-17,15705,github
https://github.com/kdeldycke/awesome-falsehood,stars,2021-09-18,15707,github
https://github.com/kdeldycke/awesome-falsehood,stars,2021-09-19,15713,github
https://github.com/kdeldycke/awesome-falsehood,stars,2021-09-20,15716,github
https://github.com/kdeldycke/awesome-falsehood,stars,2021-09-21,15724,github
https://github.com/kdeldycke/awesome-falsehood,stars,2021-09-22,15727,github
https://github.com/kdeldycke/awesome-falsehood,stars,2021-09-23,15731,github
https://github.com/kdeldycke/awesome-falsehood,stars,2021-09-24,15737,github
https://github.com/kdeldycke/awesome-falsehood,stars,2021-09-25,15740,github
https://github.com/kdeldycke/awesome-falsehood,stars,2021-09-26,15742,github
https://github.com/kdeldycke/awesome-falsehood,stars,2021-09-27,15744,github
https://github.com/kdeldycke/awesome-falsehood,stars,2021-09-28,15747,github
https://github.com/kdeldycke/awesome-falsehood,stars,2021-09-29,15750,github
https://github.com/kdeldycke/awesome-falsehood,stars,2021-09-30,15752,github
https://github.com/kdeldycke/awesome-falsehood,stars,2021-10-01,15757,github
https://github.com/kdeldycke/awesome-falsehood,stars,2021-10-02,15761,github
https://github.com/kdeldycke/awesome-falsehood,stars,2021-10-03,15764,github
https://github.com/kdeldycke/awesome-falsehood,stars,2021-10-04,15768,github
https://github.com/kdeldycke/awesome-falsehood,stars,2021-10-05,15774,github
https://github.com/kdeldycke/awesome-falsehood,stars,2021-10-06,15778,github
https://github.com/kdeldycke/awesome-falsehood,stars,2021-10-07,15781,github
https://github.com/kdeldycke/awesome-falsehood,stars,2021-10-08,15790,github
https://github.com/kdeldycke/awesome-falsehood,stars,2021-10-10,15793,github
https://github.com/kdeldycke/awesome-falsehood,stars,2021-10-11,15796,github
https://github.com/kdeldycke/awesome-falsehood,stars,2021-10-12,15797,github
https://github.com/kdeldycke/awesome-falsehood,stars,2021-10-13,15799,github
https://github.com/kdeldycke/awesome-falsehood,stars,2021-10-14,15801,github
https://github.com/kdeldycke/awesome-falsehood,stars,2021-10-15,15808,github
https://github.com/kdeldycke/awesome-falsehood,stars,2021-10-16,15810,github
https://github.com/kdeldycke/awesome-falsehood,stars,2021-10-18,15811,github
https://github.com/kdeldycke/awesome-falsehood,stars,2021-10-19,15814,github
https://github.com/kdeldycke/awesome-falsehood,stars,2021-10-20,15815,github
https://github.com/kdeldycke/awesome-falsehood,stars,2021-10-21,15819,github
https://github.com/kdeldycke/awesome-falsehood,stars,2021-10-22,15822,github
https://github.com/kdeldycke/awesome-falsehood,stars,2021-10-23,15823,github
https://github.com/kdeldycke/awesome-falsehood,stars,2021-10-24,15825,github
https://github.com/kdeldycke/awesome-falsehood,stars,2021-10-25,15827,github
https://github.com/kdeldycke/awesome-falsehood,stars,2021-10-26,15829,github
https://github.com/kdeldycke/awesome-falsehood,stars,2021-10-27,15830,github
https://github.com/kdeldycke/awesome-falsehood,stars,2021-10-28,15832,github
https://github.com/kdeldycke/awesome-falsehood,stars,2021-10-29,15833,github
https://github.com/kdeldycke/awesome-falsehood,stars,2021-10-30,15836,github
https://github.com/kdeldycke/awesome-falsehood,stars,2021-10-31,15838,github
https://github.com/kdeldycke/awesome-falsehood,stars,2021-11-01,15840,github
https://github.com/kdeldycke/awesome-falsehood,stars,2021-11-02,15842,github
https://github.com/kdeldycke/awesome-falsehood,stars,2021-11-03,15848,github
https://github.com/kdeldycke/awesome-falsehood,stars,2021-11-04,15852,github
https://github.com/kdeldycke/awesome-falsehood,stars,2021-11-05,15855,github
https://github.com/kdeldycke/awesome-falsehood,stars,2021-11-06,15856,github
https://github.com/kdeldycke/awesome-falsehood,stars,2021-11-07,15858,github
https://github.com/kdeldycke/awesome-falsehood,stars,2021-11-08,15862,github
https://github.com/kdeldycke/awesome-falsehood,stars,2021-11-09,15869,github
https://github.com/kdeldycke/awesome-falsehood,stars,2021-11-10,15873,github
https://github.com/kdeldycke/awesome-falsehood,stars,2021-11-11,15874,github
https://github.com/kdeldycke/awesome-falsehood,stars,2021-11-12,15878,github
https://github.com/kdeldycke/awesome-falsehood,stars,2021-11-13,15879,github
https://github.com/kdeldycke/awesome-falsehood,stars,2021-11-14,15882,github
https://github.com/kdeldycke/awesome-falsehood,stars,2021-11-15,15884,github
https://github.com/kdeldycke/awesome-falsehood,stars,2021-11-16,15889,github
https://github.com/kdeldycke/awesome-falsehood,stars,2021-11-17,15891,github
https://github.com/kdeldycke/awesome-falsehood,stars,2021-11-18,15894,github
https://github.com/kdeldycke/awesome-falsehood,stars,2021-11-19,15895,github
https://github.com/kdeldycke/awesome-falsehood,stars,2021-11-20,15898,github
https://github.com/kdeldycke/awesome-falsehood,stars,2021-11-21,15901,github
https://github.com/kdeldycke/awesome-falsehood,stars,2021-11-22,15905,github
https://github.com/kdeldycke/awesome-falsehood,stars,2021-11-24,15906,github
https://github.com/kdeldycke/awesome-falsehood,stars,2021-11-25,15909,github
https://github.com/kdeldycke/awesome-falsehood,stars,2021-11-26,15914,github
https://github.com/kdeldycke/awesome-falsehood,stars,2021-11-27,15918,github
https://github.com/kdeldycke/awesome-falsehood,stars,2021-11-28,15921,github
https://github.com/kdeldycke/awesome-falsehood,stars,2021-11-29,15932,github
https://github.com/kdeldycke/awesome-falsehood,stars,2021-11-30,15941,github
https://github.com/kdeldycke/awesome-falsehood,stars,2021-12-01,15952,github
https://github.com/kdeldycke/awesome-falsehood,stars,2021-12-02,15967,github
https://github.com/kdeldycke/awesome-falsehood,stars,2021-12-03,15980,github
https://github.com/kdeldycke/awesome-falsehood,stars,2021-12-04,15985,github
https://github.com/kdeldycke/awesome-falsehood,stars,2021-12-05,15994,github
https://github.com/kdeldycke/awesome-falsehood,stars,2021-12-06,16011,github
https://github.com/kdeldycke/awesome-falsehood,stars,2021-12-07,16022,github
https://github.com/kdeldycke/awesome-falsehood,stars,2021-12-08,16030,github
https://github.com/kdeldycke/awesome-falsehood,stars,2021-12-09,16039,github
https://github.com/kdeldycke/awesome-falsehood,stars,2021-12-10,16044,github
https://github.com/kdeldycke/awesome-falsehood,stars,2021-12-11,16046,github
https://github.com/kdeldycke/awesome-falsehood,stars,2021-12-12,16051,github
https://github.com/kdeldycke/awesome-falsehood,stars,2021-12-13,16057,github
https://github.com/kdeldycke/awesome-falsehood,stars,2021-12-14,16065,github
https://github.com/kdeldycke/awesome-falsehood,stars,2021-12-15,16067,github
https://github.com/kdeldycke/awesome-falsehood,stars,2021-12-16,16069,github
https://github.com/kdeldycke/awesome-falsehood,stars,2021-12-17,16071,github
https://github.com/kdeldycke/awesome-falsehood,stars,2021-12-18,16075,github
https://github.com/kdeldycke/awesome-falsehood,stars,2021-12-19,16076,github
https://github.com/kdeldycke/awesome-falsehood,stars,2021-12-20,16080,github
https://github.com/kdeldycke/awesome-falsehood,stars,2021-12-21,16082,github
https://github.com/kdeldycke/awesome-falsehood,stars,2021-12-22,16090,github
https://github.com/kdeldycke/awesome-falsehood,stars,2021-12-23,16101,github
https://github.com/kdeldycke/awesome-falsehood,stars,2021-12-24,16107,github
https://github.com/kdeldycke/awesome-falsehood,stars,2021-12-25,16110,github
https://github.com/kdeldycke/awesome-falsehood,stars,2021-12-26,16122,github
https://github.com/kdeldycke/awesome-falsehood,stars,2021-12-27,16139,github
https://github.com/kdeldycke/awesome-falsehood,stars,2021-12-28,16146,github
https://github.com/kdeldycke/awesome-falsehood,stars,2021-12-29,16149,github
https://github.com/kdeldycke/awesome-falsehood,stars,2021-12-30,16154,github
https://github.com/kdeldycke/awesome-falsehood,stars,2021-12-31,16160,github
https://github.com/kdeldycke/awesome-falsehood,stars,2022-01-01,16162,github
https://github.com/kdeldycke/awesome-falsehood,stars,2022-01-02,16168,github
https://github.com/kdeldycke/awesome-falsehood,stars,2022-01-03,16177,github
https://github.com/kdeldycke/awesome-falsehood,stars,2022-01-04,16179,github
https://github.com/kdeldycke/awesome-falsehood,stars,2022-01-05,16193,github
https://github.com/kdeldycke/awesome-falsehood,stars,2022-01-06,16201,github
https://github.com/kdeldycke/awesome-falsehood,stars,2022-01-07,16208,github
https://github.com/kdeldycke/awesome-falsehood,stars,2022-01-08,16211,github
https://github.com/kdeldycke/awesome-falsehood,stars,2022-01-09,16213,github
https://github.com/kdeldycke/awesome-falsehood,stars,2022-01-10,16259,github
https://github.com/kdeldycke/awesome-falsehood,stars,2022-01-11,16276,github
https://github.com/kdeldycke/awesome-falsehood,stars,2022-01-12,16288,github
https://github.com/kdeldycke/awesome-falsehood,stars,2022-01-13,16292,github
https://github.com/kdeldycke/awesome-falsehood,stars,2022-01-14,16296,github
https://github.com/kdeldycke/awesome-falsehood,stars,2022-01-15,16297,github
https://github.com/kdeldycke/awesome-falsehood,stars,2022-01-16,16303,github
https://github.com/kdeldycke/awesome-falsehood,stars,2022-01-17,16311,github
https://github.com/kdeldycke/awesome-falsehood,stars,2022-01-18,16316,github
https://github.com/kdeldycke/awesome-falsehood,stars,2022-01-19,16319,github
https://github.com/kdeldycke/awesome-falsehood,stars,2022-01-20,16341,github
https://github.com/kdeldycke/awesome-falsehood,stars,2022-01-21,16354,github
https://github.com/kdeldycke/awesome-falsehood,stars,2022-01-22,16359,github
https://github.com/kdeldycke/awesome-falsehood,stars,2022-01-23,16364,github
https://github.com/kdeldycke/awesome-falsehood,stars,2022-01-24,16367,github
https://github.com/kdeldycke/awesome-falsehood,stars,2022-01-25,16373,github
https://github.com/kdeldycke/awesome-falsehood,stars,2022-01-26,16381,github
https://github.com/kdeldycke/awesome-falsehood,stars,2022-01-27,16385,github
https://github.com/kdeldycke/awesome-falsehood,stars,2022-01-28,16388,github
https://github.com/kdeldycke/awesome-falsehood,stars,2022-01-29,16390,github
https://github.com/kdeldycke/awesome-falsehood,stars,2022-01-30,16392,github
https://github.com/kdeldycke/awesome-falsehood,stars,2022-01-31,16394,github
https://github.com/kdeldycke/awesome-falsehood,stars,2022-02-01,16398,github
https://github.com/kdeldycke/awesome-falsehood,stars,2022-02-02,16404,github
https://github.com/kdeldycke/awesome-falsehood,stars,2022-02-03,16410,github
https://github.com/kdeldycke/awesome-falsehood,stars,2022-02-04,16412,github
https://github.com/kdeldycke/awesome-falsehood,stars,2022-02-05,16413,github
https://github.com/kdeldycke/awesome-falsehood,stars,2022-02-07,16415,github
https://github.com/kdeldycke/awesome-falsehood,stars,2022-02-08,16419,github
https://github.com/kdeldycke/awesome-falsehood,stars,2022-02-09,16426,github
https://github.com/kdeldycke/awesome-falsehood,stars,2022-02-10,16433,github
https://github.com/kdeldycke/awesome-falsehood,stars,2022-02-11,16436,github
https://github.com/kdeldycke/awesome-falsehood,stars,2022-02-12,16438,github
https://github.com/kdeldycke/awesome-falsehood,stars,2022-02-13,16439,github
https://github.com/kdeldycke/awesome-falsehood,stars,2022-02-14,16445,github
https://github.com/kdeldycke/awesome-falsehood,stars,2022-02-15,16447,github
https://github.com/kdeldycke/awesome-falsehood,stars,2022-02-16,16448,github
https://github.com/kdeldycke/awesome-falsehood,stars,2022-02-17,16452,github
https://github.com/kdeldycke/awesome-falsehood,stars,2022-02-18,16457,github
https://github.com/kdeldycke/awesome-falsehood,stars,2022-02-20,16459,github
https://github.com/kdeldycke/awesome-falsehood,stars,2022-02-21,16462,github
https://github.com/kdeldycke/awesome-falsehood,stars,2022-02-22,16468,github
https://github.com/kdeldycke/awesome-falsehood,stars,2022-02-23,16477,github
https://github.com/kdeldycke/awesome-falsehood,stars,2022-02-24,16480,github
https://github.com/kdeldycke/awesome-falsehood,stars,2022-02-25,16487,github
https://github.com/kdeldycke/awesome-falsehood,stars,2022-02-26,16489,github
https://github.com/kdeldycke/awesome-falsehood,stars,2022-02-28,16498,github
https://github.com/kdeldycke/awesome-falsehood,stars,2022-03-01,16506,github
https://github.com/kdeldycke/awesome-falsehood,stars,2022-03-02,16516,github
https://github.com/kdeldycke/awesome-falsehood,stars,2022-03-03,16521,github
https://github.com/kdeldycke/awesome-falsehood,stars,2022-03-04,16524,github
https://github.com/kdeldycke/awesome-falsehood,stars,2022-03-06,16526,github
https://github.com/kdeldycke/awesome-falsehood,stars,2022-03-07,16528,github
https://github.com/kdeldycke/awesome-falsehood,stars,2022-03-09,16529,github
https://github.com/kdeldycke/awesome-falsehood,stars,2022-03-10,16531,github
https://github.com/kdeldycke/awesome-falsehood,stars,2022-03-11,16535,github
https://github.com/kdeldycke/awesome-falsehood,stars,2022-03-12,16536,github
https://github.com/kdeldycke/awesome-falsehood,stars,2022-03-13,16540,github
https://github.com/kdeldycke/awesome-falsehood,stars,2022-03-14,16544,github
https://github.com/kdeldycke/awesome-falsehood,stars,2022-03-15,16551,github
https://github.com/kdeldycke/awesome-falsehood,stars,2022-03-16,16557,github
https://github.com/kdeldycke/awesome-falsehood,stars,2022-03-17,16762,github
https://github.com/kdeldycke/awesome-falsehood,stars,2022-03-18,16832,github
https://github.com/kdeldycke/awesome-falsehood,stars,2022-03-19,16862,github
https://github.com/kdeldycke/awesome-falsehood,stars,2022-03-20,16918,github
https://github.com/kdeldycke/awesome-falsehood,stars,2022-03-21,16964,github
https://github.com/kdeldycke/awesome-falsehood,stars,2022-03-22,17008,github
https://github.com/kdeldycke/awesome-falsehood,stars,2022-03-23,17042,github
https://github.com/kdeldycke/awesome-falsehood,stars,2022-03-24,17061,github
https://github.com/kdeldycke/awesome-falsehood,stars,2022-03-25,17079,github
https://github.com/kdeldycke/awesome-falsehood,stars,2022-03-26,17089,github
https://github.com/kdeldycke/awesome-falsehood,stars,2022-03-27,17098,github
https://github.com/kdeldycke/awesome-falsehood,stars,2022-03-28,17110,github
https://github.com/kdeldycke/awesome-falsehood,stars,2022-03-29,17113,github
https://github.com/kdeldycke/awesome-falsehood,stars,2022-03-30,17121,github
https://github.com/kdeldycke/awesome-falsehood,stars,2022-03-31,17124,github
https://github.com/kdeldycke/awesome-falsehood,stars,2022-04-01,17126,github
https://github.com/kdeldycke/awesome-falsehood,stars,2022-04-02,17129,github
https://github.com/kdeldycke/awesome-falsehood,stars,2022-04-03,17141,github
https://github.com/kdeldycke/awesome-falsehood,stars,2022-04-04,17154,github
https://github.com/kdeldycke/awesome-falsehood,stars,2022-04-05,17164,github
https://github.com/kdeldycke/awesome-falsehood,stars,2022-04-06,17173,github
https://github.com/kdeldycke/awesome-falsehood,stars,2022-04-07,17189,github
https://github.com/kdeldycke/awesome-falsehood,stars,2022-04-08,17195,github
https://github.com/kdeldycke/awesome-falsehood,stars,2022-04-09,17197,github
https://github.com/kdeldycke/awesome-falsehood,stars,2022-04-10,17202,github
https://github.com/kdeldycke/awesome-falsehood,stars,2022-04-11,17205,github
https://github.com/kdeldycke/awesome-falsehood,stars,2022-04-12,17209,github
https://github.com/kdeldycke/awesome-falsehood,stars,2022-04-13,17213,github
https://github.com/kdeldycke/awesome-falsehood,stars,2022-04-14,17214,github
https://github.com/kdeldycke/awesome-falsehood,stars,2022-04-15,17218,github
https://github.com/kdeldycke/awesome-falsehood,stars,2022-04-16,17220,github
https://github.com/kdeldycke/awesome-falsehood,stars,2022-04-17,17225,github
https://github.com/kdeldycke/awesome-falsehood,stars,2022-04-18,17226,github
https://github.com/kdeldycke/awesome-falsehood,stars,2022-04-19,17232,github
https://github.com/kdeldycke/awesome-falsehood,stars,2022-04-20,17236,github
https://github.com/kdeldycke/awesome-falsehood,stars,2022-04-21,17244,github
https://github.com/kdeldycke/awesome-falsehood,stars,2022-04-22,17247,github
https://github.com/kdeldycke/awesome-falsehood,stars,2022-04-23,17251,github
https://github.com/kdeldycke/awesome-falsehood,stars,2022-04-24,17255,github
https://github.com/kdeldycke/awesome-falsehood,stars,2022-04-25,17262,github
https://github.com/kdeldycke/awesome-falsehood,stars,2022-04-26,17269,github
https://github.com/kdeldycke/awesome-falsehood,stars,2022-04-27,17277,github
https://github.com/kdeldycke/awesome-falsehood,stars,2022-04-28,17283,github
https://github.com/kdeldycke/awesome-falsehood,stars,2022-04-29,17288,github
https://github.com/kdeldycke/awesome-falsehood,stars,2022-04-30,17290,github
https://github.com/kdeldycke/awesome-falsehood,stars,2022-05-01,17291,github
https://github.com/kdeldycke/awesome-falsehood,stars,2022-05-02,17294,github
https://github.com/kdeldycke/awesome-falsehood,stars,2022-05-03,17298,github
https://github.com/kdeldycke/awesome-falsehood,stars,2022-05-04,17302,github
https://github.com/kdeldycke/awesome-falsehood,stars,2022-05-05,17307,github
https://github.com/kdeldycke/awesome-falsehood,stars,2022-05-06,17310,github
https://github.com/kdeldycke/awesome-falsehood,stars,2022-05-07,17312,github
https://github.com/kdeldycke/awesome-falsehood,stars,2022-05-08,17313,github
https://github.com/kdeldycke/awesome-falsehood,stars,2022-05-09,17317,github
https://github.com/kdeldycke/awesome-falsehood,stars,2022-05-10,17322,github
https://github.com/kdeldycke/awesome-falsehood,stars,2022-05-11,17327,github
https://github.com/kdeldycke/awesome-falsehood,stars,2022-05-12,17329,github
https://github.com/kdeldycke/awesome-falsehood,stars,2022-05-13,17331,github
https://github.com/kdeldycke/awesome-falsehood,stars,2022-05-14,17335,github
https://github.com/kdeldycke/awesome-falsehood,stars,2022-05-15,17341,github
https://github.com/kdeldycke/awesome-falsehood,stars,2022-05-16,17347,github
https://github.com/kdeldycke/awesome-falsehood,stars,2022-05-17,17355,github
https://github.com/kdeldycke/awesome-falsehood,stars,2022-05-18,17360,github
https://github.com/kdeldycke/awesome-falsehood,stars,2022-05-19,17366,github
https://github.com/kdeldycke/awesome-falsehood,stars,2022-05-20,17369,github
https://github.com/kdeldycke/awesome-falsehood,stars,2022-05-21,17370,github
https://github.com/kdeldycke/awesome-falsehood,stars,2022-05-22,17372,github
https://github.com/kdeldycke/awesome-falsehood,stars,2022-05-23,17377,github
https://github.com/kdeldycke/awesome-falsehood,stars,2022-05-24,17384,github
https://github.com/kdeldycke/awesome-falsehood,stars,2022-05-25,17392,github
https://github.com/kdeldycke/awesome-falsehood,stars,2022-05-26,17394,github
https://github.com/kdeldycke/awesome-falsehood,stars,2022-05-27,17398,github
https://github.com/kdeldycke/awesome-falsehood,stars,2022-05-28,17400,github
https://github.com/kdeldycke/awesome-falsehood,stars,2022-05-29,17408,github
https://github.com/kdeldycke/awesome-falsehood,stars,2022-05-30,17440,github
https://github.com/kdeldycke/awesome-falsehood,stars,2022-05-31,17443,github
https://github.com/kdeldycke/awesome-falsehood,stars,2022-06-01,17447,github
https://github.com/kdeldycke/awesome-falsehood,stars,2022-06-02,17449,github
https://github.com/kdeldycke/awesome-falsehood,stars,2022-06-03,17452,github
https://github.com/kdeldycke/awesome-falsehood,stars,2022-06-04,17456,github
https://github.com/kdeldycke/awesome-falsehood,stars,2022-06-05,17465,github
https://github.com/kdeldycke/awesome-falsehood,stars,2022-06-06,17470,github
https://github.com/kdeldycke/awesome-falsehood,stars,2022-06-07,17474,github
https://github.com/kdeldycke/awesome-falsehood,stars,2022-06-08,17477,github
https://github.com/kdeldycke/awesome-falsehood,stars,2022-06-09,17480,github
https://github.com/kdeldycke/awesome-falsehood,stars,2022-06-10,17486,github
https://github.com/kdeldycke/awesome-falsehood,stars,2022-06-11,17490,github
https://github.com/kdeldycke/awesome-falsehood,stars,2022-06-12,17495,github
https://github.com/kdeldycke/awesome-falsehood,stars,2022-06-13,17500,github
https://github.com/kdeldycke/awesome-falsehood,stars,2022-06-14,17501,github
https://github.com/kdeldycke/awesome-falsehood,stars,2022-06-15,17507,github
https://github.com/kdeldycke/awesome-falsehood,stars,2022-06-16,17512,github
https://github.com/kdeldycke/awesome-falsehood,stars,2022-06-17,17514,github
https://github.com/kdeldycke/awesome-falsehood,stars,2022-06-19,17521,github
https://github.com/kdeldycke/awesome-falsehood,stars,2022-06-20,17526,github
https://github.com/kdeldycke/awesome-falsehood,stars,2022-06-21,17533,github
https://github.com/kdeldycke/awesome-falsehood,stars,2022-06-22,17539,github
https://github.com/kdeldycke/awesome-falsehood,stars,2022-06-23,17548,github
https://github.com/kdeldycke/awesome-falsehood,stars,2022-06-24,17553,github
https://github.com/kdeldycke/awesome-falsehood,stars,2022-06-25,17557,github
https://github.com/kdeldycke/awesome-falsehood,stars,2022-06-26,17564,github
https://github.com/kdeldycke/awesome-falsehood,stars,2022-06-27,17568,github
https://github.com/kdeldycke/awesome-falsehood,stars,2022-06-28,17577,github
https://github.com/kdeldycke/awesome-falsehood,stars,2022-06-29,17589,github
https://github.com/kdeldycke/awesome-falsehood,stars,2022-06-30,17595,github
https://github.com/kdeldycke/awesome-falsehood,stars,2022-07-01,17605,github
https://github.com/kdeldycke/awesome-falsehood,stars,2022-07-02,17614,github
https://github.com/kdeldycke/awesome-falsehood,stars,2022-07-03,17625,github
https://github.com/kdeldycke/awesome-falsehood,stars,2022-07-04,17681,github
https://github.com/kdeldycke/awesome-falsehood,stars,2022-07-05,17715,github
https://github.com/kdeldycke/awesome-falsehood,stars,2022-07-06,17766,github
https://github.com/kdeldycke/awesome-falsehood,stars,2022-07-07,17783,github
https://github.com/kdeldycke/awesome-falsehood,stars,2022-07-08,17800,github
https://github.com/kdeldycke/awesome-falsehood,stars,2022-07-09,17809,github
https://github.com/kdeldycke/awesome-falsehood,stars,2022-07-10,17815,github
https://github.com/kdeldycke/awesome-falsehood,stars,2022-07-11,17831,github
https://github.com/kdeldycke/awesome-falsehood,stars,2022-07-12,17849,github
https://github.com/kdeldycke/awesome-falsehood,stars,2022-07-13,17860,github
https://github.com/kdeldycke/awesome-falsehood,stars,2022-07-14,17870,github
https://github.com/kdeldycke/awesome-falsehood,stars,2022-07-15,17882,github
https://github.com/kdeldycke/awesome-falsehood,stars,2022-07-16,17888,github
https://github.com/kdeldycke/awesome-falsehood,stars,2022-07-17,17897,github
https://github.com/kdeldycke/awesome-falsehood,stars,2022-07-18,17912,github
https://github.com/kdeldycke/awesome-falsehood,stars,2022-07-19,17921,github
https://github.com/kdeldycke/awesome-falsehood,stars,2022-07-20,17925,github
https://github.com/kdeldycke/awesome-falsehood,stars,2022-07-21,17935,github
https://github.com/kdeldycke/awesome-falsehood,stars,2022-07-22,17950,github
https://github.com/kdeldycke/awesome-falsehood,stars,2022-07-23,17957,github
https://github.com/kdeldycke/awesome-falsehood,stars,2022-07-24,17963,github
https://github.com/kdeldycke/awesome-falsehood,stars,2022-07-25,17977,github
https://github.com/kdeldycke/awesome-falsehood,stars,2022-07-26,17988,github
https://github.com/kdeldycke/awesome-falsehood,stars,2022-07-27,17991,github
https://github.com/kdeldycke/awesome-falsehood,stars,2022-07-28,17998,github
https://github.com/kdeldycke/awesome-falsehood,stars,2022-07-29,18003,github
https://github.com/kdeldycke/awesome-falsehood,stars,2022-07-30,18006,github
https://github.com/kdeldycke/awesome-falsehood,stars,2022-07-31,18009,github
https://github.com/kdeldycke/awesome-falsehood,stars,2022-08-01,18024,github
https://github.com/kdeldycke/awesome-falsehood,stars,2022-08-02,18028,github
https://github.com/kdeldycke/awesome-falsehood,stars,2022-08-03,18031,github
https://github.com/kdeldycke/awesome-falsehood,stars,2022-08-04,18039,github
https://github.com/kdeldycke/awesome-falsehood,stars,2022-08-05,18047,github
https://github.com/kdeldycke/awesome-falsehood,stars,2022-08-06,18057,github
https://github.com/kdeldycke/awesome-falsehood,stars,2022-08-07,18064,github
https://github.com/kdeldycke/awesome-falsehood,stars,2022-08-08,18071,github
https://github.com/kdeldycke/awesome-falsehood,stars,2022-08-09,18079,github
https://github.com/kdeldycke/awesome-falsehood,stars,2022-08-10,18081,github
https://github.com/kdeldycke/awesome-falsehood,stars,2022-08-11,18086,github
https://github.com/kdeldycke/awesome-falsehood,stars,2022-08-12,18089,github
https://github.com/kdeldycke/awesome-falsehood,stars,2022-08-13,18090,github
https://github.com/kdeldycke/awesome-falsehood,stars,2022-08-14,18097,github
https://github.com/kdeldycke/awesome-falsehood,stars,2022-08-15,18101,github
https://github.com/kdeldycke/awesome-falsehood,stars,2022-08-16,18105,github
https://github.com/kdeldycke/awesome-falsehood,stars,2022-08-17,18108,github
https://github.com/kdeldycke/awesome-falsehood,stars,2022-08-18,18110,github
https://github.com/kdeldycke/awesome-falsehood,stars,2022-08-19,18116,github
https://github.com/kdeldycke/awesome-falsehood,stars,2022-08-20,18121,github
https://github.com/kdeldycke/awesome-falsehood,stars,2022-08-21,18123,github
https://github.com/kdeldycke/awesome-falsehood,stars,2022-08-22,18131,github
https://github.com/kdeldycke/awesome-falsehood,stars,2022-08-23,18142,github
https://github.com/kdeldycke/awesome-falsehood,stars,2022-08-24,18150,github
https://github.com/kdeldycke/awesome-falsehood,stars,2022-08-25,18153,github
https://github.com/kdeldycke/awesome-falsehood,stars,2022-08-26,18160,github
https://github.com/kdeldycke/awesome-falsehood,stars,2022-08-27,18165,github
https://github.com/kdeldycke/awesome-falsehood,stars,2022-08-28,18167,github
https://github.com/kdeldycke/awesome-falsehood,stars,2022-08-29,18175,github
https://github.com/kdeldycke/awesome-falsehood,stars,2022-08-30,18179,github
https://github.com/kdeldycke/awesome-falsehood,stars,2022-08-31,18186,github
https://github.com/kdeldycke/awesome-falsehood,stars,2022-09-01,18194,github
https://github.com/kdeldycke/awesome-falsehood,stars,2022-09-02,18211,github
https://github.com/kdeldycke/awesome-falsehood,stars,2022-09-03,18213,github
https://github.com/kdeldycke/awesome-falsehood,stars,2022-09-04,18216,github
https://github.com/kdeldycke/awesome-falsehood,stars,2022-09-05,18221,github
https://github.com/kdeldycke/awesome-falsehood,stars,2022-09-06,18224,github
https://github.com/kdeldycke/awesome-falsehood,stars,2022-09-07,18249,github
https://github.com/kdeldycke/awesome-falsehood,stars,2022-09-08,18255,github
https://github.com/kdeldycke/awesome-falsehood,stars,2022-09-09,18265,github
https://github.com/kdeldycke/awesome-falsehood,stars,2022-09-10,18276,github
https://github.com/kdeldycke/awesome-falsehood,stars,2022-09-11,18282,github
https://github.com/kdeldycke/awesome-falsehood,stars,2022-09-12,18296,github
https://github.com/kdeldycke/awesome-falsehood,stars,2022-09-13,18301,github
https://github.com/kdeldycke/awesome-falsehood,stars,2022-09-14,18313,github
https://github.com/kdeldycke/awesome-falsehood,stars,2022-09-15,18324,github
https://github.com/kdeldycke/awesome-falsehood,stars,2022-09-16,18333,github
https://github.com/kdeldycke/awesome-falsehood,stars,2022-09-17,18340,github
https://github.com/kdeldycke/awesome-falsehood,stars,2022-09-18,18347,github
https://github.com/kdeldycke/awesome-falsehood,stars,2022-09-19,18352,github
https://github.com/kdeldycke/awesome-falsehood,stars,2022-09-20,18361,github
https://github.com/kdeldycke/awesome-falsehood,stars,2022-09-21,18366,github
https://github.com/kdeldycke/awesome-falsehood,stars,2022-09-22,18370,github
https://github.com/kdeldycke/awesome-falsehood,stars,2022-09-23,18377,github
https://github.com/kdeldycke/awesome-falsehood,stars,2022-09-24,18381,github
https://github.com/kdeldycke/awesome-falsehood,stars,2022-09-25,18383,github
https://github.com/kdeldycke/awesome-falsehood,stars,2022-09-26,18387,github
https://github.com/kdeldycke/awesome-falsehood,stars,2022-09-27,18391,github
https://github.com/kdeldycke/awesome-falsehood,stars,2022-09-28,18393,github
https://github.com/kdeldycke/awesome-falsehood,stars,2022-09-29,18398,github
https://github.com/kdeldycke/awesome-falsehood,stars,2022-09-30,18402,github
https://github.com/kdeldycke/awesome-falsehood,stars,2022-10-01,18406,github
https://github.com/kdeldycke/awesome-falsehood,stars,2022-10-02,18414,github
https://github.com/kdeldycke/awesome-falsehood,stars,2022-10-03,18416,github
https://github.com/kdeldycke/awesome-falsehood,stars,2022-10-04,18418,github
https://github.com/kdeldycke/awesome-falsehood,stars,2022-10-05,18422,github
https://github.com/kdeldycke/awesome-falsehood,stars,2022-10-06,18426,github
https://github.com/kdeldycke/awesome-falsehood,stars,2022-10-07,18429,github
https://github.com/kdeldycke/awesome-falsehood,stars,2022-10-08,18430,github
https://github.com/kdeldycke/awesome-falsehood,stars,2022-10-09,18433,github
https://github.com/kdeldycke/awesome-falsehood,stars,2022-10-10,18436,github
https://github.com/kdeldycke/awesome-falsehood,stars,2022-10-11,18445,github
https://github.com/kdeldycke/awesome-falsehood,stars,2022-10-12,18447,github
https://github.com/kdeldycke/awesome-falsehood,stars,2022-10-13,18450,github
https://github.com/kdeldycke/awesome-falsehood,stars,2022-10-14,18459,github
https://github.com/kdeldycke/awesome-falsehood,stars,2022-10-15,18465,github
https://github.com/kdeldycke/awesome-falsehood,stars,2022-10-16,18470,github
https://github.com/kdeldycke/awesome-falsehood,stars,2022-10-17,18475,github
https://github.com/kdeldycke/awesome-falsehood,stars,2022-10-18,18478,github
https://github.com/kdeldycke/awesome-falsehood,stars,2022-10-19,18486,github
https://github.com/kdeldycke/awesome-falsehood,stars,2022-10-20,18490,github
https://github.com/kdeldycke/awesome-falsehood,stars,2022-10-21,18495,github
https://github.com/kdeldycke/awesome-falsehood,stars,2022-10-22,18498,github
https://github.com/kdeldycke/awesome-falsehood,stars,2022-10-23,18499,github
https://github.com/kdeldycke/awesome-falsehood,stars,2022-10-24,18506,github
https://github.com/kdeldycke/awesome-falsehood,stars,2022-10-25,18510,github
https://github.com/kdeldycke/awesome-falsehood,stars,2022-10-26,18512,github
https://github.com/kdeldycke/awesome-falsehood,stars,2022-10-27,18514,github
https://github.com/kdeldycke/awesome-falsehood,stars,2022-10-28,18520,github
https://github.com/kdeldycke/awesome-falsehood,stars,2022-10-29,18526,github
https://github.com/kdeldycke/awesome-falsehood,stars,2022-10-30,18530,github
https://github.com/kdeldycke/awesome-falsehood,stars,2022-10-31,18534,github
https://github.com/kdeldycke/awesome-falsehood,stars,2022-11-01,18541,github
https://github.com/kdeldycke/awesome-falsehood,stars,2022-11-02,18544,github
https://github.com/kdeldycke/awesome-falsehood,stars,2022-11-03,18549,github
https://github.com/kdeldycke/awesome-falsehood,stars,2022-11-04,18552,github
https://github.com/kdeldycke/awesome-falsehood,stars,2022-11-05,18554,github
https://github.com/kdeldycke/awesome-falsehood,stars,2022-11-06,18556,github
https://github.com/kdeldycke/awesome-falsehood,stars,2022-11-07,18559,github
https://github.com/kdeldycke/awesome-falsehood,stars,2022-11-08,18566,github
https://github.com/kdeldycke/awesome-falsehood,stars,2022-11-09,18571,github
https://github.com/kdeldycke/awesome-falsehood,stars,2022-11-10,18578,github
https://github.com/kdeldycke/awesome-falsehood,stars,2022-11-11,18583,github
https://github.com/kdeldycke/awesome-falsehood,stars,2022-11-12,18585,github
https://github.com/kdeldycke/awesome-falsehood,stars,2022-11-13,18588,github
https://github.com/kdeldycke/awesome-falsehood,stars,2022-11-15,18592,github
https://github.com/kdeldycke/awesome-falsehood,stars,2022-11-16,18606,github
https://github.com/kdeldycke/awesome-falsehood,stars,2022-11-17,18635,github
https://github.com/kdeldycke/awesome-falsehood,stars,2022-11-18,18648,github
https://github.com/kdeldycke/awesome-falsehood,stars,2022-11-19,18652,github
https://github.com/kdeldycke/awesome-falsehood,stars,2022-11-20,18655,github
https://github.com/kdeldycke/awesome-falsehood,stars,2022-11-21,18661,github
https://github.com/kdeldycke/awesome-falsehood,stars,2022-11-22,18662,github
https://github.com/kdeldycke/awesome-falsehood,stars,2022-11-23,18667,github
https://github.com/kdeldycke/awesome-falsehood,stars,2022-11-24,18673,github
https://github.com/kdeldycke/awesome-falsehood,stars,2022-11-25,18678,github
https://github.com/kdeldycke/awesome-falsehood,stars,2022-11-26,18680,github
https://github.com/kdeldycke/awesome-falsehood,stars,2022-11-27,18689,github
https://github.com/kdeldycke/awesome-falsehood,stars,2022-11-28,18699,github
https://github.com/kdeldycke/awesome-falsehood,stars,2022-11-29,18720,github
https://github.com/kdeldycke/awesome-falsehood,stars,2022-11-30,18728,github
https://github.com/kdeldycke/awesome-falsehood,stars,2022-12-01,18737,github
https://github.com/kdeldycke/awesome-falsehood,stars,2022-12-02,18751,github
https://github.com/kdeldycke/awesome-falsehood,stars,2022-12-03,18757,github
https://github.com/kdeldycke/awesome-falsehood,stars,2022-12-04,18763,github
https://github.com/kdeldycke/awesome-falsehood,stars,2022-12-05,18769,github
https://github.com/kdeldycke/awesome-falsehood,stars,2022-12-06,18778,github
https://github.com/kdeldycke/awesome-falsehood,stars,2022-12-07,18780,github
https://github.com/kdeldycke/awesome-falsehood,stars,2022-12-09,18790,github
https://github.com/kdeldycke/awesome-falsehood,stars,2022-12-10,18795,github
https://github.com/kdeldycke/awesome-falsehood,stars,2022-12-11,18797,github
https://github.com/kdeldycke/awesome-falsehood,stars,2022-12-12,18804,github
https://github.com/kdeldycke/awesome-falsehood,stars,2022-12-13,18817,github
https://github.com/kdeldycke/awesome-falsehood,stars,2022-12-14,18819,github
https://github.com/kdeldycke/awesome-falsehood,stars,2022-12-15,18823,github
https://github.com/kdeldycke/awesome-falsehood,stars,2022-12-16,18835,github
https://github.com/kdeldycke/awesome-falsehood,stars,2022-12-17,18839,github
https://github.com/kdeldycke/awesome-falsehood,stars,2022-12-18,18841,github
https://github.com/kdeldycke/awesome-falsehood,stars,2022-12-19,18846,github
https://github.com/kdeldycke/awesome-falsehood,stars,2022-12-20,18852,github
https://github.com/kdeldycke/awesome-falsehood,stars,2022-12-21,18854,github
https://github.com/kdeldycke/awesome-falsehood,stars,2022-12-22,18863,github
https://github.com/kdeldycke/awesome-falsehood,stars,2022-12-23,18866,github
https://github.com/kdeldycke/awesome-falsehood,stars,2022-12-24,18868,github
https://github.com/kdeldycke/awesome-falsehood,stars,2022-12-25,18870,github
https://github.com/kdeldycke/awesome-falsehood,stars,2022-12-26,18877,github
https://github.com/kdeldycke/awesome-falsehood,stars,2022-12-27,18879,github
https://github.com/kdeldycke/awesome-falsehood,stars,2022-12-28,18890,github
https://github.com/kdeldycke/awesome-falsehood,stars,2022-12-29,18898,github
https://github.com/kdeldycke/awesome-falsehood,stars,2022-12-30,18901,github
https://github.com/kdeldycke/awesome-falsehood,stars,2022-12-31,18902,github
https://github.com/kdeldycke/awesome-falsehood,stars,2023-01-01,18908,github
https://github.com/kdeldycke/awesome-falsehood,stars,2023-01-02,18914,github
https://github.com/kdeldycke/awesome-falsehood,stars,2023-01-03,18920,github
https://github.com/kdeldycke/awesome-falsehood,stars,2023-01-04,18928,github
https://github.com/kdeldycke/awesome-falsehood,stars,2023-01-05,18934,github
https://github.com/kdeldycke/awesome-falsehood,stars,2023-01-06,18935,github
https://github.com/kdeldycke/awesome-falsehood,stars,2023-01-07,18939,github
https://github.com/kdeldycke/awesome-falsehood,stars,2023-01-08,18943,github
https://github.com/kdeldycke/awesome-falsehood,stars,2023-01-09,18951,github
https://github.com/kdeldycke/awesome-falsehood,stars,2023-01-10,18957,github
https://github.com/kdeldycke/awesome-falsehood,stars,2023-01-11,18963,github
https://github.com/kdeldycke/awesome-falsehood,stars,2023-01-12,18973,github
https://github.com/kdeldycke/awesome-falsehood,stars,2023-01-13,18979,github
https://github.com/kdeldycke/awesome-falsehood,stars,2023-01-14,18985,github
https://github.com/kdeldycke/awesome-falsehood,stars,2023-01-15,18987,github
https://github.com/kdeldycke/awesome-falsehood,stars,2023-01-16,18990,github
https://github.com/kdeldycke/awesome-falsehood,stars,2023-01-17,18991,github
https://github.com/kdeldycke/awesome-falsehood,stars,2023-01-18,18994,github
https://github.com/kdeldycke/awesome-falsehood,stars,2023-01-19,18998,github
https://github.com/kdeldycke/awesome-falsehood,stars,2023-01-20,19007,github
https://github.com/kdeldycke/awesome-falsehood,stars,2023-01-21,19013,github
https://github.com/kdeldycke/awesome-falsehood,stars,2023-01-22,19015,github
https://github.com/kdeldycke/awesome-falsehood,stars,2023-01-23,19016,github
https://github.com/kdeldycke/awesome-falsehood,stars,2023-01-24,19023,github
https://github.com/kdeldycke/awesome-falsehood,stars,2023-01-25,19028,github
https://github.com/kdeldycke/awesome-falsehood,stars,2023-01-26,19035,github
https://github.com/kdeldycke/awesome-falsehood,stars,2023-01-27,19039,github
https://github.com/kdeldycke/awesome-falsehood,stars,2023-01-28,19043,github
https://github.com/kdeldycke/awesome-falsehood,stars,2023-01-29,19046,github
https://github.com/kdeldycke/awesome-falsehood,stars,2023-01-30,19052,github
https://github.com/kdeldycke/awesome-falsehood,stars,2023-01-31,19060,github
https://github.com/kdeldycke/awesome-falsehood,stars,2023-02-01,19070,github
https://github.com/kdeldycke/awesome-falsehood,stars,2023-02-02,19197,github
https://github.com/kdeldycke/awesome-falsehood,stars,2023-02-03,19382,github
https://github.com/kdeldycke/awesome-falsehood,stars,2023-02-04,19435,github
https://github.com/kdeldycke/awesome-falsehood,stars,2023-02-05,19469,github
https://github.com/kdeldycke/awesome-falsehood,stars,2023-02-06,19512,github
https://github.com/kdeldycke/awesome-falsehood,stars,2023-02-07,19559,github
https://github.com/kdeldycke/awesome-falsehood,stars,2023-02-08,19597,github
https://github.com/kdeldycke/awesome-falsehood,stars,2023-02-09,19634,github
https://github.com/kdeldycke/awesome-falsehood,stars,2023-02-10,19663,github
https://github.com/kdeldycke/awesome-falsehood,stars,2023-02-11,19675,github
https://github.com/kdeldycke/awesome-falsehood,stars,2023-02-12,19697,github
https://github.com/kdeldycke/awesome-falsehood,stars,2023-02-13,19711,github
https://github.com/kdeldycke/awesome-falsehood,stars,2023-02-14,19716,github
https://github.com/kdeldycke/awesome-falsehood,stars,2023-02-15,19736,github
https://github.com/kdeldycke/awesome-falsehood,stars,2023-02-16,19751,github
https://github.com/kdeldycke/awesome-falsehood,stars,2023-02-17,19754,github
https://github.com/kdeldycke/awesome-falsehood,stars,2023-02-18,19757,github
https://github.com/kdeldycke/awesome-falsehood,stars,2023-02-19,19765,github
https://github.com/kdeldycke/awesome-falsehood,stars,2023-02-20,19771,github
https://github.com/kdeldycke/awesome-falsehood,stars,2023-02-21,19784,github
https://github.com/kdeldycke/awesome-falsehood,stars,2023-02-22,19788,github
https://github.com/kdeldycke/awesome-falsehood,stars,2023-02-23,19799,github
https://github.com/kdeldycke/awesome-falsehood,stars,2023-02-24,19810,github
https://github.com/kdeldycke/awesome-falsehood,stars,2023-02-25,19821,github
https://github.com/kdeldycke/awesome-falsehood,stars,2023-02-26,19824,github
https://github.com/kdeldycke/awesome-falsehood,stars,2023-02-27,19825,github
https://github.com/kdeldycke/awesome-falsehood,stars,2023-02-28,19832,github
https://github.com/kdeldycke/awesome-falsehood,stars,2023-03-01,19837,github
https://github.com/kdeldycke/awesome-falsehood,stars,2023-03-02,19849,github
https://github.com/kdeldycke/awesome-falsehood,stars,2023-03-03,19865,github
https://github.com/kdeldycke/awesome-falsehood,stars,2023-03-04,19869,github
https://github.com/kdeldycke/awesome-falsehood,stars,2023-03-05,19875,github
https://github.com/kdeldycke/awesome-falsehood,stars,2023-03-06,19881,github
https://github.com/kdeldycke/awesome-falsehood,stars,2023-03-07,19886,github
https://github.com/kdeldycke/awesome-falsehood,stars,2023-03-08,19894,github
https://github.com/kdeldycke/awesome-falsehood,stars,2023-03-09,19907,github
https://github.com/kdeldycke/awesome-falsehood,stars,2023-03-10,19917,github
https://github.com/kdeldycke/awesome-falsehood,stars,2023-03-11,19924,github
https://github.com/kdeldycke/awesome-falsehood,stars,2023-03-12,19931,github
https://github.com/kdeldycke/awesome-falsehood,stars,2023-03-13,19941,github
https://github.com/kdeldycke/awesome-falsehood,stars,2023-03-14,19949,github
https://github.com/kdeldycke/awesome-falsehood,stars,2023-03-15,19954,github
https://github.com/kdeldycke/awesome-falsehood,stars,2023-03-16,19958,github
https://github.com/kdeldycke/awesome-falsehood,stars,2023-03-17,19962,github
https://github.com/kdeldycke/awesome-falsehood,stars,2023-03-18,19966,github
https://github.com/kdeldycke/awesome-falsehood,stars,2023-03-19,19969,github
https://github.com/kdeldycke/awesome-falsehood,stars,2023-03-20,19976,github
https://github.com/kdeldycke/awesome-falsehood,stars,2023-03-21,19984,github
https://github.com/kdeldycke/awesome-falsehood,stars,2023-03-22,19993,github
https://github.com/kdeldycke/awesome-falsehood,stars,2023-03-23,20002,github
https://github.com/kdeldycke/awesome-falsehood,stars,2023-03-24,20004,github
https://github.com/kdeldycke/awesome-falsehood,stars,2023-03-25,20005,github
https://github.com/kdeldycke/awesome-falsehood,stars,2023-03-26,20007,github
https://github.com/kdeldycke/awesome-falsehood,stars,2023-03-27,20009,github
https://github.com/kdeldycke/awesome-falsehood,stars,2023-03-28,20013,github
https://github.com/kdeldycke/awesome-falsehood,stars,2023-03-29,20015,github
https://github.com/kdeldycke/awesome-falsehood,stars,2023-03-30,20020,github
https://github.com/kdeldycke/awesome-falsehood,stars,2023-03-31,20025,github
https://github.com/kdeldycke/awesome-falsehood,stars,2023-04-01,20028,github
https://github.com/kdeldycke/awesome-falsehood,stars,2023-04-02,20030,github
https://github.com/kdeldycke/awesome-falsehood,stars,2023-04-03,20034,github
https://github.com/kdeldycke/awesome-falsehood,stars,2023-04-04,20042,github
https://github.com/kdeldycke/awesome-falsehood,stars,2023-04-05,20050,github
https://github.com/kdeldycke/awesome-falsehood,stars,2023-04-06,20057,github
https://github.com/kdeldycke/awesome-falsehood,stars,2023-04-07,20067,github
https://github.com/kdeldycke/awesome-falsehood,stars,2023-04-08,20069,github
https://github.com/kdeldycke/awesome-falsehood,stars,2023-04-09,20074,github
https://github.com/kdeldycke/awesome-falsehood,stars,2023-04-10,20076,github
https://github.com/kdeldycke/awesome-falsehood,stars,2023-04-11,20078,github
https://github.com/kdeldycke/awesome-falsehood,stars,2023-04-12,20084,github
https://github.com/kdeldycke/awesome-falsehood,stars,2023-04-13,20090,github
https://github.com/kdeldycke/awesome-falsehood,stars,2023-04-14,20096,github
https://github.com/kdeldycke/awesome-falsehood,stars,2023-04-15,20101,github
https://github.com/kdeldycke/awesome-falsehood,stars,2023-04-16,20104,github
https://github.com/kdeldycke/awesome-falsehood,stars,2023-04-17,20113,github
https://github.com/kdeldycke/awesome-falsehood,stars,2023-04-18,20116,github
https://github.com/kdeldycke/awesome-falsehood,stars,2023-04-19,20124,github
https://github.com/kdeldycke/awesome-falsehood,stars,2023-04-20,20131,github
https://github.com/kdeldycke/awesome-falsehood,stars,2023-04-22,20133,github
https://github.com/kdeldycke/awesome-falsehood,stars,2023-04-23,20136,github
https://github.com/kdeldycke/awesome-falsehood,stars,2023-04-24,20139,github
https://github.com/kdeldycke/awesome-falsehood,stars,2023-04-25,20145,github
https://github.com/kdeldycke/awesome-falsehood,stars,2023-04-26,20148,github
https://github.com/kdeldycke/awesome-falsehood,stars,2023-04-27,20153,github
https://github.com/kdeldycke/awesome-falsehood,stars,2023-04-28,20162,github
https://github.com/kdeldycke/awesome-falsehood,stars,2023-04-29,20166,github
https://github.com/kdeldycke/awesome-falsehood,stars,2023-04-30,20169,github
https://github.com/kdeldycke/awesome-falsehood,stars,2023-05-01,20177,github
https://github.com/kdeldycke/awesome-falsehood,stars,2023-05-02,20181,github
https://github.com/kdeldycke/awesome-falsehood,stars,2023-05-03,20190,github
https://github.com/kdeldycke/awesome-falsehood,stars,2023-05-04,20196,github
https://github.com/kdeldycke/awesome-falsehood,stars,2023-05-05,20202,github
https://github.com/kdeldycke/awesome-falsehood,stars,2023-05-06,20203,github
https://github.com/kdeldycke/awesome-falsehood,stars,2023-05-07,20207,github
https://github.com/kdeldycke/awesome-falsehood,stars,2023-05-08,20210,github
https://github.com/kdeldycke/awesome-falsehood,stars,2023-05-09,20213,github
https://github.com/kdeldycke/awesome-falsehood,stars,2023-05-10,20219,github
https://github.com/kdeldycke/awesome-falsehood,stars,2023-05-11,20220,github
https://github.com/kdeldycke/awesome-falsehood,stars,2023-05-12,20224,github
https://github.com/kdeldycke/awesome-falsehood,stars,2023-05-14,20226,github
https://github.com/kdeldycke/awesome-falsehood,stars,2023-05-15,20228,github
https://github.com/kdeldycke/awesome-falsehood,stars,2023-05-16,20233,github
https://github.com/kdeldycke/awesome-falsehood,stars,2023-05-17,20239,github
https://github.com/kdeldycke/awesome-falsehood,stars,2023-05-18,20243,github
https://github.com/kdeldycke/awesome-falsehood,stars,2023-05-19,20247,github
https://github.com/kdeldycke/awesome-falsehood,stars,2023-05-20,20251,github
https://github.com/kdeldycke/awesome-falsehood,stars,2023-05-21,20252,github
https://github.com/kdeldycke/awesome-falsehood,stars,2023-05-22,20253,github
https://github.com/kdeldycke/awesome-falsehood,stars,2023-05-23,20257,github
https://github.com/kdeldycke/awesome-falsehood,stars,2023-05-24,20262,github
https://github.com/kdeldycke/awesome-falsehood,stars,2023-05-25,20268,github
https://github.com/kdeldycke/awesome-falsehood,stars,2023-05-26,20269,github
https://github.com/kdeldycke/awesome-falsehood,stars,2023-05-28,20275,github
https://github.com/kdeldycke/awesome-falsehood,stars,2023-05-29,20285,github
https://github.com/kdeldycke/awesome-falsehood,stars,2023-05-30,20290,github
https://github.com/kdeldycke/awesome-falsehood,stars,2023-05-31,20296,github
https://github.com/kdeldycke/awesome-falsehood,stars,2023-06-01,20299,github
https://github.com/kdeldycke/awesome-falsehood,stars,2023-06-02,20303,github
https://github.com/kdeldycke/awesome-falsehood,stars,2023-06-03,20306,github
https://github.com/kdeldycke/awesome-falsehood,stars,2023-06-04,20314,github
https://github.com/kdeldycke/awesome-falsehood,stars,2023-06-05,20317,github
https://github.com/kdeldycke/awesome-falsehood,stars,2023-06-06,20326,github
https://github.com/kdeldycke/awesome-falsehood,stars,2023-06-07,20327,github
https://github.com/kdeldycke/awesome-falsehood,stars,2023-06-08,20331,github
https://github.com/kdeldycke/awesome-falsehood,stars,2023-06-09,20337,github
https://github.com/kdeldycke/awesome-falsehood,stars,2023-06-10,20342,github
https://github.com/kdeldycke/awesome-falsehood,stars,2023-06-11,20345,github
https://github.com/kdeldycke/awesome-falsehood,stars,2023-06-12,20348,github
https://github.com/kdeldycke/awesome-falsehood,stars,2023-06-13,20349,github
https://github.com/kdeldycke/awesome-falsehood,stars,2023-06-14,20355,github
https://github.com/kdeldycke/awesome-falsehood,stars,2023-06-15,20357,github
https://github.com/kdeldycke/awesome-falsehood,stars,2023-06-16,20363,github
https://github.com/kdeldycke/awesome-falsehood,stars,2023-06-17,20365,github
https://github.com/kdeldycke/awesome-falsehood,stars,2023-06-18,20368,github
https://github.com/kdeldycke/awesome-falsehood,stars,2023-06-19,20374,github
https://github.com/kdeldycke/awesome-falsehood,stars,2023-06-20,20384,github
https://github.com/kdeldycke/awesome-falsehood,stars,2023-06-21,20392,github
https://github.com/kdeldycke/awesome-falsehood,stars,2023-06-22,20397,github
https://github.com/kdeldycke/awesome-falsehood,stars,2023-06-23,20400,github
https://github.com/kdeldycke/awesome-falsehood,stars,2023-06-24,20403,github
https://github.com/kdeldycke/awesome-falsehood,stars,2023-06-25,20409,github
https://github.com/kdeldycke/awesome-falsehood,stars,2023-06-26,20410,github
https://github.com/kdeldycke/awesome-falsehood,stars,2023-06-27,20412,github
https://github.com/kdeldycke/awesome-falsehood,stars,2023-06-28,20417,github
https://github.com/kdeldycke/awesome-falsehood,stars,2023-06-30,20421,github
https://github.com/kdeldycke/awesome-falsehood,stars,2023-07-01,20426,github
https://github.com/kdeldycke/awesome-falsehood,stars,2023-07-02,20430,github
https://github.com/kdeldycke/awesome-falsehood,stars,2023-07-03,20437,github
https://github.com/kdeldycke/awesome-falsehood,stars,2023-07-04,20443,github
https://github.com/kdeldycke/awesome-falsehood,stars,2023-07-05,20450,github
https://github.com/kdeldycke/awesome-falsehood,stars,2023-07-06,20453,github
https://github.com/kdeldycke/awesome-falsehood,stars,2023-07-07,20458,github
https://github.com/kdeldycke/awesome-falsehood,stars,2023-07-08,20475,github
https://github.com/kdeldycke/awesome-falsehood,stars,2023-07-09,20482,github
https://github.com/kdeldycke/awesome-falsehood,stars,2023-07-10,20492,github
https://github.com/kdeldycke/awesome-falsehood,stars,2023-07-11,20497,github
https://github.com/kdeldycke/awesome-falsehood,stars,2023-07-12,20504,github
https://github.com/kdeldycke/awesome-falsehood,stars,2023-07-13,20508,github
https://github.com/kdeldycke/awesome-falsehood,stars,2023-07-14,20511,github
https://github.com/kdeldycke/awesome-falsehood,stars,2023-07-15,20515,github
https://github.com/kdeldycke/awesome-falsehood,stars,2023-07-16,20519,github
https://github.com/kdeldycke/awesome-falsehood,stars,2023-07-17,20526,github
https://github.com/kdeldycke/awesome-falsehood,stars,2023-07-18,20533,github
https://github.com/kdeldycke/awesome-falsehood,stars,2023-07-19,20536,github
https://github.com/kdeldycke/awesome-falsehood,stars,2023-07-20,20542,github
https://github.com/kdeldycke/awesome-falsehood,stars,2023-07-21,20548,github
https://github.com/kdeldycke/awesome-falsehood,stars,2023-07-22,20552,github
https://github.com/kdeldycke/awesome-falsehood,stars,2023-07-23,20556,github
https://github.com/kdeldycke/awesome-falsehood,stars,2023-07-24,20561,github
https://github.com/kdeldycke/awesome-falsehood,stars,2023-07-25,20566,github
https://github.com/kdeldycke/awesome-falsehood,stars,2023-07-26,20572,github
https://github.com/kdeldycke/awesome-falsehood,stars,2023-07-27,20578,github
https://github.com/kdeldycke/awesome-falsehood,stars,2023-07-28,20582,github
https://github.com/kdeldycke/awesome-falsehood,stars,2023-07-29,20587,github
https://github.com/kdeldycke/awesome-falsehood,stars,2023-07-30,20591,github
https://github.com/kdeldycke/awesome-falsehood,stars,2023-07-31,20598,github
https://github.com/kdeldycke/awesome-falsehood,stars,2023-08-01,20601,github
https://github.com/kdeldycke/awesome-falsehood,stars,2023-08-02,20669,github
https://github.com/kdeldycke/awesome-falsehood,stars,2023-08-03,21048,github
https://github.com/kdeldycke/awesome-falsehood,stars,2023-08-04,21150,github
https://github.com/kdeldycke/awesome-falsehood,stars,2023-08-05,21190,github
https://github.com/kdeldycke/awesome-falsehood,stars,2023-08-06,21215,github
https://github.com/kdeldycke/awesome-falsehood,stars,2023-08-07,21251,github
https://github.com/kdeldycke/awesome-falsehood,stars,2023-08-08,21280,github
https://github.com/kdeldycke/awesome-falsehood,stars,2023-08-09,21298,github
https://github.com/kdeldycke/awesome-falsehood,stars,2023-08-10,21309,github
https://github.com/kdeldycke/awesome-falsehood,stars,2023-08-11,21315,github
https://github.com/kdeldycke/awesome-falsehood,stars,2023-08-12,21323,github
https://github.com/kdeldycke/awesome-falsehood,stars,2023-08-13,21330,github
https://github.com/kdeldycke/awesome-falsehood,stars,2023-08-14,21335,github
https://github.com/kdeldycke/awesome-falsehood,stars,2023-08-15,21347,github
https://github.com/kdeldycke/awesome-falsehood,stars,2023-08-16,21359,github
https://github.com/kdeldycke/awesome-falsehood,stars,2023-08-17,21363,github
https://github.com/kdeldycke/awesome-falsehood,stars,2023-08-18,21371,github
https://github.com/kdeldycke/awesome-falsehood,stars,2023-08-19,21373,github
https://github.com/kdeldycke/awesome-falsehood,stars,2023-08-20,21383,github
https://github.com/kdeldycke/awesome-falsehood,stars,2023-08-21,21385,github
https://github.com/kdeldycke/awesome-falsehood,stars,2023-08-22,21388,github
https://github.com/kdeldycke/awesome-falsehood,stars,2023-08-23,21412,github
https://github.com/kdeldycke/awesome-falsehood,stars,2023-08-24,21418,github
https://github.com/kdeldycke/awesome-falsehood,stars,2023-08-25,21468,github
https://github.com/kdeldycke/awesome-falsehood,stars,2023-08-26,21484,github
https://github.com/kdeldycke/awesome-falsehood,stars,2023-08-27,21497,github
https://github.com/kdeldycke/awesome-falsehood,stars,2023-08-28,21511,github
https://github.com/kdeldycke/awesome-falsehood,stars,2023-08-29,21518,github
https://github.com/kdeldycke/awesome-falsehood,stars,2023-08-30,21522,github
https://github.com/kdeldycke/awesome-falsehood,stars,2023-08-31,21529,github
https://github.com/kdeldycke/awesome-falsehood,stars,2023-09-01,21540,github
https://github.com/kdeldycke/awesome-falsehood,stars,2023-09-02,21544,github
https://github.com/kdeldycke/awesome-falsehood,stars,2023-09-03,21546,github
https://github.com/kdeldycke/awesome-falsehood,stars,2023-09-04,21556,github
https://github.com/kdeldycke/awesome-falsehood,stars,2023-09-05,21564,github
https://github.com/kdeldycke/awesome-falsehood,stars,2023-09-06,21567,github
https://github.com/kdeldycke/awesome-falsehood,stars,2023-09-07,21571,github
https://github.com/kdeldycke/awesome-falsehood,stars,2023-09-08,21589,github
https://github.com/kdeldycke/awesome-falsehood,stars,2023-09-09,21595,github
https://github.com/kdeldycke/awesome-falsehood,stars,2023-09-10,21600,github
https://github.com/kdeldycke/awesome-falsehood,stars,2023-09-11,21604,github
https://github.com/kdeldycke/awesome-falsehood,stars,2023-09-12,21608,github
https://github.com/kdeldycke/awesome-falsehood,stars,2023-09-13,21612,github
https://github.com/kdeldycke/awesome-falsehood,stars,2023-09-14,21622,github
https://github.com/kdeldycke/awesome-falsehood,stars,2023-09-15,21633,github
https://github.com/kdeldycke/awesome-falsehood,stars,2023-09-16,21640,github
https://github.com/kdeldycke/awesome-falsehood,stars,2023-09-17,21646,github
https://github.com/kdeldycke/awesome-falsehood,stars,2023-09-18,21647,github
https://github.com/kdeldycke/awesome-falsehood,stars,2023-09-19,21654,github
https://github.com/kdeldycke/awesome-falsehood,stars,2023-09-20,21657,github
https://github.com/kdeldycke/awesome-falsehood,stars,2023-09-21,21663,github
https://github.com/kdeldycke/awesome-falsehood,stars,2023-09-22,21671,github
https://github.com/kdeldycke/awesome-falsehood,stars,2023-09-23,21676,github
https://github.com/kdeldycke/awesome-falsehood,stars,2023-09-24,21680,github
https://github.com/kdeldycke/awesome-falsehood,stars,2023-09-25,21686,github
https://github.com/kdeldycke/awesome-falsehood,stars,2023-09-26,21688,github
https://github.com/kdeldycke/awesome-falsehood,stars,2023-09-27,21693,github
https://github.com/kdeldycke/awesome-falsehood,stars,2023-09-28,21698,github
https://github.com/kdeldycke/awesome-falsehood,stars,2023-09-29,21701,github
https://github.com/kdeldycke/awesome-falsehood,stars,2023-09-30,21704,github
https://github.com/kdeldycke/awesome-falsehood,stars,2023-10-01,21707,github
https://github.com/kdeldycke/awesome-falsehood,stars,2023-10-02,21711,github
https://github.com/kdeldycke/awesome-falsehood,stars,2023-10-03,21714,github
https://github.com/kdeldycke/awesome-falsehood,stars,2023-10-04,21717,github
https://github.com/kdeldycke/awesome-falsehood,stars,2023-10-05,21724,github
https://github.com/kdeldycke/awesome-falsehood,stars,2023-10-06,21727,github
https://github.com/kdeldycke/awesome-falsehood,stars,2023-10-07,21732,github
https://github.com/kdeldycke/awesome-falsehood,stars,2023-10-08,21736,github
https://github.com/kdeldycke/awesome-falsehood,stars,2023-10-09,21741,github
https://github.com/kdeldycke/awesome-falsehood,stars,2023-10-10,21744,github
https://github.com/kdeldycke/awesome-falsehood,stars,2023-10-11,21746,github
https://github.com/kdeldycke/awesome-falsehood,stars,2023-10-12,21750,github
https://github.com/kdeldycke/awesome-falsehood,stars,2023-10-13,21758,github
https://github.com/kdeldycke/awesome-falsehood,stars,2023-10-15,21762,github
https://github.com/kdeldycke/awesome-falsehood,stars,2023-10-16,21767,github
https://github.com/kdeldycke/awesome-falsehood,stars,2023-10-17,21773,github
https://github.com/kdeldycke/awesome-falsehood,stars,2023-10-18,21780,github
https://github.com/kdeldycke/awesome-falsehood,stars,2023-10-19,21782,github
https://github.com/kdeldycke/awesome-falsehood,stars,2023-10-20,21785,github
https://github.com/kdeldycke/awesome-falsehood,stars,2023-10-21,21791,github
https://github.com/kdeldycke/awesome-falsehood,stars,2023-10-22,21795,github
https://github.com/kdeldycke/awesome-falsehood,stars,2023-10-23,21799,github
https://github.com/kdeldycke/awesome-falsehood,stars,2023-10-24,21806,github
https://github.com/kdeldycke/awesome-falsehood,stars,2023-10-25,21810,github
https://github.com/kdeldycke/awesome-falsehood,stars,2023-10-26,21811,github
https://github.com/kdeldycke/awesome-falsehood,stars,2023-10-27,21815,github
https://github.com/kdeldycke/awesome-falsehood,stars,2023-10-28,21821,github
https://github.com/kdeldycke/awesome-falsehood,stars,2023-10-29,21822,github
https://github.com/kdeldycke/awesome-falsehood,stars,2023-10-31,21826,github
https://github.com/kdeldycke/awesome-falsehood,stars,2023-11-01,21831,github
https://github.com/kdeldycke/awesome-falsehood,stars,2023-11-02,21833,github
https://github.com/kdeldycke/awesome-falsehood,stars,2023-11-03,21836,github
https://github.com/kdeldycke/awesome-falsehood,stars,2023-11-04,21840,github
https://github.com/kdeldycke/awesome-falsehood,stars,2023-11-05,21842,github
https://github.com/kdeldycke/awesome-falsehood,stars,2023-11-06,21848,github
https://github.com/kdeldycke/awesome-falsehood,stars,2023-11-07,21859,github
https://github.com/kdeldycke/awesome-falsehood,stars,2023-11-08,21866,github
https://github.com/kdeldycke/awesome-falsehood,stars,2023-11-09,21870,github
https://github.com/kdeldycke/awesome-falsehood,stars,2023-11-10,21875,github
https://github.com/kdeldycke/awesome-falsehood,stars,2023-11-11,21876,github
https://github.com/kdeldycke/awesome-falsehood,stars,2023-11-12,21879,github
https://github.com/kdeldycke/awesome-falsehood,stars,2023-11-14,21881,github
https://github.com/kdeldycke/awesome-falsehood,stars,2023-11-15,21885,github
https://github.com/kdeldycke/awesome-falsehood,stars,2023-11-16,21889,github
https://github.com/kdeldycke/awesome-falsehood,stars,2023-11-17,21891,github
https://github.com/kdeldycke/awesome-falsehood,stars,2023-11-18,21893,github
https://github.com/kdeldycke/awesome-falsehood,stars,2023-11-20,21900,github
https://github.com/kdeldycke/awesome-falsehood,stars,2023-11-21,21903,github
https://github.com/kdeldycke/awesome-falsehood,stars,2023-11-22,21909,github
https://github.com/kdeldycke/awesome-falsehood,stars,2023-11-23,21913,github
https://github.com/kdeldycke/awesome-falsehood,stars,2023-11-24,21916,github
https://github.com/kdeldycke/awesome-falsehood,stars,2023-11-25,21919,github
https://github.com/kdeldycke/awesome-falsehood,stars,2023-11-26,21922,github
https://github.com/kdeldycke/awesome-falsehood,stars,2023-11-27,21925,github
https://github.com/kdeldycke/awesome-falsehood,stars,2023-11-28,21928,github
https://github.com/kdeldycke/awesome-falsehood,stars,2023-11-29,21931,github
https://github.com/kdeldycke/awesome-falsehood,stars,2023-11-30,21932,github
https://github.com/kdeldycke/awesome-falsehood,stars,2023-12-01,21936,github
https://github.com/kdeldycke/awesome-falsehood,stars,2023-12-02,21940,github
https://github.com/kdeldycke/awesome-falsehood,stars,2023-12-03,21943,github
https://github.com/kdeldycke/awesome-falsehood,stars,2023-12-04,21947,github
https://github.com/kdeldycke/awesome-falsehood,stars,2023-12-05,21954,github
https://github.com/kdeldycke/awesome-falsehood,stars,2023-12-06,21958,github
https://github.com/kdeldycke/awesome-falsehood,stars,2023-12-07,21961,github
https://github.com/kdeldycke/awesome-falsehood,stars,2023-12-08,21968,github
https://github.com/kdeldycke/awesome-falsehood,stars,2023-12-09,21973,github
https://github.com/kdeldycke/awesome-falsehood,stars,2023-12-10,21976,github
https://github.com/kdeldycke/awesome-falsehood,stars,2023-12-11,21982,github
https://github.com/kdeldycke/awesome-falsehood,stars,2023-12-12,21986,github
https://github.com/kdeldycke/awesome-falsehood,stars,2023-12-13,21987,github
https://github.com/kdeldycke/awesome-falsehood,stars,2023-12-14,21997,github
https://github.com/kdeldycke/awesome-falsehood,stars,2023-12-15,22001,github
https://github.com/kdeldycke/awesome-falsehood,stars,2023-12-16,22003,github
https://github.com/kdeldycke/awesome-falsehood,stars,2023-12-17,22007,github
https://github.com/kdeldycke/awesome-falsehood,stars,2023-12-18,22010,github
https://github.com/kdeldycke/awesome-falsehood,stars,2023-12-19,22011,github
https://github.com/kdeldycke/awesome-falsehood,stars,2023-12-20,22014,github
https://github.com/kdeldycke/awesome-falsehood,stars,2023-12-21,22016,github
https://github.com/kdeldycke/awesome-falsehood,stars,2023-12-22,22020,github
https://github.com/kdeldycke/awesome-falsehood,stars,2023-12-23,22023,github
https://github.com/kdeldycke/awesome-falsehood,stars,2023-12-24,22026,github
https://github.com/kdeldycke/awesome-falsehood,stars,2023-12-25,22028,github
https://github.com/kdeldycke/awesome-falsehood,stars,2023-12-26,22030,github
https://github.com/kdeldycke/awesome-falsehood,stars,2023-12-27,22033,github
https://github.com/kdeldycke/awesome-falsehood,stars,2023-12-28,22035,github
https://github.com/kdeldycke/awesome-falsehood,stars,2023-12-29,22040,github
https://github.com/kdeldycke/awesome-falsehood,stars,2023-12-30,22042,github
https://github.com/kdeldycke/awesome-falsehood,stars,2023-12-31,22044,github
https://github.com/kdeldycke/awesome-falsehood,stars,2024-01-01,22045,github
https://github.com/kdeldycke/awesome-falsehood,stars,2024-01-02,22047,github
https://github.com/kdeldycke/awesome-falsehood,stars,2024-01-03,22056,github
https://github.com/kdeldycke/awesome-falsehood,stars,2024-01-04,22062,github
https://github.com/kdeldycke/awesome-falsehood,stars,2024-01-05,22063,github
https://github.com/kdeldycke/awesome-falsehood,stars,2024-01-06,22065,github
https://github.com/kdeldycke/awesome-falsehood,stars,2024-01-07,22069,github
https://github.com/kdeldycke/awesome-falsehood,stars,2024-01-08,22084,github
https://github.com/kdeldycke/awesome-falsehood,stars,2024-01-09,22096,github
https://github.com/kdeldycke/awesome-falsehood,stars,2024-01-10,22103,github
https://github.com/kdeldycke/awesome-falsehood,stars,2024-01-11,22110,github
https://github.com/kdeldycke/awesome-falsehood,stars,2024-01-12,22112,github
https://github.com/kdeldycke/awesome-falsehood,stars,2024-01-13,22114,github
https://github.com/kdeldycke/awesome-falsehood,stars,2024-01-14,22118,github
https://github.com/kdeldycke/awesome-falsehood,stars,2024-01-15,22120,github
https://github.com/kdeldycke/awesome-falsehood,stars,2024-01-16,22125,github
https://github.com/kdeldycke/awesome-falsehood,stars,2024-01-17,22126,github
https://github.com/kdeldycke/awesome-falsehood,stars,2024-01-18,22127,github
https://github.com/kdeldycke/awesome-falsehood,stars,2024-01-19,22132,github
https://github.com/kdeldycke/awesome-falsehood,stars,2024-01-20,22134,github
https://github.com/kdeldycke/awesome-falsehood,stars,2024-01-21,22138,github
https://github.com/kdeldycke/awesome-falsehood,stars,2024-01-22,22154,github
https://github.com/kdeldycke/awesome-falsehood,stars,2024-01-23,22156,github
https://github.com/kdeldycke/awesome-falsehood,stars,2024-01-24,22161,github
https://github.com/kdeldycke/awesome-falsehood,stars,2024-01-25,22171,github
https://github.com/kdeldycke/awesome-falsehood,stars,2024-01-26,22175,github
https://github.com/kdeldycke/awesome-falsehood,stars,2024-01-27,22180,github
https://github.com/kdeldycke/awesome-falsehood,stars,2024-01-28,22187,github
https://github.com/kdeldycke/awesome-falsehood,stars,2024-01-29,22188,github
https://github.com/kdeldycke/awesome-falsehood,stars,2024-01-30,22195,github
https://github.com/kdeldycke/awesome-falsehood,stars,2024-01-31,22199,github
https://github.com/kdeldycke/awesome-falsehood,stars,2024-02-01,22202,github
https://github.com/kdeldycke/awesome-falsehood,stars,2024-02-02,22205,github
https://github.com/kdeldycke/awesome-falsehood,stars,2024-02-03,22209,github
https://github.com/kdeldycke/awesome-falsehood,stars,2024-02-04,22211,github
https://github.com/kdeldycke/awesome-falsehood,stars,2024-02-05,22215,github
https://github.com/kdeldycke/awesome-falsehood,stars,2024-02-06,22219,github
https://github.com/kdeldycke/awesome-falsehood,stars,2024-02-07,22230,github
https://github.com/kdeldycke/awesome-falsehood,stars,2024-02-08,22235,github
https://github.com/kdeldycke/awesome-falsehood,stars,2024-02-09,22239,github
https://github.com/kdeldycke/awesome-falsehood,stars,2024-02-10,22244,github
https://github.com/kdeldycke/awesome-falsehood,stars,2024-02-11,22248,github
https://github.com/kdeldycke/awesome-falsehood,stars,2024-02-12,22250,github
https://github.com/kdeldycke/awesome-falsehood,stars,2024-02-13,22258,github
https://github.com/kdeldycke/awesome-falsehood,stars,2024-02-14,22260,github
https://github.com/kdeldycke/awesome-falsehood,stars,2024-02-15,22263,github
https://github.com/kdeldycke/awesome-falsehood,stars,2024-02-16,22269,github
https://github.com/kdeldycke/awesome-falsehood,stars,2024-02-17,22273,github
https://github.com/kdeldycke/awesome-falsehood,stars,2024-02-18,22276,github
https://github.com/kdeldycke/awesome-falsehood,stars,2024-02-19,22282,github
https://github.com/kdeldycke/awesome-falsehood,stars,2024-02-20,22290,github
https://github.com/kdeldycke/awesome-falsehood,stars,2024-02-21,22297,github
https://github.com/kdeldycke/awesome-falsehood,stars,2024-02-22,22305,github
https://github.com/kdeldycke/awesome-falsehood,stars,2024-02-23,22314,github
https://github.com/kdeldycke/awesome-falsehood,stars,2024-02-24,22321,github
https://github.com/kdeldycke/awesome-falsehood,stars,2024-02-25,22322,github
https://github.com/kdeldycke/awesome-falsehood,stars,2024-02-26,22328,github
https://github.com/kdeldycke/awesome-falsehood,stars,2024-02-27,22335,github
https://github.com/kdeldycke/awesome-falsehood,stars,2024-02-28,22339,github
https://github.com/kdeldycke/awesome-falsehood,stars,2024-02-29,22346,github
https://github.com/kdeldycke/awesome-falsehood,stars,2024-03-01,22353,github
https://github.com/kdeldycke/awesome-falsehood,stars,2024-03-02,22358,github
https://github.com/kdeldycke/awesome-falsehood,stars,2024-03-03,22365,github
https://github.com/kdeldycke/awesome-falsehood,stars,2024-03-04,22368,github
https://github.com/kdeldycke/awesome-falsehood,stars,2024-03-05,22372,github
https://github.com/kdeldycke/awesome-falsehood,stars,2024-03-06,22377,github
https://github.com/kdeldycke/awesome-falsehood,stars,2024-03-07,22383,github
https://github.com/kdeldycke/awesome-falsehood,stars,2024-03-08,22385,github
https://github.com/kdeldycke/awesome-falsehood,stars,2024-03-09,22387,github
https://github.com/kdeldycke/awesome-falsehood,stars,2024-03-10,22388,github
https://github.com/kdeldycke/awesome-falsehood,stars,2024-03-11,22391,github
https://github.com/kdeldycke/awesome-falsehood,stars,2024-03-12,22397,github
https://github.com/kdeldycke/awesome-falsehood,stars,2024-03-13,22404,github
https://github.com/kdeldycke/awesome-falsehood,stars,2024-03-14,22411,github
https://github.com/kdeldycke/awesome-falsehood,stars,2024-03-15,22415,github
https://github.com/kdeldycke/awesome-falsehood,stars,2024-03-16,22418,github
https://github.com/kdeldycke/awesome-falsehood,stars,2024-03-17,22424,github
https://github.com/kdeldycke/awesome-falsehood,stars,2024-03-18,22434,github
https://github.com/kdeldycke/awesome-falsehood,stars,2024-03-19,22437,github
https://github.com/kdeldycke/awesome-falsehood,stars,2024-03-20,22442,github
https://github.com/kdeldycke/awesome-falsehood,stars,2024-03-21,22445,github
https://github.com/kdeldycke/awesome-falsehood,stars,2024-03-22,22449,github
https://github.com/kdeldycke/awesome-falsehood,stars,2024-03-23,22453,github
https://github.com/kdeldycke/awesome-falsehood,stars,2024-03-24,22456,github
https://github.com/kdeldycke/awesome-falsehood,stars,2024-03-25,22463,github
https://github.com/kdeldycke/awesome-falsehood,stars,2024-03-26,22467,github
https://github.com/kdeldycke/awesome-falsehood,stars,2024-03-27,22470,github
https://github.com/kdeldycke/awesome-falsehood,stars,2024-03-28,22479,github
https://github.com/kdeldycke/awesome-falsehood,stars,2024-03-29,22487,github
https://github.com/kdeldycke/awesome-falsehood,stars,2024-03-30,22493,github
https://github.com/kdeldycke/awesome-falsehood,stars,2024-03-31,22495,github
https://github.com/kdeldycke/awesome-falsehood,stars,2024-04-01,22499,github
https://github.com/kdeldycke/awesome-falsehood,stars,2024-04-02,22505,github
https://github.com/kdeldycke/awesome-falsehood,stars,2024-04-03,22513,github
https://github.com/kdeldycke/awesome-falsehood,stars,2024-04-04,22527,github
https://github.com/kdeldycke/awesome-falsehood,stars,2024-04-05,22531,github
https://github.com/kdeldycke/awesome-falsehood,stars,2024-04-06,22534,github
https://github.com/kdeldycke/awesome-falsehood,stars,2024-04-07,22540,github
https://github.com/kdeldycke/awesome-falsehood,stars,2024-04-08,22543,github
https://github.com/kdeldycke/awesome-falsehood,stars,2024-04-09,22553,github
https://github.com/kdeldycke/awesome-falsehood,stars,2024-04-10,22555,github
https://github.com/kdeldycke/awesome-falsehood,stars,2024-04-11,22560,github
https://github.com/kdeldycke/awesome-falsehood,stars,2024-04-12,22565,github
https://github.com/kdeldycke/awesome-falsehood,stars,2024-04-13,22568,github
https://github.com/kdeldycke/awesome-falsehood,stars,2024-04-14,22571,github
https://github.com/kdeldycke/awesome-falsehood,stars,2024-04-15,22575,github
https://github.com/kdeldycke/awesome-falsehood,stars,2024-04-16,22586,github
https://github.com/kdeldycke/awesome-falsehood,stars,2024-04-17,22592,github
https://github.com/kdeldycke/awesome-falsehood,stars,2024-04-18,22595,github
https://github.com/kdeldycke/awesome-falsehood,stars,2024-04-19,22609,github
https://github.com/kdeldycke/awesome-falsehood,stars,2024-04-20,22614,github
https://github.com/kdeldycke/awesome-falsehood,stars,2024-04-21,22615,github
https://github.com/kdeldycke/awesome-falsehood,stars,2024-04-22,22621,github
https://github.com/kdeldycke/awesome-falsehood,stars,2024-04-23,22630,github
https://github.com/kdeldycke/awesome-falsehood,stars,2024-04-24,22635,github
https://github.com/kdeldycke/awesome-falsehood,stars,2024-04-25,22637,github
https://github.com/kdeldycke/awesome-falsehood,stars,2024-04-26,22641,github
https://github.com/kdeldycke/awesome-falsehood,stars,2024-04-27,22644,github
https://github.com/kdeldycke/awesome-falsehood,stars,2024-04-28,22647,github
https://github.com/kdeldycke/awesome-falsehood,stars,2024-04-29,22650,github
https://github.com/kdeldycke/awesome-falsehood,stars,2024-04-30,22655,github
https://github.com/kdeldycke/awesome-falsehood,stars,2024-05-01,22660,github
https://github.com/kdeldycke/awesome-falsehood,stars,2024-05-02,22663,github
https://github.com/kdeldycke/awesome-falsehood,stars,2024-05-03,22669,github
https://github.com/kdeldycke/awesome-falsehood,stars,2024-05-04,22687,github
https://github.com/kdeldycke/awesome-falsehood,stars,2024-05-05,22707,github
https://github.com/kdeldycke/awesome-falsehood,stars,2024-05-06,22717,github
https://github.com/kdeldycke/awesome-falsehood,stars,2024-05-07,22722,github
https://github.com/kdeldycke/awesome-falsehood,stars,2024-05-08,22727,github
https://github.com/kdeldycke/awesome-falsehood,stars,2024-05-09,22731,github
https://github.com/kdeldycke/awesome-falsehood,stars,2024-05-10,22737,github
https://github.com/kdeldycke/awesome-falsehood,stars,2024-05-11,22742,github
https://github.com/kdeldycke/awesome-falsehood,stars,2024-05-12,22744,github
https://github.com/kdeldycke/awesome-falsehood,stars,2024-05-13,22748,github
https://github.com/kdeldycke/awesome-falsehood,stars,2024-05-14,22749,github
https://github.com/kdeldycke/awesome-falsehood,stars,2024-05-15,22755,github
https://github.com/kdeldycke/awesome-falsehood,stars,2024-05-16,22758,github
https://github.com/kdeldycke/awesome-falsehood,stars,2024-05-17,22764,github
https://github.com/kdeldycke/awesome-falsehood,stars,2024-05-18,22769,github
https://github.com/kdeldycke/awesome-falsehood,stars,2024-05-19,22771,github
https://github.com/kdeldycke/awesome-falsehood,stars,2024-05-20,22775,github
https://github.com/kdeldycke/awesome-falsehood,stars,2024-05-21,22777,github
https://github.com/kdeldycke/awesome-falsehood,stars,2024-05-22,22780,github
https://github.com/kdeldycke/awesome-falsehood,stars,2024-05-23,22784,github
https://github.com/kdeldycke/awesome-falsehood,stars,2024-05-24,22790,github
https://github.com/kdeldycke/awesome-falsehood,stars,2024-05-25,22796,github
https://github.com/kdeldycke/awesome-falsehood,stars,2024-05-26,22801,github
https://github.com/kdeldycke/awesome-falsehood,stars,2024-05-27,22811,github
https://github.com/kdeldycke/awesome-falsehood,stars,2024-05-28,22817,github
https://github.com/kdeldycke/awesome-falsehood,stars,2024-05-29,22826,github
https://github.com/kdeldycke/awesome-falsehood,stars,2024-05-30,22831,github
https://github.com/kdeldycke/awesome-falsehood,stars,2024-05-31,22836,github
https://github.com/kdeldycke/awesome-falsehood,stars,2024-06-01,22838,github
https://github.com/kdeldycke/awesome-falsehood,stars,2024-06-02,22842,github
https://github.com/kdeldycke/awesome-falsehood,stars,2024-06-03,22845,github
https://github.com/kdeldycke/awesome-falsehood,stars,2024-06-04,22847,github
https://github.com/kdeldycke/awesome-falsehood,stars,2024-06-05,22852,github
https://github.com/kdeldycke/awesome-falsehood,stars,2024-06-06,22864,github
https://github.com/kdeldycke/awesome-falsehood,stars,2024-06-07,22869,github
https://github.com/kdeldycke/awesome-falsehood,stars,2024-06-08,22871,github
https://github.com/kdeldycke/awesome-falsehood,stars,2024-06-09,22875,github
https://github.com/kdeldycke/awesome-falsehood,stars,2024-06-10,22877,github
https://github.com/kdeldycke/awesome-falsehood,stars,2024-06-11,22880,github
https://github.com/kdeldycke/awesome-falsehood,stars,2024-06-12,22882,github
https://github.com/kdeldycke/awesome-falsehood,stars,2024-06-13,22887,github
https://github.com/kdeldycke/awesome-falsehood,stars,2024-06-14,22889,github
https://github.com/kdeldycke/awesome-falsehood,stars,2024-06-15,22896,github
https://github.com/kdeldycke/awesome-falsehood,stars,2024-06-16,22898,github
https://github.com/kdeldycke/awesome-falsehood,stars,2024-06-17,22901,github
https://github.com/kdeldycke/awesome-falsehood,stars,2024-06-18,22907,github
https://github.com/kdeldycke/awesome-falsehood,stars,2024-06-19,22912,github
https://github.com/kdeldycke/awesome-falsehood,stars,2024-06-20,22918,github
https://github.com/kdeldycke/awesome-falsehood,stars,2024-06-21,22922,github
https://github.com/kdeldycke/awesome-falsehood,stars,2024-06-22,22924,github
https://github.com/kdeldycke/awesome-falsehood,stars,2024-06-23,22930,github
https://github.com/kdeldycke/awesome-falsehood,stars,2024-06-24,22936,github
https://github.com/kdeldycke/awesome-falsehood,stars,2024-06-25,22943,github
https://github.com/kdeldycke/awesome-falsehood,stars,2024-06-26,22949,github
https://github.com/kdeldycke/awesome-falsehood,stars,2024-06-27,22953,github
https://github.com/kdeldycke/awesome-falsehood,stars,2024-06-28,22955,github
https://github.com/kdeldycke/awesome-falsehood,stars,2024-06-29,22964,github
https://github.com/kdeldycke/awesome-falsehood,stars,2024-06-30,22965,github
https://github.com/kdeldycke/awesome-falsehood,stars,2024-07-01,22968,github
https://github.com/kdeldycke/awesome-falsehood,stars,2024-07-02,22971,github
https://github.com/kdeldycke/awesome-falsehood,stars,2024-07-04,22973,github
https://github.com/kdeldycke/awesome-falsehood,stars,2024-07-05,22978,github
https://github.com/kdeldycke/awesome-falsehood,stars,2024-07-07,22985,github
https://github.com/kdeldycke/awesome-falsehood,stars,2024-07-08,22993,github
https://github.com/kdeldycke/awesome-falsehood,stars,2024-07-09,22998,github
https://github.com/kdeldycke/awesome-falsehood,stars,2024-07-10,23002,github
https://github.com/kdeldycke/awesome-falsehood,stars,2024-07-11,23004,github
https://github.com/kdeldycke/awesome-falsehood,stars,2024-07-12,23008,github
https://github.com/kdeldycke/awesome-falsehood,stars,2024-07-13,23009,github
https://github.com/kdeldycke/awesome-falsehood,stars,2024-07-14,23010,github
https://github.com/kdeldycke/awesome-falsehood,stars,2024-07-15,23015,github
https://github.com/kdeldycke/awesome-falsehood,stars,2024-07-16,23022,github
https://github.com/kdeldycke/awesome-falsehood,stars,2024-07-17,23026,github
https://github.com/kdeldycke/awesome-falsehood,stars,2024-07-18,23037,github
https://github.com/kdeldycke/awesome-falsehood,stars,2024-07-19,23043,github
https://github.com/kdeldycke/awesome-falsehood,stars,2024-07-20,23045,github
https://github.com/kdeldycke/awesome-falsehood,stars,2024-07-21,23048,github
https://github.com/kdeldycke/awesome-falsehood,stars,2024-07-22,23052,github
https://github.com/kdeldycke/awesome-falsehood,stars,2024-07-23,23057,github
https://github.com/kdeldycke/awesome-falsehood,stars,2024-07-24,23062,github
https://github.com/kdeldycke/awesome-falsehood,stars,2024-07-25,23066,github
https://github.com/kdeldycke/awesome-falsehood,stars,2024-07-26,23071,github
https://github.com/kdeldycke/awesome-falsehood,stars,2024-07-27,23072,github
https://github.com/kdeldycke/awesome-falsehood,stars,2024-07-28,23075,github
https://github.com/kdeldycke/awesome-falsehood,stars,2024-07-29,23078,github
https://github.com/kdeldycke/awesome-falsehood,stars,2024-07-31,23083,github
https://github.com/kdeldycke/awesome-falsehood,stars,2024-08-01,23085,github
https://github.com/kdeldycke/awesome-falsehood,stars,2024-08-02,23088,github
https://github.com/kdeldycke/awesome-falsehood,stars,2024-08-03,23093,github
https://github.com/kdeldycke/awesome-falsehood,stars,2024-08-04,23102,github
https://github.com/kdeldycke/awesome-falsehood,stars,2024-08-05,23117,github
https://github.com/kdeldycke/awesome-falsehood,stars,2024-08-06,23129,github
https://github.com/kdeldycke/awesome-falsehood,stars,2024-08-07,23137,github
https://github.com/kdeldycke/awesome-falsehood,stars,2024-08-08,23140,github
https://github.com/kdeldycke/awesome-falsehood,stars,2024-08-09,23144,github
https://github.com/kdeldycke/awesome-falsehood,stars,2024-08-10,23146,github
https://github.com/kdeldycke/awesome-falsehood,stars,2024-08-11,23149,github
https://github.com/kdeldycke/awesome-falsehood,stars,2024-08-12,23153,github
https://github.com/kdeldycke/awesome-falsehood,stars,2024-08-13,23156,github
https://github.com/kdeldycke/awesome-falsehood,stars,2024-08-14,23158,github
https://github.com/kdeldycke/awesome-falsehood,stars,2024-08-15,23164,github
https://github.com/kdeldycke/awesome-falsehood,stars,2024-08-16,23169,github
https://github.com/kdeldycke/awesome-falsehood,stars,2024-08-17,23173,github
https://github.com/kdeldycke/awesome-falsehood,stars,2024-08-18,23176,github
https://github.com/kdeldycke/awesome-falsehood,stars,2024-08-19,23180,github
https://github.com/kdeldycke/awesome-falsehood,stars,2024-08-20,23183,github
https://github.com/kdeldycke/awesome-falsehood,stars,2024-08-21,23188,github
https://github.com/kdeldycke/awesome-falsehood,stars,2024-08-22,23189,github
https://github.com/kdeldycke/awesome-falsehood,stars,2024-08-23,23191,github
https://github.com/kdeldycke/awesome-falsehood,stars,2024-08-24,23194,github
https://github.com/kdeldycke/awesome-falsehood,stars,2024-08-25,23197,github
https://github.com/kdeldycke/awesome-falsehood,stars,2024-08-26,23202,github
https://github.com/kdeldycke/awesome-falsehood,stars,2024-08-27,23207,github
https://github.com/kdeldycke/awesome-falsehood,stars,2024-08-28,23217,github
https://github.com/kdeldycke/awesome-falsehood,stars,2024-08-29,23221,github
https://github.com/kdeldycke/awesome-falsehood,stars,2024-08-30,23223,github
https://github.com/kdeldycke/awesome-falsehood,stars,2024-08-31,23227,github
https://github.com/kdeldycke/awesome-falsehood,stars,2024-09-01,23235,github
https://github.com/kdeldycke/awesome-falsehood,stars,2024-09-02,23238,github
https://github.com/kdeldycke/awesome-falsehood,stars,2024-09-03,23246,github
https://github.com/kdeldycke/awesome-falsehood,stars,2024-09-04,23251,github
https://github.com/kdeldycke/awesome-falsehood,stars,2024-09-05,23254,github
https://github.com/kdeldycke/awesome-falsehood,stars,2024-09-06,23257,github
https://github.com/kdeldycke/awesome-falsehood,stars,2024-09-07,23260,github
https://github.com/kdeldycke/awesome-falsehood,stars,2024-09-08,23263,github
https://github.com/kdeldycke/awesome-falsehood,stars,2024-09-09,23269,github
https://github.com/kdeldycke/awesome-falsehood,stars,2024-09-10,23271,github
https://github.com/kdeldycke/awesome-falsehood,stars,2024-09-11,23272,github
https://github.com/kdeldycke/awesome-falsehood,stars,2024-09-12,23276,github
https://github.com/kdeldycke/awesome-falsehood,stars,2024-09-13,23282,github
https://github.com/kdeldycke/awesome-falsehood,stars,2024-09-14,23285,github
https://github.com/kdeldycke/awesome-falsehood,stars,2024-09-15,23289,github
https://github.com/kdeldycke/awesome-falsehood,stars,2024-09-16,23291,github
https://github.com/kdeldycke/awesome-falsehood,stars,2024-09-17,23293,github
https://github.com/kdeldycke/awesome-falsehood,stars,2024-09-18,23297,github
https://github.com/kdeldycke/awesome-falsehood,stars,2024-09-19,23300,github
https://github.com/kdeldycke/awesome-falsehood,stars,2024-09-20,23303,github
https://github.com/kdeldycke/awesome-falsehood,stars,2024-09-21,23304,github
https://github.com/kdeldycke/awesome-falsehood,stars,2024-09-22,23306,github
https://github.com/kdeldycke/awesome-falsehood,stars,2024-09-23,23310,github
https://github.com/kdeldycke/awesome-falsehood,stars,2024-09-24,23311,github
https://github.com/kdeldycke/awesome-falsehood,stars,2024-09-25,23316,github
https://github.com/kdeldycke/awesome-falsehood,stars,2024-09-26,23321,github
https://github.com/kdeldycke/awesome-falsehood,stars,2024-09-27,23324,github
https://github.com/kdeldycke/awesome-falsehood,stars,2024-09-28,23360,github
https://github.com/kdeldycke/awesome-falsehood,stars,2024-09-29,23436,github
https://github.com/kdeldycke/awesome-falsehood,stars,2024-09-30,23456,github
https://github.com/kdeldycke/awesome-falsehood,stars,2024-10-01,23459,github
https://github.com/kdeldycke/awesome-falsehood,stars,2024-10-02,23460,github
https://github.com/kdeldycke/awesome-falsehood,stars,2024-10-03,23466,github
https://github.com/kdeldycke/awesome-falsehood,stars,2024-10-04,23469,github
https://github.com/kdeldycke/awesome-falsehood,stars,2024-10-05,23475,github
https://github.com/kdeldycke/awesome-falsehood,stars,2024-10-06,23477,github
https://github.com/kdeldycke/awesome-falsehood,stars,2024-10-07,23481,github
https://github.com/kdeldycke/awesome-falsehood,stars,2024-10-08,23488,github
https://github.com/kdeldycke/awesome-falsehood,stars,2024-10-09,23492,github
https://github.com/kdeldycke/awesome-falsehood,stars,2024-10-10,23495,github
https://github.com/kdeldycke/awesome-falsehood,stars,2024-10-11,23499,github
https://github.com/kdeldycke/awesome-falsehood,stars,2024-10-12,23504,github
https://github.com/kdeldycke/awesome-falsehood,stars,2024-10-13,23508,github
https://github.com/kdeldycke/awesome-falsehood,stars,2024-10-14,23514,github
https://github.com/kdeldycke/awesome-falsehood,stars,2024-10-15,23518,github
https://github.com/kdeldycke/awesome-falsehood,stars,2024-10-16,23521,github
https://github.com/kdeldycke/awesome-falsehood,stars,2024-10-17,23523,github
https://github.com/kdeldycke/awesome-falsehood,stars,2024-10-18,23528,github
https://github.com/kdeldycke/awesome-falsehood,stars,2024-10-19,23533,github
https://github.com/kdeldycke/awesome-falsehood,stars,2024-10-20,23535,github
https://github.com/kdeldycke/awesome-falsehood,stars,2024-10-21,23542,github
https://github.com/kdeldycke/awesome-falsehood,stars,2024-10-22,23547,github
https://github.com/kdeldycke/awesome-falsehood,stars,2024-10-23,23553,github
https://github.com/kdeldycke/awesome-falsehood,stars,2024-10-24,23559,github
https://github.com/kdeldycke/awesome-falsehood,stars,2024-10-25,23561,github
https://github.com/kdeldycke/awesome-falsehood,stars,2024-10-26,23565,github
https://github.com/kdeldycke/awesome-falsehood,stars,2024-10-27,23566,github
https://github.com/kdeldycke/awesome-falsehood,stars,2024-10-28,23569,github
https://github.com/kdeldycke/awesome-falsehood,stars,2024-10-29,23574,github
https://github.com/kdeldycke/awesome-falsehood,stars,2024-10-30,23580,github
https://github.com/kdeldycke/awesome-falsehood,stars,2024-10-31,23675,github
https://github.com/kdeldycke/awesome-falsehood,stars,2024-11-01,23696,github
https://github.com/kdeldycke/awesome-falsehood,stars,2024-11-02,23706,github
https://github.com/kdeldycke/awesome-falsehood,stars,2024-11-03,23711,github
https://github.com/kdeldycke/awesome-falsehood,stars,2024-11-04,23727,github
https://github.com/kdeldycke/awesome-falsehood,stars,2024-11-05,23734,github
https://github.com/kdeldycke/awesome-falsehood,stars,2024-11-06,23737,github
https://github.com/kdeldycke/awesome-falsehood,stars,2024-11-07,23746,github
https://github.com/kdeldycke/awesome-falsehood,stars,2024-11-08,23752,github
https://github.com/kdeldycke/awesome-falsehood,stars,2024-11-09,23755,github
https://github.com/kdeldycke/awesome-falsehood,stars,2024-11-10,23761,github
https://github.com/kdeldycke/awesome-falsehood,stars,2024-11-11,23771,github
https://github.com/kdeldycke/awesome-falsehood,stars,2024-11-12,23779,github
https://github.com/kdeldycke/awesome-falsehood,stars,2024-11-13,23785,github
https://github.com/kdeldycke/awesome-falsehood,stars,2024-11-14,23794,github
https://github.com/kdeldycke/awesome-falsehood,stars,2024-11-15,23797,github
https://github.com/kdeldycke/awesome-falsehood,stars,2024-11-16,23800,github
https://github.com/kdeldycke/awesome-falsehood,stars,2024-11-17,23804,github
https://github.com/kdeldycke/awesome-falsehood,stars,2024-11-18,23810,github
https://github.com/kdeldycke/awesome-falsehood,stars,2024-11-19,23813,github
https://github.com/kdeldycke/awesome-falsehood,stars,2024-11-20,23817,github
https://github.com/kdeldycke/awesome-falsehood,stars,2024-11-21,23824,github
https://github.com/kdeldycke/awesome-falsehood,stars,2024-11-22,23825,github
https://github.com/kdeldycke/awesome-falsehood,stars,2024-11-23,23832,github
https://github.com/kdeldycke/awesome-falsehood,stars,2024-11-24,23834,github
https://github.com/kdeldycke/awesome-falsehood,stars,2024-11-25,23836,github
https://github.com/kdeldycke/awesome-falsehood,stars,2024-11-26,23843,github
https://github.com/kdeldycke/awesome-falsehood,stars,2024-11-27,23849,github
https://github.com/kdeldycke/awesome-falsehood,stars,2024-11-28,23858,github
https://github.com/kdeldycke/awesome-falsehood,stars,2024-11-29,23882,github
https://github.com/kdeldycke/awesome-falsehood,stars,2024-11-30,23889,github
https://github.com/kdeldycke/awesome-falsehood,stars,2024-12-01,23896,github
https://github.com/kdeldycke/awesome-falsehood,stars,2024-12-02,23900,github
https://github.com/kdeldycke/awesome-falsehood,stars,2024-12-03,23909,github
https://github.com/kdeldycke/awesome-falsehood,stars,2024-12-04,23911,github
https://github.com/kdeldycke/awesome-falsehood,stars,2024-12-05,23917,github
https://github.com/kdeldycke/awesome-falsehood,stars,2024-12-06,23918,github
https://github.com/kdeldycke/awesome-falsehood,stars,2024-12-07,23925,github
https://github.com/kdeldycke/awesome-falsehood,stars,2024-12-08,23940,github
https://github.com/kdeldycke/awesome-falsehood,stars,2024-12-09,23951,github
https://github.com/kdeldycke/awesome-falsehood,stars,2024-12-10,23955,github
https://github.com/kdeldycke/awesome-falsehood,stars,2024-12-11,23960,github
https://github.com/kdeldycke/awesome-falsehood,stars,2024-12-12,23971,github
https://github.com/kdeldycke/awesome-falsehood,stars,2024-12-13,23975,github
https://github.com/kdeldycke/awesome-falsehood,stars,2024-12-14,23980,github
https://github.com/kdeldycke/awesome-falsehood,stars,2024-12-15,23986,github
https://github.com/kdeldycke/awesome-falsehood,stars,2024-12-16,23994,github
https://github.com/kdeldycke/awesome-falsehood,stars,2024-12-17,24009,github
https://github.com/kdeldycke/awesome-falsehood,stars,2024-12-18,24022,github
https://github.com/kdeldycke/awesome-falsehood,stars,2024-12-19,24033,github
https://github.com/kdeldycke/awesome-falsehood,stars,2024-12-20,24044,github
https://github.com/kdeldycke/awesome-falsehood,stars,2024-12-21,24052,github
https://github.com/kdeldycke/awesome-falsehood,stars,2024-12-22,24054,github
https://github.com/kdeldycke/awesome-falsehood,stars,2024-12-23,24060,github
https://github.com/kdeldycke/awesome-falsehood,stars,2024-12-24,24066,github
https://github.com/kdeldycke/awesome-falsehood,stars,2024-12-25,24071,github
https://github.com/kdeldycke/awesome-falsehood,stars,2024-12-26,24079,github
https://github.com/kdeldycke/awesome-falsehood,stars,2024-12-27,24095,github
https://github.com/kdeldycke/awesome-falsehood,stars,2024-12-28,24302,github
https://github.com/kdeldycke/awesome-falsehood,stars,2024-12-29,24404,github
https://github.com/kdeldycke/awesome-falsehood,stars,2024-12-30,24489,github
https://github.com/kdeldycke/awesome-falsehood,stars,2024-12-31,24528,github
https://github.com/kdeldycke/awesome-falsehood,stars,2025-01-01,24552,github
https://github.com/kdeldycke/awesome-falsehood,stars,2025-01-02,24592,github
https://github.com/kdeldycke/awesome-falsehood,stars,2025-01-03,24614,github
https://github.com/kdeldycke/awesome-falsehood,stars,2025-01-04,24638,github
https://github.com/kdeldycke/awesome-falsehood,stars,2025-01-05,24656,github
https://github.com/kdeldycke/awesome-falsehood,stars,2025-01-06,24680,github
https://github.com/kdeldycke/awesome-falsehood,stars,2025-01-07,24701,github
https://github.com/kdeldycke/awesome-falsehood,stars,2025-01-08,24712,github
https://github.com/kdeldycke/awesome-falsehood,stars,2025-01-09,24724,github
https://github.com/kdeldycke/awesome-falsehood,stars,2025-01-10,24735,github
https://github.com/kdeldycke/awesome-falsehood,stars,2025-01-11,24741,github
https://github.com/kdeldycke/awesome-falsehood,stars,2025-01-12,24748,github
https://github.com/kdeldycke/awesome-falsehood,stars,2025-01-13,24753,github
https://github.com/kdeldycke/awesome-falsehood,stars,2025-01-14,24758,github
https://github.com/kdeldycke/awesome-falsehood,stars,2025-01-15,24772,github
https://github.com/kdeldycke/awesome-falsehood,stars,2025-01-16,24783,github
https://github.com/kdeldycke/awesome-falsehood,stars,2025-01-17,24792,github
https://github.com/kdeldycke/awesome-falsehood,stars,2025-01-18,24798,github
https://github.com/kdeldycke/awesome-falsehood,stars,2025-01-19,24802,github
https://github.com/kdeldycke/awesome-falsehood,stars,2025-01-20,24810,github
https://github.com/kdeldycke/awesome-falsehood,stars,2025-01-21,24823,github
https://github.com/kdeldycke/awesome-falsehood,stars,2025-01-22,24837,github
https://github.com/kdeldycke/awesome-falsehood,stars,2025-01-23,24846,github
https://github.com/kdeldycke/awesome-falsehood,stars,2025-01-24,24853,github
https://github.com/kdeldycke/awesome-falsehood,stars,2025-01-25,24859,github
https://github.com/kdeldycke/awesome-falsehood,stars,2025-01-26,24861,github
https://github.com/kdeldycke/awesome-falsehood,stars,2025-01-27,24863,github
https://github.com/kdeldycke/awesome-falsehood,stars,2025-01-28,24871,github
https://github.com/kdeldycke/awesome-falsehood,stars,2025-01-29,24872,github
https://github.com/kdeldycke/awesome-falsehood,stars,2025-01-30,24881,github
https://github.com/kdeldycke/awesome-falsehood,stars,2025-01-31,24884,github
https://github.com/kdeldycke/awesome-falsehood,stars,2025-02-01,24890,github
https://github.com/kdeldycke/awesome-falsehood,stars,2025-02-02,24897,github
https://github.com/kdeldycke/awesome-falsehood,stars,2025-02-03,24898,github
https://github.com/kdeldycke/awesome-falsehood,stars,2025-02-04,24904,github
https://github.com/kdeldycke/awesome-falsehood,stars,2025-02-05,24907,github
https://github.com/kdeldycke/awesome-falsehood,stars,2025-02-06,24912,github
https://github.com/kdeldycke/awesome-falsehood,stars,2025-02-07,24918,github
https://github.com/kdeldycke/awesome-falsehood,stars,2025-02-08,24924,github
https://github.com/kdeldycke/awesome-falsehood,stars,2025-02-09,24930,github
https://github.com/kdeldycke/awesome-falsehood,stars,2025-02-10,24932,github
https://github.com/kdeldycke/awesome-falsehood,stars,2025-02-11,24934,github
https://github.com/kdeldycke/awesome-falsehood,stars,2025-02-12,24938,github
https://github.com/kdeldycke/awesome-falsehood,stars,2025-02-13,24942,github
https://github.com/kdeldycke/awesome-falsehood,stars,2025-02-14,24948,github
https://github.com/kdeldycke/awesome-falsehood,stars,2025-02-15,24951,github
https://github.com/kdeldycke/awesome-falsehood,stars,2025-02-16,24957,github
https://github.com/kdeldycke/awesome-falsehood,stars,2025-02-17,24965,github
https://github.com/kdeldycke/awesome-falsehood,stars,2025-02-18,24977,github
https://github.com/kdeldycke/awesome-falsehood,stars,2025-02-19,24982,github
https://github.com/kdeldycke/awesome-falsehood,stars,2025-02-20,24988,github
https://github.com/kdeldycke/awesome-falsehood,stars,2025-02-21,24995,github
https://github.com/kdeldycke/awesome-falsehood,stars,2025-02-22,24998,github
https://github.com/kdeldycke/awesome-falsehood,stars,2025-02-23,25000,github
https://github.com/kdeldycke/awesome-falsehood,stars,2025-02-24,25004,github
https://github.com/kdeldycke/awesome-falsehood,stars,2025-02-25,25010,github
https://github.com/kdeldycke/awesome-falsehood,stars,2025-02-26,25012,github
https://github.com/kdeldycke/awesome-falsehood,stars,2025-02-27,25018,github
https://github.com/kdeldycke/awesome-falsehood,stars,2025-02-28,25027,github
https://github.com/kdeldycke/awesome-falsehood,stars,2025-03-01,25031,github
https://github.com/kdeldycke/awesome-falsehood,stars,2025-03-02,25037,github
https://github.com/kdeldycke/awesome-falsehood,stars,2025-03-03,25042,github
https://github.com/kdeldycke/awesome-falsehood,stars,2025-03-04,25048,github
https://github.com/kdeldycke/awesome-falsehood,stars,2025-03-05,25054,github
https://github.com/kdeldycke/awesome-falsehood,stars,2025-03-06,25059,github
https://github.com/kdeldycke/awesome-falsehood,stars,2025-03-07,25062,github
https://github.com/kdeldycke/awesome-falsehood,stars,2025-03-08,25067,github
https://github.com/kdeldycke/awesome-falsehood,stars,2025-03-09,25072,github
https://github.com/kdeldycke/awesome-falsehood,stars,2025-03-10,25077,github
https://github.com/kdeldycke/awesome-falsehood,stars,2025-03-11,25080,github
https://github.com/kdeldycke/awesome-falsehood,stars,2025-03-12,25085,github
https://github.com/kdeldycke/awesome-falsehood,stars,2025-03-13,25094,github
https://github.com/kdeldycke/awesome-falsehood,stars,2025-03-14,25098,github
https://github.com/kdeldycke/awesome-falsehood,stars,2025-03-15,25102,github
https://github.com/kdeldycke/awesome-falsehood,stars,2025-03-16,25105,github
https://github.com/kdeldycke/awesome-falsehood,stars,2025-03-17,25111,github
https://github.com/kdeldycke/awesome-falsehood,stars,2025-03-18,25116,github
https://github.com/kdeldycke/awesome-falsehood,stars,2025-03-19,25119,github
https://github.com/kdeldycke/awesome-falsehood,stars,2025-03-20,25124,github
https://github.com/kdeldycke/awesome-falsehood,stars,2025-03-21,25127,github
https://github.com/kdeldycke/awesome-falsehood,stars,2025-03-22,25128,github
https://github.com/kdeldycke/awesome-falsehood,stars,2025-03-23,25130,github
https://github.com/kdeldycke/awesome-falsehood,stars,2025-03-24,25136,github
https://github.com/kdeldycke/awesome-falsehood,stars,2025-03-25,25139,github
https://github.com/kdeldycke/awesome-falsehood,stars,2025-03-26,25141,github
https://github.com/kdeldycke/awesome-falsehood,stars,2025-03-27,25144,github
https://github.com/kdeldycke/awesome-falsehood,stars,2025-03-28,25146,github
https://github.com/kdeldycke/awesome-falsehood,stars,2025-03-29,25151,github
https://github.com/kdeldycke/awesome-falsehood,stars,2025-03-30,25155,github
https://github.com/kdeldycke/awesome-falsehood,stars,2025-03-31,25159,github
https://github.com/kdeldycke/awesome-falsehood,stars,2025-04-01,25165,github
https://github.com/kdeldycke/awesome-falsehood,stars,2025-04-02,25170,github
https://github.com/kdeldycke/awesome-falsehood,stars,2025-04-03,25179,github
https://github.com/kdeldycke/awesome-falsehood,stars,2025-04-04,25182,github
https://github.com/kdeldycke/awesome-falsehood,stars,2025-04-05,25188,github
https://github.com/kdeldycke/awesome-falsehood,stars,2025-04-06,25193,github
https://github.com/kdeldycke/awesome-falsehood,stars,2025-04-07,25200,github
https://github.com/kdeldycke/awesome-falsehood,stars,2025-04-08,25204,github
https://github.com/kdeldycke/awesome-falsehood,stars,2025-04-09,25206,github
https://github.com/kdeldycke/awesome-falsehood,stars,2025-04-10,25207,github
https://github.com/kdeldycke/awesome-falsehood,stars,2025-04-11,25211,github
https://github.com/kdeldycke/awesome-falsehood,stars,2025-04-12,25214,github
https://github.com/kdeldycke/awesome-falsehood,stars,2025-04-13,25217,github
https://github.com/kdeldycke/awesome-falsehood,stars,2025-04-14,25224,github
https://github.com/kdeldycke/awesome-falsehood,stars,2025-04-15,25229,github
https://github.com/kdeldycke/awesome-falsehood,stars,2025-04-16,25233,github
https://github.com/kdeldycke/awesome-falsehood,stars,2025-04-17,25240,github
https://github.com/kdeldycke/awesome-falsehood,stars,2025-04-18,25242,github
https://github.com/kdeldycke/awesome-falsehood,stars,2025-04-19,25244,github
https://github.com/kdeldycke/awesome-falsehood,stars,2025-04-20,25246,github
https://github.com/kdeldycke/awesome-falsehood,stars,2025-04-21,25254,github
https://github.com/kdeldycke/awesome-falsehood,stars,2025-04-22,25260,github
https://github.com/kdeldycke/awesome-falsehood,stars,2025-04-23,25261,github
https://github.com/kdeldycke/awesome-falsehood,stars,2025-04-24,25270,github
https://github.com/kdeldycke/awesome-falsehood,stars,2025-04-25,25272,github
https://github.com/kdeldycke/awesome-falsehood,stars,2025-04-26,25278,github
https://github.com/kdeldycke/awesome-falsehood,stars,2025-04-28,25279,github
https://github.com/kdeldycke/awesome-falsehood,stars,2025-04-29,25284,github
https://github.com/kdeldycke/awesome-falsehood,stars,2025-04-30,25288,github
https://github.com/kdeldycke/awesome-falsehood,stars,2025-05-01,25290,github
https://github.com/kdeldycke/awesome-falsehood,stars,2025-05-02,25291,github
https://github.com/kdeldycke/awesome-falsehood,stars,2025-05-03,25297,github
https://github.com/kdeldycke/awesome-falsehood,stars,2025-05-04,25305,github
https://github.com/kdeldycke/awesome-falsehood,stars,2025-05-05,25309,github
https://github.com/kdeldycke/awesome-falsehood,stars,2025-05-06,25317,github
https://github.com/kdeldycke/awesome-falsehood,stars,2025-05-07,25319,github
https://github.com/kdeldycke/awesome-falsehood,stars,2025-05-08,25323,github
https://github.com/kdeldycke/awesome-falsehood,stars,2025-05-09,25328,github
https://github.com/kdeldycke/awesome-falsehood,stars,2025-05-10,25331,github
https://github.com/kdeldycke/awesome-falsehood,stars,2025-05-11,25334,github
https://github.com/kdeldycke/awesome-falsehood,stars,2025-05-12,25344,github
https://github.com/kdeldycke/awesome-falsehood,stars,2025-05-13,25345,github
https://github.com/kdeldycke/awesome-falsehood,stars,2025-05-14,25352,github
https://github.com/kdeldycke/awesome-falsehood,stars,2025-05-15,25355,github
https://github.com/kdeldycke/awesome-falsehood,stars,2025-05-16,25363,github
https://github.com/kdeldycke/awesome-falsehood,stars,2025-05-17,25366,github
https://github.com/kdeldycke/awesome-falsehood,stars,2025-05-19,25368,github
https://github.com/kdeldycke/awesome-falsehood,stars,2025-05-20,25370,github
https://github.com/kdeldycke/awesome-falsehood,stars,2025-05-21,25377,github
https://github.com/kdeldycke/awesome-falsehood,stars,2025-05-22,25382,github
https://github.com/kdeldycke/awesome-falsehood,stars,2025-05-23,25385,github
https://github.com/kdeldycke/awesome-falsehood,stars,2025-05-24,25387,github
https://github.com/kdeldycke/awesome-falsehood,stars,2025-05-25,25391,github
https://github.com/kdeldycke/awesome-falsehood,stars,2025-05-26,25395,github
https://github.com/kdeldycke/awesome-falsehood,stars,2025-05-27,25397,github
https://github.com/kdeldycke/awesome-falsehood,stars,2025-05-28,25402,github
https://github.com/kdeldycke/awesome-falsehood,stars,2025-05-29,25408,github
https://github.com/kdeldycke/awesome-falsehood,stars,2025-05-30,25417,github
https://github.com/kdeldycke/awesome-falsehood,stars,2025-05-31,25420,github
https://github.com/kdeldycke/awesome-falsehood,stars,2025-06-01,25425,github
https://github.com/kdeldycke/awesome-falsehood,stars,2025-06-02,25428,github
https://github.com/kdeldycke/awesome-falsehood,stars,2025-06-03,25434,github
https://github.com/kdeldycke/awesome-falsehood,stars,2025-06-04,25439,github
https://github.com/kdeldycke/awesome-falsehood,stars,2025-06-05,25448,github
https://github.com/kdeldycke/awesome-falsehood,stars,2025-06-06,25455,github
https://github.com/kdeldycke/awesome-falsehood,stars,2025-06-07,25459,github
https://github.com/kdeldycke/awesome-falsehood,stars,2025-06-08,25476,github
https://github.com/kdeldycke/awesome-falsehood,stars,2025-06-09,25489,github
https://github.com/kdeldycke/awesome-falsehood,stars,2025-06-10,25492,github
https://github.com/kdeldycke/awesome-falsehood,stars,2025-06-11,25498,github
https://github.com/kdeldycke/awesome-falsehood,stars,2025-06-12,25508,github
https://github.com/kdeldycke/awesome-falsehood,stars,2025-06-13,25513,github
https://github.com/kdeldycke/awesome-falsehood,stars,2025-06-14,25518,github
https://github.com/kdeldycke/awesome-falsehood,stars,2025-06-15,25522,github
https://github.com/kdeldycke/awesome-falsehood,stars,2025-06-16,25524,github
https://github.com/kdeldycke/awesome-falsehood,stars,2025-06-17,25527,github
https://github.com/kdeldycke/awesome-falsehood,stars,2025-06-18,25529,github
https://github.com/kdeldycke/awesome-falsehood,stars,2025-06-19,25530,github
https://github.com/kdeldycke/awesome-falsehood,stars,2025-06-20,25534,github
https://github.com/kdeldycke/awesome-falsehood,stars,2025-06-21,25535,github
https://github.com/kdeldycke/awesome-falsehood,stars,2025-06-22,25541,github
https://github.com/kdeldycke/awesome-falsehood,stars,2025-06-23,25585,github
https://github.com/kdeldycke/awesome-falsehood,stars,2025-06-24,25593,github
https://github.com/kdeldycke/awesome-falsehood,stars,2025-06-25,25595,github
https://github.com/kdeldycke/awesome-falsehood,stars,2025-06-26,25596,github
https://github.com/kdeldycke/awesome-falsehood,stars,2025-06-27,25603,github
https://github.com/kdeldycke/awesome-falsehood,stars,2025-06-28,25608,github
https://github.com/kdeldycke/awesome-falsehood,stars,2025-06-29,25610,github
https://github.com/kdeldycke/awesome-falsehood,stars,2025-06-30,25620,github
https://github.com/kdeldycke/awesome-falsehood,stars,2025-07-01,25621,github
https://github.com/kdeldycke/awesome-falsehood,stars,2025-07-02,25626,github
https://github.com/kdeldycke/awesome-falsehood,stars,2025-07-03,25630,github
https://github.com/kdeldycke/awesome-falsehood,stars,2025-07-04,25632,github
https://github.com/kdeldycke/awesome-falsehood,stars,2025-07-05,25634,github
https://github.com/kdeldycke/awesome-falsehood,stars,2025-07-06,25635,github
https://github.com/kdeldycke/awesome-falsehood,stars,2025-07-07,25640,github
https://github.com/kdeldycke/awesome-falsehood,stars,2025-07-08,25645,github
https://github.com/kdeldycke/awesome-falsehood,stars,2025-07-09,25648,github
https://github.com/kdeldycke/awesome-falsehood,stars,2025-07-10,25650,github
https://github.com/kdeldycke/awesome-falsehood,stars,2025-07-11,25652,github
https://github.com/kdeldycke/awesome-falsehood,stars,2025-07-12,25655,github
https://github.com/kdeldycke/awesome-falsehood,stars,2025-07-14,25665,github
https://github.com/kdeldycke/awesome-falsehood,stars,2025-07-15,25670,github
https://github.com/kdeldycke/awesome-falsehood,stars,2025-07-16,25678,github
https://github.com/kdeldycke/awesome-falsehood,stars,2025-07-17,25685,github
https://github.com/kdeldycke/awesome-falsehood,stars,2025-07-18,25687,github
https://github.com/kdeldycke/awesome-falsehood,stars,2025-07-19,25689,github
https://github.com/kdeldycke/awesome-falsehood,stars,2025-07-20,25691,github
https://github.com/kdeldycke/awesome-falsehood,stars,2025-07-21,25694,github
https://github.com/kdeldycke/awesome-falsehood,stars,2025-07-22,25697,github
https://github.com/kdeldycke/awesome-falsehood,stars,2025-07-23,25702,github
https://github.com/kdeldycke/awesome-falsehood,stars,2025-07-24,25706,github
https://github.com/kdeldycke/awesome-falsehood,stars,2025-07-25,25708,github
https://github.com/kdeldycke/awesome-falsehood,stars,2025-07-26,25710,github
https://github.com/kdeldycke/awesome-falsehood,stars,2025-07-27,25712,github
https://github.com/kdeldycke/awesome-falsehood,stars,2025-07-28,25715,github
https://github.com/kdeldycke/awesome-falsehood,stars,2025-07-29,25720,github
https://github.com/kdeldycke/awesome-falsehood,stars,2025-07-30,25723,github
https://github.com/kdeldycke/awesome-falsehood,stars,2025-07-31,25727,github
https://github.com/kdeldycke/awesome-falsehood,stars,2025-08-01,25730,github
https://github.com/kdeldycke/awesome-falsehood,stars,2025-08-02,25734,github
https://github.com/kdeldycke/awesome-falsehood,stars,2025-08-03,25736,github
https://github.com/kdeldycke/awesome-falsehood,stars,2025-08-04,25742,github
https://github.com/kdeldycke/awesome-falsehood,stars,2025-08-05,25748,github
https://github.com/kdeldycke/awesome-falsehood,stars,2025-08-06,25751,github
https://github.com/kdeldycke/awesome-falsehood,stars,2025-08-07,25757,github
https://github.com/kdeldycke/awesome-falsehood,stars,2025-08-08,25760,github
https://github.com/kdeldycke/awesome-falsehood,stars,2025-08-09,25764,github
https://github.com/kdeldycke/awesome-falsehood,stars,2025-08-10,25767,github
https://github.com/kdeldycke/awesome-falsehood,stars,2025-08-11,25768,github
https://github.com/kdeldycke/awesome-falsehood,stars,2025-08-12,25774,github
https://github.com/kdeldycke/awesome-falsehood,stars,2025-08-13,25777,github
https://github.com/kdeldycke/awesome-falsehood,stars,2025-08-14,25783,github
https://github.com/kdeldycke/awesome-falsehood,stars,2025-08-15,25789,github
https://github.com/kdeldycke/awesome-falsehood,stars,2025-08-16,25792,github
https://github.com/kdeldycke/awesome-falsehood,stars,2025-08-17,25800,github
https://github.com/kdeldycke/awesome-falsehood,stars,2025-08-18,25808,github
https://github.com/kdeldycke/awesome-falsehood,stars,2025-08-19,25818,github
https://github.com/kdeldycke/awesome-falsehood,stars,2025-08-20,25821,github
https://github.com/kdeldycke/awesome-falsehood,stars,2025-08-21,25823,github
https://github.com/kdeldycke/awesome-falsehood,stars,2025-08-22,25827,github
https://github.com/kdeldycke/awesome-falsehood,stars,2025-08-23,25829,github
https://github.com/kdeldycke/awesome-falsehood,stars,2025-08-24,25831,github
https://github.com/kdeldycke/awesome-falsehood,stars,2025-08-25,25836,github
https://github.com/kdeldycke/awesome-falsehood,stars,2025-08-26,25842,github
https://github.com/kdeldycke/awesome-falsehood,stars,2025-08-27,25872,github
https://github.com/kdeldycke/awesome-falsehood,stars,2025-08-28,25880,github
https://github.com/kdeldycke/awesome-falsehood,stars,2025-08-29,25953,github
https://github.com/kdeldycke/awesome-falsehood,stars,2025-08-30,25977,github
https://github.com/kdeldycke/awesome-falsehood,stars,2025-08-31,25989,github
https://github.com/kdeldycke/awesome-falsehood,stars,2025-09-01,26004,github
https://github.com/kdeldycke/awesome-falsehood,stars,2025-09-02,26009,github
https://github.com/kdeldycke/awesome-falsehood,stars,2025-09-03,26017,github
https://github.com/kdeldycke/awesome-falsehood,stars,2025-09-04,26024,github
https://github.com/kdeldycke/awesome-falsehood,stars,2025-09-05,26029,github
https://github.com/kdeldycke/awesome-falsehood,stars,2025-09-06,26034,github
https://github.com/kdeldycke/awesome-falsehood,stars,2025-09-07,26041,github
https://github.com/kdeldycke/awesome-falsehood,stars,2025-09-08,26047,github
https://github.com/kdeldycke/awesome-falsehood,stars,2025-09-09,26056,github
https://github.com/kdeldycke/awesome-falsehood,stars,2025-09-10,26062,github
https://github.com/kdeldycke/awesome-falsehood,stars,2025-09-11,26068,github
https://github.com/kdeldycke/awesome-falsehood,stars,2025-09-12,26075,github
https://github.com/kdeldycke/awesome-falsehood,stars,2025-09-13,26079,github
https://github.com/kdeldycke/awesome-falsehood,stars,2025-09-14,26081,github
https://github.com/kdeldycke/awesome-falsehood,stars,2025-09-15,26084,github
https://github.com/kdeldycke/awesome-falsehood,stars,2025-09-16,26091,github
https://github.com/kdeldycke/awesome-falsehood,stars,2025-09-17,26097,github
https://github.com/kdeldycke/awesome-falsehood,stars,2025-09-18,26103,github
https://github.com/kdeldycke/awesome-falsehood,stars,2025-09-19,26113,github
https://github.com/kdeldycke/awesome-falsehood,stars,2025-09-20,26117,github
https://github.com/kdeldycke/awesome-falsehood,stars,2025-09-21,26121,github
https://github.com/kdeldycke/awesome-falsehood,stars,2025-09-22,26138,github
https://github.com/kdeldycke/awesome-falsehood,stars,2025-09-23,26153,github
https://github.com/kdeldycke/awesome-falsehood,stars,2025-09-24,26178,github
https://github.com/kdeldycke/awesome-falsehood,stars,2025-09-25,26186,github
https://github.com/kdeldycke/awesome-falsehood,stars,2025-09-26,26190,github
https://github.com/kdeldycke/awesome-falsehood,stars,2025-09-27,26198,github
https://github.com/kdeldycke/awesome-falsehood,stars,2025-09-28,26204,github
https://github.com/kdeldycke/awesome-falsehood,stars,2025-09-29,26210,github
https://github.com/kdeldycke/awesome-falsehood,stars,2025-09-30,26216,github
https://github.com/kdeldycke/awesome-falsehood,stars,2025-10-01,26226,github
https://github.com/kdeldycke/awesome-falsehood,stars,2025-10-02,26233,github
https://github.com/kdeldycke/awesome-falsehood,stars,2025-10-03,26239,github
https://github.com/kdeldycke/awesome-falsehood,stars,2025-10-04,26244,github
https://github.com/kdeldycke/awesome-falsehood,stars,2025-10-05,26251,github
https://github.com/kdeldycke/awesome-falsehood,stars,2025-10-06,26255,github
https://github.com/kdeldycke/awesome-falsehood,stars,2025-10-07,26260,github
https://github.com/kdeldycke/awesome-falsehood,stars,2025-10-08,26264,github
https://github.com/kdeldycke/awesome-falsehood,stars,2025-10-09,26271,github
https://github.com/kdeldycke/awesome-falsehood,stars,2025-10-10,26280,github
https://github.com/kdeldycke/awesome-falsehood,stars,2025-10-11,26285,github
https://github.com/kdeldycke/awesome-falsehood,stars,2025-10-12,26287,github
https://github.com/kdeldycke/awesome-falsehood,stars,2025-10-13,26292,github
https://github.com/kdeldycke/awesome-falsehood,stars,2025-10-14,26297,github
https://github.com/kdeldycke/awesome-falsehood,stars,2025-10-15,26299,github
https://github.com/kdeldycke/awesome-falsehood,stars,2025-10-16,26308,github
https://github.com/kdeldycke/awesome-falsehood,stars,2025-10-17,26313,github
https://github.com/kdeldycke/awesome-falsehood,stars,2025-10-18,26318,github
https://github.com/kdeldycke/awesome-falsehood,stars,2025-10-19,26324,github
https://github.com/kdeldycke/awesome-falsehood,stars,2025-10-20,26326,github
https://github.com/kdeldycke/awesome-falsehood,stars,2025-10-21,26332,github
https://github.com/kdeldycke/awesome-falsehood,stars,2025-10-22,26338,github
https://github.com/kdeldycke/awesome-falsehood,stars,2025-10-24,26345,github
https://github.com/kdeldycke/awesome-falsehood,stars,2025-10-25,26350,github
https://github.com/kdeldycke/awesome-falsehood,stars,2025-10-26,26355,github
https://github.com/kdeldycke/awesome-falsehood,stars,2025-10-27,26358,github
https://github.com/kdeldycke/awesome-falsehood,stars,2025-10-28,26363,github
https://github.com/kdeldycke/awesome-falsehood,stars,2025-10-29,26420,github
https://github.com/kdeldycke/awesome-falsehood,stars,2025-10-30,26472,github
https://github.com/kdeldycke/awesome-falsehood,stars,2025-10-31,26481,github
https://github.com/kdeldycke/awesome-falsehood,stars,2025-11-01,26488,github
https://github.com/kdeldycke/awesome-falsehood,stars,2025-11-02,26490,github
https://github.com/kdeldycke/awesome-falsehood,stars,2025-11-03,26500,github
https://github.com/kdeldycke/awesome-falsehood,stars,2025-11-04,26502,github
https://github.com/kdeldycke/awesome-falsehood,stars,2025-11-05,26508,github
https://github.com/kdeldycke/awesome-falsehood,stars,2025-11-06,26518,github
https://github.com/kdeldycke/awesome-falsehood,stars,2025-11-07,26523,github
https://github.com/kdeldycke/awesome-falsehood,stars,2025-11-08,26525,github
https://github.com/kdeldycke/awesome-falsehood,stars,2025-11-09,26531,github
https://github.com/kdeldycke/awesome-falsehood,stars,2025-11-10,26536,github
https://github.com/kdeldycke/awesome-falsehood,stars,2025-11-11,26540,github
https://github.com/kdeldycke/awesome-falsehood,stars,2025-11-12,26542,github
https://github.com/kdeldycke/awesome-falsehood,stars,2025-11-13,26546,github
https://github.com/kdeldycke/awesome-falsehood,stars,2025-11-14,26550,github
https://github.com/kdeldycke/awesome-falsehood,stars,2025-11-15,26554,github
https://github.com/kdeldycke/awesome-falsehood,stars,2025-11-16,26572,github
https://github.com/kdeldycke/awesome-falsehood,stars,2025-11-17,26581,github
https://github.com/kdeldycke/awesome-falsehood,stars,2025-11-18,26591,github
https://github.com/kdeldycke/awesome-falsehood,stars,2025-11-19,26593,github
https://github.com/kdeldycke/awesome-falsehood,stars,2025-11-20,26598,github
https://github.com/kdeldycke/awesome-falsehood,stars,2025-11-21,26600,github
https://github.com/kdeldycke/awesome-falsehood,stars,2025-11-23,26603,github
https://github.com/kdeldycke/awesome-falsehood,stars,2025-11-24,26606,github
https://github.com/kdeldycke/awesome-falsehood,stars,2025-11-25,26610,github
https://github.com/kdeldycke/awesome-falsehood,stars,2025-11-26,26614,github
https://github.com/kdeldycke/awesome-falsehood,stars,2025-11-27,26619,github
https://github.com/kdeldycke/awesome-falsehood,stars,2025-11-28,26626,github
https://github.com/kdeldycke/awesome-falsehood,stars,2025-11-29,26631,github
https://github.com/kdeldycke/awesome-falsehood,stars,2025-11-30,26634,github
https://github.com/kdeldycke/awesome-falsehood,stars,2025-12-01,26636,github
https://github.com/kdeldycke/awesome-falsehood,stars,2025-12-02,26638,github
https://github.com/kdeldycke/awesome-falsehood,stars,2025-12-03,26643,github
https://github.com/kdeldycke/awesome-falsehood,stars,2025-12-04,26646,github
https://github.com/kdeldycke/awesome-falsehood,stars,2025-12-05,26651,github
https://github.com/kdeldycke/awesome-falsehood,stars,2025-12-06,26655,github
https://github.com/kdeldycke/awesome-falsehood,stars,2025-12-07,26656,github
https://github.com/kdeldycke/awesome-falsehood,stars,2025-12-08,26659,github
https://github.com/kdeldycke/awesome-falsehood,stars,2025-12-09,26661,github
https://github.com/kdeldycke/awesome-falsehood,stars,2025-12-10,26662,github
https://github.com/kdeldycke/awesome-falsehood,stars,2025-12-11,26663,github
https://github.com/kdeldycke/awesome-falsehood,stars,2025-12-12,26667,github
https://github.com/kdeldycke/awesome-falsehood,stars,2025-12-13,26669,github
https://github.com/kdeldycke/awesome-falsehood,stars,2025-12-14,26674,github
https://github.com/kdeldycke/awesome-falsehood,stars,2025-12-15,26676,github
https://github.com/kdeldycke/awesome-falsehood,stars,2025-12-16,26679,github
https://github.com/kdeldycke/awesome-falsehood,stars,2025-12-17,26685,github
https://github.com/kdeldycke/awesome-falsehood,stars,2025-12-18,26689,github
https://github.com/kdeldycke/awesome-falsehood,stars,2025-12-19,26692,github
https://github.com/kdeldycke/awesome-falsehood,stars,2025-12-20,26694,github
https://github.com/kdeldycke/awesome-falsehood,stars,2025-12-21,26702,github
https://github.com/kdeldycke/awesome-falsehood,stars,2025-12-22,26706,github
https://github.com/kdeldycke/awesome-falsehood,stars,2025-12-23,26710,github
https://github.com/kdeldycke/awesome-falsehood,stars,2025-12-24,26714,github
https://github.com/kdeldycke/awesome-falsehood,stars,2025-12-25,26717,github
https://github.com/kdeldycke/awesome-falsehood,stars,2025-12-26,26720,github
https://github.com/kdeldycke/awesome-falsehood,stars,2025-12-27,26724,github
https://github.com/kdeldycke/awesome-falsehood,stars,2025-12-28,26736,github
https://github.com/kdeldycke/awesome-falsehood,stars,2025-12-29,26740,github
https://github.com/kdeldycke/awesome-falsehood,stars,2025-12-30,26743,github
https://github.com/kdeldycke/awesome-falsehood,stars,2025-12-31,26745,github
https://github.com/kdeldycke/awesome-falsehood,stars,2026-01-01,26748,github
https://github.com/kdeldycke/awesome-falsehood,stars,2026-01-02,26754,github
https://github.com/kdeldycke/awesome-falsehood,stars,2026-01-03,26757,github
https://github.com/kdeldycke/awesome-falsehood,stars,2026-01-04,26760,github
https://github.com/kdeldycke/awesome-falsehood,stars,2026-01-05,26765,github
https://github.com/kdeldycke/awesome-falsehood,stars,2026-01-07,26768,github
https://github.com/kdeldycke/awesome-falsehood,stars,2026-01-08,26770,github
https://github.com/kdeldycke/awesome-falsehood,stars,2026-01-09,26771,github
https://github.com/kdeldycke/awesome-falsehood,stars,2026-01-10,26772,github
https://github.com/kdeldycke/awesome-falsehood,stars,2026-01-11,26777,github
https://github.com/kdeldycke/awesome-falsehood,stars,2026-01-12,26779,github
https://github.com/kdeldycke/awesome-falsehood,stars,2026-01-13,26785,github
https://github.com/kdeldycke/awesome-falsehood,stars,2026-01-14,26786,github
https://github.com/kdeldycke/awesome-falsehood,stars,2026-01-15,26790,github
https://github.com/kdeldycke/awesome-falsehood,stars,2026-01-16,26793,github
https://github.com/kdeldycke/awesome-falsehood,stars,2026-01-17,26797,github
https://github.com/kdeldycke/awesome-falsehood,stars,2026-01-18,26800,github
https://github.com/kdeldycke/awesome-falsehood,stars,2026-01-19,26805,github
https://github.com/kdeldycke/awesome-falsehood,stars,2026-01-20,26809,github
https://github.com/kdeldycke/awesome-falsehood,stars,2026-01-22,26813,github
https://github.com/kdeldycke/awesome-falsehood,stars,2026-01-23,26819,github
https://github.com/kdeldycke/awesome-falsehood,stars,2026-01-24,26821,github
https://github.com/kdeldycke/awesome-falsehood,stars,2026-01-25,26825,github
https://github.com/kdeldycke/awesome-falsehood,stars,2026-01-26,26830,github
https://github.com/kdeldycke/awesome-falsehood,stars,2026-01-27,26832,github
https://github.com/kdeldycke/awesome-falsehood,stars,2026-01-28,26837,github
https://github.com/kdeldycke/awesome-falsehood,stars,2026-01-29,26839,github
https://github.com/kdeldycke/awesome-falsehood,stars,2026-01-30,26841,github
https://github.com/kdeldycke/awesome-falsehood,stars,2026-01-31,26846,github
https://github.com/kdeldycke/awesome-falsehood,stars,2026-02-02,26850,github
https://github.com/kdeldycke/awesome-falsehood,stars,2026-02-03,26854,github
https://github.com/kdeldycke/awesome-falsehood,stars,2026-02-04,26864,github
https://github.com/kdeldycke/awesome-falsehood,stars,2026-02-05,26868,github
https://github.com/kdeldycke/awesome-falsehood,stars,2026-02-06,26873,github
https://github.com/kdeldycke/awesome-falsehood,stars,2026-02-07,26878,github
https://github.com/kdeldycke/awesome-falsehood,stars,2026-02-08,26881,github
https://github.com/kdeldycke/awesome-falsehood,stars,2026-02-09,26888,github
https://github.com/kdeldycke/awesome-falsehood,stars,2026-02-10,26894,github
https://github.com/kdeldycke/awesome-falsehood,stars,2026-02-11,26901,github
https://github.com/kdeldycke/awesome-falsehood,stars,2026-02-12,26904,github
https://github.com/kdeldycke/awesome-falsehood,stars,2026-02-13,26908,github
https://github.com/kdeldycke/awesome-falsehood,stars,2026-02-14,26914,github
https://github.com/kdeldycke/awesome-falsehood,stars,2026-02-15,26917,github
https://github.com/kdeldycke/awesome-falsehood,stars,2026-02-16,26921,github
https://github.com/kdeldycke/awesome-falsehood,stars,2026-02-17,26924,github
https://github.com/kdeldycke/awesome-falsehood,stars,2026-02-18,26928,github
https://github.com/kdeldycke/awesome-falsehood,stars,2026-02-19,26935,github
https://github.com/kdeldycke/awesome-falsehood,stars,2026-02-20,26938,github
https://github.com/kdeldycke/awesome-falsehood,stars,2026-02-21,26942,github
https://github.com/kdeldycke/awesome-falsehood,stars,2026-02-22,26952,github
https://github.com/kdeldycke/awesome-falsehood,stars,2026-02-23,26957,github
https://github.com/kdeldycke/awesome-falsehood,stars,2026-02-24,26962,github
https://github.com/kdeldycke/awesome-falsehood,stars,2026-02-25,26966,github
https://github.com/kdeldycke/awesome-falsehood,stars,2026-02-26,26970,github
https://github.com/kdeldycke/awesome-falsehood,stars,2026-02-27,26971,github
https://github.com/kdeldycke/awesome-falsehood,stars,2026-02-28,26975,github
https://github.com/kdeldycke/awesome-falsehood,stars,2026-03-01,26977,github
https://github.com/kdeldycke/awesome-falsehood,stars,2026-03-02,26979,github
https://github.com/kdeldycke/awesome-falsehood,stars,2026-03-03,26989,github
https://github.com/kdeldycke/awesome-falsehood,stars,2026-03-04,26996,github
https://github.com/kdeldycke/awesome-falsehood,stars,2026-03-05,27003,github
https://github.com/kdeldycke/awesome-falsehood,stars,2026-03-06,27010,github
https://github.com/kdeldycke/awesome-falsehood,stars,2026-03-07,27011,github
https://github.com/kdeldycke/awesome-falsehood,stars,2026-03-08,27014,github
https://github.com/kdeldycke/awesome-falsehood,stars,2026-03-09,27020,github
https://github.com/kdeldycke/awesome-falsehood,stars,2026-03-10,27032,github
https://github.com/kdeldycke/awesome-falsehood,stars,2026-03-11,27039,github
https://github.com/kdeldycke/awesome-falsehood,stars,2026-03-12,27043,github
https://github.com/kdeldycke/awesome-falsehood,stars,2026-03-13,27048,github
https://github.com/kdeldycke/awesome-falsehood,stars,2026-03-14,27050,github
https://github.com/kdeldycke/awesome-falsehood,stars,2026-03-15,27053,github
https://github.com/kdeldycke/awesome-falsehood,stars,2026-03-16,27058,github
https://github.com/kdeldycke/awesome-falsehood,stars,2026-03-17,27062,github
https://github.com/kdeldycke/awesome-falsehood,stars,2026-03-18,27069,github
https://github.com/kdeldycke/awesome-falsehood,stars,2026-03-19,27073,github
https://github.com/kdeldycke/awesome-falsehood,stars,2026-03-20,27075,github
https://github.com/kdeldycke/awesome-falsehood,stars,2026-03-21,27082,github
https://github.com/kdeldycke/awesome-falsehood,stars,2026-03-22,27085,github
https://github.com/kdeldycke/awesome-falsehood,stars,2026-03-23,27089,github
https://github.com/kdeldycke/awesome-falsehood,stars,2026-03-24,27092,github
https://github.com/kdeldycke/awesome-falsehood,stars,2026-03-25,27096,github
https://github.com/kdeldycke/awesome-falsehood,stars,2026-03-26,27097,github
https://github.com/kdeldycke/awesome-falsehood,stars,2026-03-27,27104,github
https://github.com/kdeldycke/awesome-falsehood,stars,2026-03-28,27109,github
https://github.com/kdeldycke/awesome-falsehood,stars,2026-03-29,27113,github
https://github.com/kdeldycke/awesome-falsehood,stars,2026-03-30,27121,github
https://github.com/kdeldycke/awesome-falsehood,stars,2026-03-31,27127,github
https://github.com/kdeldycke/awesome-falsehood,stars,2026-04-01,27142,github
https://github.com/kdeldycke/awesome-falsehood,stars,2026-04-02,27149,github
https://github.com/kdeldycke/awesome-falsehood,stars,2026-04-04,27152,github
https://github.com/kdeldycke/awesome-falsehood,stars,2026-04-05,27155,github
https://github.com/kdeldycke/awesome-falsehood,stars,2026-04-06,27159,github
https://github.com/kdeldycke/awesome-falsehood,stars,2026-04-07,27161,github
https://github.com/kdeldycke/awesome-falsehood,stars,2026-04-08,27166,github
https://github.com/kdeldycke/awesome-falsehood,stars,2026-04-09,27170,github
https://github.com/kdeldycke/awesome-falsehood,stars,2026-04-10,27171,github
https://github.com/kdeldycke/awesome-falsehood,stars,2026-04-11,27176,github
https://github.com/kdeldycke/awesome-falsehood,stars,2026-04-12,27179,github
https://github.com/kdeldycke/awesome-falsehood,stars,2026-04-13,27183,github
https://github.com/kdeldycke/awesome-falsehood,stars,2026-04-14,27185,github
https://github.com/kdeldycke/awesome-falsehood,stars,2026-04-15,27192,github
https://github.com/kdeldycke/awesome-falsehood,stars,2026-04-16,27196,github
https://github.com/kdeldycke/awesome-falsehood,stars,2026-04-17,27201,github
https://github.com/kdeldycke/awesome-falsehood,stars,2026-04-18,27203,github
https://github.com/kdeldycke/awesome-falsehood,stars,2026-04-19,27208,github
https://github.com/kdeldycke/awesome-falsehood,stars,2026-04-20,27211,github
https://github.com/kdeldycke/awesome-falsehood,stars,2026-04-21,27214,github
https://github.com/kdeldycke/awesome-falsehood,stars,2026-04-22,27218,github
https://github.com/kdeldycke/awesome-falsehood,stars,2026-04-23,27221,github
https://github.com/kdeldycke/awesome-falsehood,stars,2026-04-24,27226,github
https://github.com/kdeldycke/awesome-falsehood,stars,2026-04-25,27230,github
https://github.com/kdeldycke/awesome-falsehood,stars,2026-04-26,27231,github
https://github.com/kdeldycke/awesome-falsehood,stars,2026-04-27,27237,github
https://github.com/kdeldycke/awesome-falsehood,stars,2026-04-28,27238,github
https://github.com/kdeldycke/awesome-falsehood,stars,2026-04-29,27241,github
https://github.com/kdeldycke/awesome-falsehood,stars,2026-04-30,27243,github
https://github.com/kdeldycke/awesome-falsehood,stars,2026-05-01,27246,github
https://github.com/kdeldycke/awesome-falsehood,stars,2026-05-02,27248,github
https://github.com/kdeldycke/awesome-falsehood,stars,2026-05-03,27250,github
https://github.com/kdeldycke/awesome-falsehood,stars,2026-05-04,27257,github
https://github.com/kdeldycke/awesome-falsehood,stars,2026-05-05,27259,github
https://github.com/kdeldycke/awesome-falsehood,stars,2026-05-06,27263,github
https://github.com/kdeldycke/awesome-falsehood,stars,2026-05-07,27269,github
https://github.com/kdeldycke/awesome-falsehood,stars,2026-05-08,27272,github
https://github.com/kdeldycke/awesome-falsehood,stars,2026-05-09,27273,github
https://github.com/kdeldycke/awesome-falsehood,stars,2026-05-10,27276,github
https://github.com/kdeldycke/awesome-falsehood,stars,2026-05-11,27280,github
https://github.com/kdeldycke/awesome-falsehood,stars,2026-05-12,27281,github
https://github.com/kdeldycke/awesome-falsehood,stars,2026-05-13,27287,github
https://github.com/kdeldycke/awesome-falsehood,stars,2026-05-14,27288,github
https://github.com/kdeldycke/awesome-falsehood,stars,2026-05-15,27290,github
https://github.com/kdeldycke/awesome-falsehood,stars,2026-05-16,27292,github
https://github.com/kdeldycke/awesome-falsehood,stars,2026-05-17,27294,github
https://github.com/kdeldycke/awesome-falsehood,stars,2026-05-18,27296,github
https://github.com/kdeldycke/awesome-falsehood,stars,2026-05-19,27300,github
https://github.com/kdeldycke/awesome-falsehood,stars,2026-05-20,27304,github
https://github.com/kdeldycke/awesome-falsehood,stars,2026-05-21,27309,github
https://github.com/kdeldycke/awesome-falsehood,stars,2026-05-22,27312,github
https://github.com/kdeldycke/awesome-falsehood,stars,2026-05-23,27316,github
https://github.com/kdeldycke/awesome-falsehood,stars,2026-05-24,27318,github
https://github.com/kdeldycke/awesome-falsehood,stars,2026-05-25,27321,github
https://github.com/kdeldycke/awesome-falsehood,stars,2026-05-26,27324,github
https://github.com/kdeldycke/awesome-falsehood,stars,2026-05-27,27327,github
https://github.com/kdeldycke/awesome-falsehood,stars,2026-05-28,27333,github
https://github.com/kdeldycke/awesome-falsehood,stars,2026-05-29,27336,github
https://github.com/kdeldycke/awesome-falsehood,stars,2026-05-30,27338,github
https://github.com/kdeldycke/awesome-falsehood,stars,2026-06-01,27341,github
https://github.com/kdeldycke/awesome-falsehood,stars,2026-06-02,27343,github
https://github.com/kdeldycke/awesome-falsehood,stars,2026-06-04,27345,github
https://github.com/kdeldycke/awesome-falsehood,stars,2026-06-05,27352,github
https://github.com/kdeldycke/awesome-falsehood,stars,2026-06-06,27366,github
https://github.com/kdeldycke/awesome-falsehood,stars,2026-06-07,27377,github
https://github.com/kdeldycke/awesome-falsehood,stars,2026-06-08,27387,github
https://github.com/kdeldycke/awesome-falsehood,stars,2026-06-09,27390,github
https://github.com/kdeldycke/awesome-falsehood,stars,2026-06-10,27394,github
https://github.com/kdeldycke/awesome-falsehood,stars,2026-06-11,27398,github
https://github.com/kdeldycke/awesome-falsehood,stars,2026-06-12,27400,github
https://github.com/kdeldycke/awesome-falsehood,stars,2026-06-13,27405,github
https://github.com/kdeldycke/awesome-falsehood,stars,2026-06-14,27419,github
https://github.com/kdeldycke/awesome-falsehood,stars,2026-06-15,27421,github
https://github.com/kdeldycke/awesome-falsehood,stars,2026-06-16,27427,github
https://github.com/kdeldycke/awesome-falsehood,stars,2026-06-17,27430,github
https://github.com/kdeldycke/awesome-falsehood,stars,2026-06-18,27434,github
https://github.com/kdeldycke/awesome-falsehood,stars,2026-06-19,27442,github
https://github.com/kdeldycke/awesome-falsehood,stars,2026-06-20,27445,github
https://github.com/kdeldycke/awesome-falsehood,stars,2026-06-21,27448,github
https://github.com/kdeldycke/awesome-falsehood,stars,2026-06-22,27450,github
https://github.com/kdeldycke/awesome-falsehood,stars,2026-06-23,27452,github
https://github.com/kdeldycke/awesome-falsehood,stars,2026-06-24,27454,github
https://github.com/kdeldycke/awesome-falsehood,stars,2026-06-25,27455,github
https://github.com/kdeldycke/awesome-falsehood,stars,2026-06-26,27462,github
https://github.com/kdeldycke/awesome-falsehood,stars,2026-06-27,27464,github
https://github.com/kdeldycke/awesome-falsehood,stars,2026-06-28,27468,github
https://github.com/kdeldycke/awesome-falsehood,stars,2026-06-29,27470,github
https://github.com/kdeldycke/awesome-falsehood,stars,2026-06-30,27472,github
https://github.com/kdeldycke/awesome-falsehood,stars,2026-07-02,27475,github
https://github.com/kdeldycke/awesome-falsehood,stars,2026-07-04,27477,github
https://github.com/kdeldycke/awesome-falsehood,stars,2026-07-05,27478,github
https://github.com/kdeldycke/awesome-falsehood,stars,2026-07-06,27484,github
https://github.com/kdeldycke/awesome-falsehood,stars,2026-07-07,27486,github
https://github.com/kdeldycke/awesome-falsehood,stars,2026-07-08,27488,github
https://github.com/kdeldycke/awesome-falsehood,stars,2026-07-09,27491,github
https://github.com/kdeldycke/awesome-falsehood,stars,2026-07-10,27494,github
https://github.com/kdeldycke/awesome-falsehood,stars,2026-07-11,27496,github
https://github.com/kdeldycke/awesome-falsehood,stars,2026-07-12,27499,github
https://github.com/kdeldycke/awesome-falsehood,stars,2026-07-13,27503,github
https://github.com/kdeldycke/awesome-falsehood,stars,2026-07-14,27505,github
https://github.com/kdeldycke/awesome-falsehood,stars,2026-07-15,27509,github
https://github.com/kdeldycke/awesome-falsehood,stars,2026-07-16,27510,github
https://github.com/kdeldycke/awesome-falsehood,stars,2026-07-17,27512,github
https://github.com/kdeldycke/awesome-falsehood,stars,2026-07-18,27521,github
https://github.com/kdeldycke/awesome-falsehood,stars,2026-07-19,27524,github
https://github.com/kdeldycke/awesome-falsehood,stars,2026-07-20,27526,github
https://github.com/kdeldycke/awesome-falsehood,stars,2026-07-21,27530,github
https://github.com/kdeldycke/awesome-falsehood,stars,2026-07-22,27533,github
https://github.com/kdeldycke/awesome-falsehood,stars,2026-07-23,27539,github
https://github.com/kdeldycke/awesome-falsehood,stars,2026-07-24,27542,github
https://github.com/kdeldycke/awesome-falsehood,stars,2026-07-25,27543,github
https://github.com/kdeldycke/awesome-falsehood,stars,2026-07-26,27545,github
https://github.com/kdeldycke/awesome-falsehood,stars,2026-07-27,27549,github
https://github.com/kdeldycke/awesome-falsehood,stars,2026-07-28,27555,github
https://github.com/kdeldycke/awesome-falsehood,stars,2026-07-29,27560,github
https://github.com/kdeldycke/awesome-falsehood,stars,2026-07-30,27563,github
https://github.com/kdeldycke/awesome-falsehood,stars,2026-07-31,27566,github
https://github.com/kdeldycke/awesome-falsehood,stars,2026-08-01,27571,github
https://github.com/kdeldycke/awesome-falsehood,stars,2026-08-02,27574,github
https://github.com/kdeldycke/awesome-falsehood,stars,2026-08-03,27575,github
https://github.com/kdeldycke/awesome-falsehood,stars,2026-08-04,27577,github
https://github.com/kdeldycke/awesome-falsehood,stars,2026-08-05,27583,github
https://github.com/kdeldycke/awesome-falsehood,stars,2026-08-06,27590,github
https://github.com/kdeldycke/awesome-falsehood,stars,2026-08-07,27597,github
https://github.com/kdeldycke/awesome-falsehood,stars,2026-08-08,27598,github
https://github.com/kdeldycke/awesome-falsehood,stars,2026-08-09,27601,github
https://github.com/kdeldycke/awesome-falsehood,stars,2026-08-11,27602,github
https://github.com/kdeldycke/awesome-falsehood,stars,2026-08-12,27603,github
https://github.com/kdeldycke/awesome-falsehood,stars,2026-08-13,27605,github
https://github.com/kdeldycke/awesome-falsehood,stars,2026-08-14,27607,github
https://github.com/kdeldycke/awesome-falsehood,stars,2026-08-15,27609,github
https://github.com/kdeldycke/awesome-falsehood,stars,2026-08-16,27612,github
https://github.com/kdeldycke/awesome-falsehood,stars,2026-08-17,27614,github
https://github.com/kdeldycke/awesome-falsehood,stars,2026-08-18,27620,github
https://github.com/kdeldycke/awesome-falsehood,stars,2026-08-19,27625,github
https://github.com/kdeldycke/awesome-falsehood,stars,2026-08-20,27626,github
https://github.com/kdeldycke/awesome-iam,commit,2026-08-20,2026-08-14,sample
https://github.com/kdeldycke/awesome-iam,stars,2019-06-12,0,created
https://github.com/kdeldycke/awesome-iam,stars,2019-09-07,1,github
https://github.com/kdeldycke/awesome-iam,stars,2019-12-16,2,github
https://github.com/kdeldycke/awesome-iam,stars,2019-12-20,3,github
https://github.com/kdeldycke/awesome-iam,stars,2020-01-14,4,github
https://github.com/kdeldycke/awesome-iam,stars,2020-01-15,5,github
https://github.com/kdeldycke/awesome-iam,stars,2020-01-22,6,github
https://github.com/kdeldycke/awesome-iam,stars,2020-01-24,7,github
https://github.com/kdeldycke/awesome-iam,stars,2020-01-25,8,github
https://github.com/kdeldycke/awesome-iam,stars,2020-02-08,9,github
https://github.com/kdeldycke/awesome-iam,stars,2020-02-09,10,github
https://github.com/kdeldycke/awesome-iam,stars,2020-02-10,13,github
https://github.com/kdeldycke/awesome-iam,stars,2020-02-11,15,github
https://github.com/kdeldycke/awesome-iam,stars,2020-02-27,16,github
https://github.com/kdeldycke/awesome-iam,stars,2020-02-29,17,github
https://github.com/kdeldycke/awesome-iam,stars,2020-03-30,18,github
https://github.com/kdeldycke/awesome-iam,stars,2020-04-02,19,github
https://github.com/kdeldycke/awesome-iam,stars,2020-04-03,20,github
https://github.com/kdeldycke/awesome-iam,stars,2020-04-23,21,github
https://github.com/kdeldycke/awesome-iam,stars,2020-05-16,22,github
https://github.com/kdeldycke/awesome-iam,stars,2020-05-20,23,github
https://github.com/kdeldycke/awesome-iam,stars,2020-06-11,24,github
https://github.com/kdeldycke/awesome-iam,stars,2020-06-19,25,github
https://github.com/kdeldycke/awesome-iam,stars,2020-07-07,26,github
https://github.com/kdeldycke/awesome-iam,stars,2020-07-14,27,github
https://github.com/kdeldycke/awesome-iam,stars,2020-07-17,28,github
https://github.com/kdeldycke/awesome-iam,stars,2020-07-27,29,github
https://github.com/kdeldycke/awesome-iam,stars,2020-07-30,31,github
https://github.com/kdeldycke/awesome-iam,stars,2020-08-04,32,github
https://github.com/kdeldycke/awesome-iam,stars,2020-08-05,33,github
https://github.com/kdeldycke/awesome-iam,stars,2020-08-10,34,github
https://github.com/kdeldycke/awesome-iam,stars,2020-08-13,36,github
https://github.com/kdeldycke/awesome-iam,stars,2020-09-01,37,github
https://github.com/kdeldycke/awesome-iam,stars,2020-09-06,38,github
https://github.com/kdeldycke/awesome-iam,stars,2020-09-07,39,github
https://github.com/kdeldycke/awesome-iam,stars,2020-09-12,40,github
https://github.com/kdeldycke/awesome-iam,stars,2020-09-18,41,github
https://github.com/kdeldycke/awesome-iam,stars,2020-09-27,42,github
https://github.com/kdeldycke/awesome-iam,stars,2020-09-30,43,github
https://github.com/kdeldycke/awesome-iam,stars,2020-10-01,44,github
https://github.com/kdeldycke/awesome-iam,stars,2020-10-02,45,github
https://github.com/kdeldycke/awesome-iam,stars,2020-10-07,46,github
https://github.com/kdeldycke/awesome-iam,stars,2020-10-08,48,github
https://github.com/kdeldycke/awesome-iam,stars,2020-10-13,49,github
https://github.com/kdeldycke/awesome-iam,stars,2020-10-14,50,github
https://github.com/kdeldycke/awesome-iam,stars,2020-10-22,52,github
https://github.com/kdeldycke/awesome-iam,stars,2020-10-26,53,github
https://github.com/kdeldycke/awesome-iam,stars,2020-10-27,54,github
https://github.com/kdeldycke/awesome-iam,stars,2020-11-06,55,github
https://github.com/kdeldycke/awesome-iam,stars,2020-11-09,56,github
https://github.com/kdeldycke/awesome-iam,stars,2020-11-11,57,github
https://github.com/kdeldycke/awesome-iam,stars,2020-11-16,64,github
https://github.com/kdeldycke/awesome-iam,stars,2020-11-17,66,github
https://github.com/kdeldycke/awesome-iam,stars,2020-11-18,67,github
https://github.com/kdeldycke/awesome-iam,stars,2020-11-19,69,github
https://github.com/kdeldycke/awesome-iam,stars,2020-11-20,75,github
https://github.com/kdeldycke/awesome-iam,stars,2020-11-21,77,github
https://github.com/kdeldycke/awesome-iam,stars,2020-11-22,78,github
https://github.com/kdeldycke/awesome-iam,stars,2020-11-23,79,github
https://github.com/kdeldycke/awesome-iam,stars,2020-11-24,80,github
https://github.com/kdeldycke/awesome-iam,stars,2020-11-25,81,github
https://github.com/kdeldycke/awesome-iam,stars,2020-11-27,82,github
https://github.com/kdeldycke/awesome-iam,stars,2020-11-28,84,github
https://github.com/kdeldycke/awesome-iam,stars,2020-11-30,86,github
https://github.com/kdeldycke/awesome-iam,stars,2020-12-04,87,github
https://github.com/kdeldycke/awesome-iam,stars,2020-12-07,89,github
https://github.com/kdeldycke/awesome-iam,stars,2020-12-08,90,github
https://github.com/kdeldycke/awesome-iam,stars,2020-12-09,92,github
https://github.com/kdeldycke/awesome-iam,stars,2020-12-10,94,github
https://github.com/kdeldycke/awesome-iam,stars,2020-12-12,96,github
https://github.com/kdeldycke/awesome-iam,stars,2020-12-13,98,github
https://github.com/kdeldycke/awesome-iam,stars,2020-12-14,100,github
https://github.com/kdeldycke/awesome-iam,stars,2020-12-16,101,github
https://github.com/kdeldycke/awesome-iam,stars,2020-12-17,106,github
https://github.com/kdeldycke/awesome-iam,stars,2020-12-18,107,github
https://github.com/kdeldycke/awesome-iam,stars,2020-12-21,108,github
https://github.com/kdeldycke/awesome-iam,stars,2020-12-25,109,github
https://github.com/kdeldycke/awesome-iam,stars,2020-12-28,110,github
https://github.com/kdeldycke/awesome-iam,stars,2020-12-31,111,github
https://github.com/kdeldycke/awesome-iam,stars,2021-01-05,113,github
https://github.com/kdeldycke/awesome-iam,stars,2021-01-06,114,github
https://github.com/kdeldycke/awesome-iam,stars,2021-01-08,115,github
https://github.com/kdeldycke/awesome-iam,stars,2021-01-09,116,github
https://github.com/kdeldycke/awesome-iam,stars,2021-01-11,118,github
https://github.com/kdeldycke/awesome-iam,stars,2021-01-13,120,github
https://github.com/kdeldycke/awesome-iam,stars,2021-01-14,122,github
https://github.com/kdeldycke/awesome-iam,stars,2021-01-15,124,github
https://github.com/kdeldycke/awesome-iam,stars,2021-01-18,126,github
https://github.com/kdeldycke/awesome-iam,stars,2021-01-22,127,github
https://github.com/kdeldycke/awesome-iam,stars,2021-01-23,128,github
https://github.com/kdeldycke/awesome-iam,stars,2021-01-27,129,github
https://github.com/kdeldycke/awesome-iam,stars,2021-01-29,131,github
https://github.com/kdeldycke/awesome-iam,stars,2021-02-02,134,github
https://github.com/kdeldycke/awesome-iam,stars,2021-02-03,135,github
https://github.com/kdeldycke/awesome-iam,stars,2021-02-11,137,github
https://github.com/kdeldycke/awesome-iam,stars,2021-02-12,138,github
https://github.com/kdeldycke/awesome-iam,stars,2021-02-15,139,github
https://github.com/kdeldycke/awesome-iam,stars,2021-02-19,142,github
https://github.com/kdeldycke/awesome-iam,stars,2021-02-20,143,github
https://github.com/kdeldycke/awesome-iam,stars,2021-02-21,145,github
https://github.com/kdeldycke/awesome-iam,stars,2021-02-22,146,github
https://github.com/kdeldycke/awesome-iam,stars,2021-02-24,147,github
https://github.com/kdeldycke/awesome-iam,stars,2021-02-25,148,github
https://github.com/kdeldycke/awesome-iam,stars,2021-02-26,150,github
https://github.com/kdeldycke/awesome-iam,stars,2021-02-27,151,github
https://github.com/kdeldycke/awesome-iam,stars,2021-03-01,153,github
https://github.com/kdeldycke/awesome-iam,stars,2021-03-03,155,github
https://github.com/kdeldycke/awesome-iam,stars,2021-03-06,156,github
https://github.com/kdeldycke/awesome-iam,stars,2021-03-07,161,github
https://github.com/kdeldycke/awesome-iam,stars,2021-03-08,165,github
https://github.com/kdeldycke/awesome-iam,stars,2021-03-09,166,github
https://github.com/kdeldycke/awesome-iam,stars,2021-03-10,167,github
https://github.com/kdeldycke/awesome-iam,stars,2021-03-11,168,github
https://github.com/kdeldycke/awesome-iam,stars,2021-03-12,170,github
https://github.com/kdeldycke/awesome-iam,stars,2021-03-13,171,github
https://github.com/kdeldycke/awesome-iam,stars,2021-03-14,173,github
https://github.com/kdeldycke/awesome-iam,stars,2021-03-15,175,github
https://github.com/kdeldycke/awesome-iam,stars,2021-03-16,179,github
https://github.com/kdeldycke/awesome-iam,stars,2021-03-17,181,github
https://github.com/kdeldycke/awesome-iam,stars,2021-03-18,182,github
https://github.com/kdeldycke/awesome-iam,stars,2021-03-19,184,github
https://github.com/kdeldycke/awesome-iam,stars,2021-03-20,185,github
https://github.com/kdeldycke/awesome-iam,stars,2021-03-21,186,github
https://github.com/kdeldycke/awesome-iam,stars,2021-03-22,187,github
https://github.com/kdeldycke/awesome-iam,stars,2021-03-23,188,github
https://github.com/kdeldycke/awesome-iam,stars,2021-03-25,189,github
https://github.com/kdeldycke/awesome-iam,stars,2021-03-31,190,github
https://github.com/kdeldycke/awesome-iam,stars,2021-04-01,191,github
https://github.com/kdeldycke/awesome-iam,stars,2021-04-02,192,github
https://github.com/kdeldycke/awesome-iam,stars,2021-04-03,194,github
https://github.com/kdeldycke/awesome-iam,stars,2021-04-04,195,github
https://github.com/kdeldycke/awesome-iam,stars,2021-04-05,199,github
https://github.com/kdeldycke/awesome-iam,stars,2021-04-06,201,github
https://github.com/kdeldycke/awesome-iam,stars,2021-04-07,203,github
https://github.com/kdeldycke/awesome-iam,stars,2021-04-08,207,github
https://github.com/kdeldycke/awesome-iam,stars,2021-04-09,209,github
https://github.com/kdeldycke/awesome-iam,stars,2021-04-10,210,github
https://github.com/kdeldycke/awesome-iam,stars,2021-04-11,214,github
https://github.com/kdeldycke/awesome-iam,stars,2021-04-12,215,github
https://github.com/kdeldycke/awesome-iam,stars,2021-04-13,217,github
https://github.com/kdeldycke/awesome-iam,stars,2021-04-14,219,github
https://github.com/kdeldycke/awesome-iam,stars,2021-04-15,220,github
https://github.com/kdeldycke/awesome-iam,stars,2021-04-16,222,github
https://github.com/kdeldycke/awesome-iam,stars,2021-04-17,223,github
https://github.com/kdeldycke/awesome-iam,stars,2021-04-19,224,github
https://github.com/kdeldycke/awesome-iam,stars,2021-04-21,226,github
https://github.com/kdeldycke/awesome-iam,stars,2021-04-23,227,github
https://github.com/kdeldycke/awesome-iam,stars,2021-04-26,229,github
https://github.com/kdeldycke/awesome-iam,stars,2021-04-30,230,github
https://github.com/kdeldycke/awesome-iam,stars,2021-05-02,232,github
https://github.com/kdeldycke/awesome-iam,stars,2021-05-03,235,github
https://github.com/kdeldycke/awesome-iam,stars,2021-05-04,242,github
https://github.com/kdeldycke/awesome-iam,stars,2021-05-05,243,github
https://github.com/kdeldycke/awesome-iam,stars,2021-05-07,245,github
https://github.com/kdeldycke/awesome-iam,stars,2021-05-09,246,github
https://github.com/kdeldycke/awesome-iam,stars,2021-05-11,247,github
https://github.com/kdeldycke/awesome-iam,stars,2021-05-13,251,github
https://github.com/kdeldycke/awesome-iam,stars,2021-05-16,252,github
https://github.com/kdeldycke/awesome-iam,stars,2021-05-17,253,github
https://github.com/kdeldycke/awesome-iam,stars,2021-05-18,254,github
https://github.com/kdeldycke/awesome-iam,stars,2021-05-19,255,github
https://github.com/kdeldycke/awesome-iam,stars,2021-05-21,257,github
https://github.com/kdeldycke/awesome-iam,stars,2021-05-23,258,github
https://github.com/kdeldycke/awesome-iam,stars,2021-05-24,261,github
https://github.com/kdeldycke/awesome-iam,stars,2021-05-25,263,github
https://github.com/kdeldycke/awesome-iam,stars,2021-05-26,267,github
https://github.com/kdeldycke/awesome-iam,stars,2021-05-29,268,github
https://github.com/kdeldycke/awesome-iam,stars,2021-05-31,271,github
https://github.com/kdeldycke/awesome-iam,stars,2021-06-04,272,github
https://github.com/kdeldycke/awesome-iam,stars,2021-06-07,273,github
https://github.com/kdeldycke/awesome-iam,stars,2021-06-08,275,github
https://github.com/kdeldycke/awesome-iam,stars,2021-06-09,277,github
https://github.com/kdeldycke/awesome-iam,stars,2021-06-10,279,github
https://github.com/kdeldycke/awesome-iam,stars,2021-06-11,280,github
https://github.com/kdeldycke/awesome-iam,stars,2021-06-12,281,github
https://github.com/kdeldycke/awesome-iam,stars,2021-06-15,282,github
https://github.com/kdeldycke/awesome-iam,stars,2021-06-17,283,github
https://github.com/kdeldycke/awesome-iam,stars,2021-06-20,285,github
https://github.com/kdeldycke/awesome-iam,stars,2021-06-21,286,github
https://github.com/kdeldycke/awesome-iam,stars,2021-06-22,287,github
https://github.com/kdeldycke/awesome-iam,stars,2021-06-24,289,github
https://github.com/kdeldycke/awesome-iam,stars,2021-06-25,290,github
https://github.com/kdeldycke/awesome-iam,stars,2021-06-26,291,github
https://github.com/kdeldycke/awesome-iam,stars,2021-06-30,292,github
https://github.com/kdeldycke/awesome-iam,stars,2021-07-01,293,github
https://github.com/kdeldycke/awesome-iam,stars,2021-07-02,294,github
https://github.com/kdeldycke/awesome-iam,stars,2021-07-04,295,github
https://github.com/kdeldycke/awesome-iam,stars,2021-07-07,296,github
https://github.com/kdeldycke/awesome-iam,stars,2021-07-08,298,github
https://github.com/kdeldycke/awesome-iam,stars,2021-07-09,300,github
https://github.com/kdeldycke/awesome-iam,stars,2021-07-10,301,github
https://github.com/kdeldycke/awesome-iam,stars,2021-07-12,302,github
https://github.com/kdeldycke/awesome-iam,stars,2021-07-13,304,github
https://github.com/kdeldycke/awesome-iam,stars,2021-07-19,305,github
https://github.com/kdeldycke/awesome-iam,stars,2021-07-23,308,github
https://github.com/kdeldycke/awesome-iam,stars,2021-07-27,309,github
https://github.com/kdeldycke/awesome-iam,stars,2021-07-28,310,github
https://github.com/kdeldycke/awesome-iam,stars,2021-07-29,311,github
https://github.com/kdeldycke/awesome-iam,stars,2021-07-30,312,github
https://github.com/kdeldycke/awesome-iam,stars,2021-08-03,327,github
https://github.com/kdeldycke/awesome-iam,stars,2021-08-04,342,github
https://github.com/kdeldycke/awesome-iam,stars,2021-08-05,346,github
https://github.com/kdeldycke/awesome-iam,stars,2021-08-07,347,github
https://github.com/kdeldycke/awesome-iam,stars,2021-08-08,348,github
https://github.com/kdeldycke/awesome-iam,stars,2021-08-09,351,github
https://github.com/kdeldycke/awesome-iam,stars,2021-08-11,353,github
https://github.com/kdeldycke/awesome-iam,stars,2021-08-12,356,github
https://github.com/kdeldycke/awesome-iam,stars,2021-08-13,358,github
https://github.com/kdeldycke/awesome-iam,stars,2021-08-14,359,github
https://github.com/kdeldycke/awesome-iam,stars,2021-08-16,360,github
https://github.com/kdeldycke/awesome-iam,stars,2021-08-18,361,github
https://github.com/kdeldycke/awesome-iam,stars,2021-08-19,363,github
https://github.com/kdeldycke/awesome-iam,stars,2021-08-24,364,github
https://github.com/kdeldycke/awesome-iam,stars,2021-08-25,366,github
https://github.com/kdeldycke/awesome-iam,stars,2021-08-26,368,github
https://github.com/kdeldycke/awesome-iam,stars,2021-08-27,369,github
https://github.com/kdeldycke/awesome-iam,stars,2021-08-28,371,github
https://github.com/kdeldycke/awesome-iam,stars,2021-08-29,374,github
https://github.com/kdeldycke/awesome-iam,stars,2021-09-01,375,github
https://github.com/kdeldycke/awesome-iam,stars,2021-09-02,376,github
https://github.com/kdeldycke/awesome-iam,stars,2021-09-04,377,github
https://github.com/kdeldycke/awesome-iam,stars,2021-09-05,379,github
https://github.com/kdeldycke/awesome-iam,stars,2021-09-06,381,github
https://github.com/kdeldycke/awesome-iam,stars,2021-09-07,383,github
https://github.com/kdeldycke/awesome-iam,stars,2021-09-08,386,github
https://github.com/kdeldycke/awesome-iam,stars,2021-09-09,388,github
https://github.com/kdeldycke/awesome-iam,stars,2021-09-10,390,github
https://github.com/kdeldycke/awesome-iam,stars,2021-09-14,391,github
https://github.com/kdeldycke/awesome-iam,stars,2021-09-17,392,github
https://github.com/kdeldycke/awesome-iam,stars,2021-09-19,395,github
https://github.com/kdeldycke/awesome-iam,stars,2021-09-21,396,github
https://github.com/kdeldycke/awesome-iam,stars,2021-09-22,397,github
https://github.com/kdeldycke/awesome-iam,stars,2021-09-23,399,github
https://github.com/kdeldycke/awesome-iam,stars,2021-09-24,402,github
https://github.com/kdeldycke/awesome-iam,stars,2021-09-26,406,github
https://github.com/kdeldycke/awesome-iam,stars,2021-09-27,407,github
https://github.com/kdeldycke/awesome-iam,stars,2021-09-28,410,github
https://github.com/kdeldycke/awesome-iam,stars,2021-09-30,411,github
https://github.com/kdeldycke/awesome-iam,stars,2021-10-01,412,github
https://github.com/kdeldycke/awesome-iam,stars,2021-10-02,414,github
https://github.com/kdeldycke/awesome-iam,stars,2021-10-03,416,github
https://github.com/kdeldycke/awesome-iam,stars,2021-10-05,417,github
https://github.com/kdeldycke/awesome-iam,stars,2021-10-07,419,github
https://github.com/kdeldycke/awesome-iam,stars,2021-10-08,420,github
https://github.com/kdeldycke/awesome-iam,stars,2021-10-09,424,github
https://github.com/kdeldycke/awesome-iam,stars,2021-10-10,425,github
https://github.com/kdeldycke/awesome-iam,stars,2021-10-11,427,github
https://github.com/kdeldycke/awesome-iam,stars,2021-10-12,428,github
https://github.com/kdeldycke/awesome-iam,stars,2021-10-13,429,github
https://github.com/kdeldycke/awesome-iam,stars,2021-10-14,430,github
https://github.com/kdeldycke/awesome-iam,stars,2021-10-15,431,github
https://github.com/kdeldycke/awesome-iam,stars,2021-10-16,432,github
https://github.com/kdeldycke/awesome-iam,stars,2021-10-17,434,github
https://github.com/kdeldycke/awesome-iam,stars,2021-10-18,439,github
https://github.com/kdeldycke/awesome-iam,stars,2021-10-19,442,github
https://github.com/kdeldycke/awesome-iam,stars,2021-10-20,444,github
https://github.com/kdeldycke/awesome-iam,stars,2021-10-21,445,github
https://github.com/kdeldycke/awesome-iam,stars,2021-10-22,447,github
https://github.com/kdeldycke/awesome-iam,stars,2021-10-23,449,github
https://github.com/kdeldycke/awesome-iam,stars,2021-10-24,450,github
https://github.com/kdeldycke/awesome-iam,stars,2021-10-25,452,github
https://github.com/kdeldycke/awesome-iam,stars,2021-10-26,455,github
https://github.com/kdeldycke/awesome-iam,stars,2021-10-27,456,github
https://github.com/kdeldycke/awesome-iam,stars,2021-10-28,457,github
https://github.com/kdeldycke/awesome-iam,stars,2021-10-29,459,github
https://github.com/kdeldycke/awesome-iam,stars,2021-10-31,460,github
https://github.com/kdeldycke/awesome-iam,stars,2021-11-01,462,github
https://github.com/kdeldycke/awesome-iam,stars,2021-11-03,463,github
https://github.com/kdeldycke/awesome-iam,stars,2021-11-04,468,github
https://github.com/kdeldycke/awesome-iam,stars,2021-11-09,470,github
https://github.com/kdeldycke/awesome-iam,stars,2021-11-10,471,github
https://github.com/kdeldycke/awesome-iam,stars,2021-11-11,472,github
https://github.com/kdeldycke/awesome-iam,stars,2021-11-12,473,github
https://github.com/kdeldycke/awesome-iam,stars,2021-11-16,475,github
https://github.com/kdeldycke/awesome-iam,stars,2021-11-18,478,github
https://github.com/kdeldycke/awesome-iam,stars,2021-11-23,480,github
https://github.com/kdeldycke/awesome-iam,stars,2021-11-27,481,github
https://github.com/kdeldycke/awesome-iam,stars,2021-11-29,482,github
https://github.com/kdeldycke/awesome-iam,stars,2021-11-30,485,github
https://github.com/kdeldycke/awesome-iam,stars,2021-12-01,488,github
https://github.com/kdeldycke/awesome-iam,stars,2021-12-02,489,github
https://github.com/kdeldycke/awesome-iam,stars,2021-12-03,490,github
https://github.com/kdeldycke/awesome-iam,stars,2021-12-04,493,github
https://github.com/kdeldycke/awesome-iam,stars,2021-12-05,494,github
https://github.com/kdeldycke/awesome-iam,stars,2021-12-06,496,github
https://github.com/kdeldycke/awesome-iam,stars,2021-12-07,497,github
https://github.com/kdeldycke/awesome-iam,stars,2021-12-08,498,github
https://github.com/kdeldycke/awesome-iam,stars,2021-12-09,501,github
https://github.com/kdeldycke/awesome-iam,stars,2021-12-13,505,github
https://github.com/kdeldycke/awesome-iam,stars,2021-12-14,506,github
https://github.com/kdeldycke/awesome-iam,stars,2021-12-17,507,github
https://github.com/kdeldycke/awesome-iam,stars,2021-12-19,509,github
https://github.com/kdeldycke/awesome-iam,stars,2021-12-20,511,github
https://github.com/kdeldycke/awesome-iam,stars,2021-12-21,514,github
https://github.com/kdeldycke/awesome-iam,stars,2021-12-22,517,github
https://github.com/kdeldycke/awesome-iam,stars,2021-12-23,519,github
https://github.com/kdeldycke/awesome-iam,stars,2021-12-24,520,github
https://github.com/kdeldycke/awesome-iam,stars,2021-12-28,522,github
https://github.com/kdeldycke/awesome-iam,stars,2021-12-30,524,github
https://github.com/kdeldycke/awesome-iam,stars,2021-12-31,525,github
https://github.com/kdeldycke/awesome-iam,stars,2022-01-02,526,github
https://github.com/kdeldycke/awesome-iam,stars,2022-01-03,529,github
https://github.com/kdeldycke/awesome-iam,stars,2022-01-04,530,github
https://github.com/kdeldycke/awesome-iam,stars,2022-01-05,531,github
https://github.com/kdeldycke/awesome-iam,stars,2022-01-07,533,github
https://github.com/kdeldycke/awesome-iam,stars,2022-01-09,534,github
https://github.com/kdeldycke/awesome-iam,stars,2022-01-10,535,github
https://github.com/kdeldycke/awesome-iam,stars,2022-01-11,536,github
https://github.com/kdeldycke/awesome-iam,stars,2022-01-12,537,github
https://github.com/kdeldycke/awesome-iam,stars,2022-01-13,542,github
https://github.com/kdeldycke/awesome-iam,stars,2022-01-17,544,github
https://github.com/kdeldycke/awesome-iam,stars,2022-01-18,547,github
https://github.com/kdeldycke/awesome-iam,stars,2022-01-19,548,github
https://github.com/kdeldycke/awesome-iam,stars,2022-01-20,549,github
https://github.com/kdeldycke/awesome-iam,stars,2022-01-21,550,github
https://github.com/kdeldycke/awesome-iam,stars,2022-01-22,551,github
https://github.com/kdeldycke/awesome-iam,stars,2022-01-23,552,github
https://github.com/kdeldycke/awesome-iam,stars,2022-01-25,553,github
https://github.com/kdeldycke/awesome-iam,stars,2022-01-27,554,github
https://github.com/kdeldycke/awesome-iam,stars,2022-01-28,555,github
https://github.com/kdeldycke/awesome-iam,stars,2022-01-30,557,github
https://github.com/kdeldycke/awesome-iam,stars,2022-02-01,558,github
https://github.com/kdeldycke/awesome-iam,stars,2022-02-02,561,github
https://github.com/kdeldycke/awesome-iam,stars,2022-02-03,562,github
https://github.com/kdeldycke/awesome-iam,stars,2022-02-07,565,github
https://github.com/kdeldycke/awesome-iam,stars,2022-02-08,567,github
https://github.com/kdeldycke/awesome-iam,stars,2022-02-10,568,github
https://github.com/kdeldycke/awesome-iam,stars,2022-02-11,569,github
https://github.com/kdeldycke/awesome-iam,stars,2022-02-15,571,github
https://github.com/kdeldycke/awesome-iam,stars,2022-02-16,574,github
https://github.com/kdeldycke/awesome-iam,stars,2022-02-18,575,github
https://github.com/kdeldycke/awesome-iam,stars,2022-02-19,576,github
https://github.com/kdeldycke/awesome-iam,stars,2022-02-21,578,github
https://github.com/kdeldycke/awesome-iam,stars,2022-02-23,580,github
https://github.com/kdeldycke/awesome-iam,stars,2022-02-24,581,github
https://github.com/kdeldycke/awesome-iam,stars,2022-02-25,582,github
https://github.com/kdeldycke/awesome-iam,stars,2022-02-26,584,github
https://github.com/kdeldycke/awesome-iam,stars,2022-02-28,585,github
https://github.com/kdeldycke/awesome-iam,stars,2022-03-03,587,github
https://github.com/kdeldycke/awesome-iam,stars,2022-03-07,588,github
https://github.com/kdeldycke/awesome-iam,stars,2022-03-08,590,github
https://github.com/kdeldycke/awesome-iam,stars,2022-03-10,591,github
https://github.com/kdeldycke/awesome-iam,stars,2022-03-12,592,github
https://github.com/kdeldycke/awesome-iam,stars,2022-03-14,594,github
https://github.com/kdeldycke/awesome-iam,stars,2022-03-15,595,github
https://github.com/kdeldycke/awesome-iam,stars,2022-03-16,597,github
https://github.com/kdeldycke/awesome-iam,stars,2022-03-18,599,github
https://github.com/kdeldycke/awesome-iam,stars,2022-03-19,601,github
https://github.com/kdeldycke/awesome-iam,stars,2022-03-20,602,github
https://github.com/kdeldycke/awesome-iam,stars,2022-03-22,603,github
https://github.com/kdeldycke/awesome-iam,stars,2022-03-23,604,github
https://github.com/kdeldycke/awesome-iam,stars,2022-03-24,605,github
https://github.com/kdeldycke/awesome-iam,stars,2022-03-25,608,github
https://github.com/kdeldycke/awesome-iam,stars,2022-03-26,609,github
https://github.com/kdeldycke/awesome-iam,stars,2022-03-27,611,github
https://github.com/kdeldycke/awesome-iam,stars,2022-03-30,612,github
https://github.com/kdeldycke/awesome-iam,stars,2022-03-31,613,github
https://github.com/kdeldycke/awesome-iam,stars,2022-04-04,614,github
https://github.com/kdeldycke/awesome-iam,stars,2022-04-05,615,github
https://github.com/kdeldycke/awesome-iam,stars,2022-04-06,617,github
https://github.com/kdeldycke/awesome-iam,stars,2022-04-07,618,github
https://github.com/kdeldycke/awesome-iam,stars,2022-04-09,620,github
https://github.com/kdeldycke/awesome-iam,stars,2022-04-11,622,github
https://github.com/kdeldycke/awesome-iam,stars,2022-04-12,624,github
https://github.com/kdeldycke/awesome-iam,stars,2022-04-14,629,github
https://github.com/kdeldycke/awesome-iam,stars,2022-04-16,630,github
https://github.com/kdeldycke/awesome-iam,stars,2022-04-18,631,github
https://github.com/kdeldycke/awesome-iam,stars,2022-04-19,632,github
https://github.com/kdeldycke/awesome-iam,stars,2022-04-20,634,github
https://github.com/kdeldycke/awesome-iam,stars,2022-04-21,636,github
https://github.com/kdeldycke/awesome-iam,stars,2022-04-22,638,github
https://github.com/kdeldycke/awesome-iam,stars,2022-04-24,641,github
https://github.com/kdeldycke/awesome-iam,stars,2022-04-26,643,github
https://github.com/kdeldycke/awesome-iam,stars,2022-04-27,644,github
https://github.com/kdeldycke/awesome-iam,stars,2022-04-29,647,github
https://github.com/kdeldycke/awesome-iam,stars,2022-05-02,649,github
https://github.com/kdeldycke/awesome-iam,stars,2022-05-04,650,github
https://github.com/kdeldycke/awesome-iam,stars,2022-05-05,652,github
https://github.com/kdeldycke/awesome-iam,stars,2022-05-06,654,github
https://github.com/kdeldycke/awesome-iam,stars,2022-05-07,655,github
https://github.com/kdeldycke/awesome-iam,stars,2022-05-09,658,github
https://github.com/kdeldycke/awesome-iam,stars,2022-05-10,660,github
https://github.com/kdeldycke/awesome-iam,stars,2022-05-11,664,github
https://github.com/kdeldycke/awesome-iam,stars,2022-05-12,665,github
https://github.com/kdeldycke/awesome-iam,stars,2022-05-14,666,github
https://github.com/kdeldycke/awesome-iam,stars,2022-05-15,668,github
https://github.com/kdeldycke/awesome-iam,stars,2022-05-16,670,github
https://github.com/kdeldycke/awesome-iam,stars,2022-05-17,672,github
https://github.com/kdeldycke/awesome-iam,stars,2022-05-18,674,github
https://github.com/kdeldycke/awesome-iam,stars,2022-05-19,675,github
https://github.com/kdeldycke/awesome-iam,stars,2022-05-20,676,github
https://github.com/kdeldycke/awesome-iam,stars,2022-05-21,679,github
https://github.com/kdeldycke/awesome-iam,stars,2022-05-23,683,github
https://github.com/kdeldycke/awesome-iam,stars,2022-05-24,684,github
https://github.com/kdeldycke/awesome-iam,stars,2022-05-25,686,github
https://github.com/kdeldycke/awesome-iam,stars,2022-05-26,688,github
https://github.com/kdeldycke/awesome-iam,stars,2022-05-29,689,github
https://github.com/kdeldycke/awesome-iam,stars,2022-05-31,690,github
https://github.com/kdeldycke/awesome-iam,stars,2022-06-02,692,github
https://github.com/kdeldycke/awesome-iam,stars,2022-06-03,694,github
https://github.com/kdeldycke/awesome-iam,stars,2022-06-04,696,github
https://github.com/kdeldycke/awesome-iam,stars,2022-06-06,703,github
https://github.com/kdeldycke/awesome-iam,stars,2022-06-07,705,github
https://github.com/kdeldycke/awesome-iam,stars,2022-06-08,706,github
https://github.com/kdeldycke/awesome-iam,stars,2022-06-09,707,github
https://github.com/kdeldycke/awesome-iam,stars,2022-06-10,710,github
https://github.com/kdeldycke/awesome-iam,stars,2022-06-11,711,github
https://github.com/kdeldycke/awesome-iam,stars,2022-06-13,712,github
https://github.com/kdeldycke/awesome-iam,stars,2022-06-15,714,github
https://github.com/kdeldycke/awesome-iam,stars,2022-06-16,715,github
https://github.com/kdeldycke/awesome-iam,stars,2022-06-17,717,github
https://github.com/kdeldycke/awesome-iam,stars,2022-06-19,718,github
https://github.com/kdeldycke/awesome-iam,stars,2022-06-21,720,github
https://github.com/kdeldycke/awesome-iam,stars,2022-06-22,721,github
https://github.com/kdeldycke/awesome-iam,stars,2022-06-23,722,github
https://github.com/kdeldycke/awesome-iam,stars,2022-06-24,723,github
https://github.com/kdeldycke/awesome-iam,stars,2022-06-27,724,github
https://github.com/kdeldycke/awesome-iam,stars,2022-06-28,725,github
https://github.com/kdeldycke/awesome-iam,stars,2022-06-29,726,github
https://github.com/kdeldycke/awesome-iam,stars,2022-06-30,728,github
https://github.com/kdeldycke/awesome-iam,stars,2022-07-01,734,github
https://github.com/kdeldycke/awesome-iam,stars,2022-07-02,739,github
https://github.com/kdeldycke/awesome-iam,stars,2022-07-03,741,github
https://github.com/kdeldycke/awesome-iam,stars,2022-07-04,744,github
https://github.com/kdeldycke/awesome-iam,stars,2022-07-05,745,github
https://github.com/kdeldycke/awesome-iam,stars,2022-07-06,747,github
https://github.com/kdeldycke/awesome-iam,stars,2022-07-08,748,github
https://github.com/kdeldycke/awesome-iam,stars,2022-07-09,751,github
https://github.com/kdeldycke/awesome-iam,stars,2022-07-12,753,github
https://github.com/kdeldycke/awesome-iam,stars,2022-07-13,756,github
https://github.com/kdeldycke/awesome-iam,stars,2022-07-14,758,github
https://github.com/kdeldycke/awesome-iam,stars,2022-07-15,762,github
https://github.com/kdeldycke/awesome-iam,stars,2022-07-16,763,github
https://github.com/kdeldycke/awesome-iam,stars,2022-07-18,765,github
https://github.com/kdeldycke/awesome-iam,stars,2022-07-19,767,github
https://github.com/kdeldycke/awesome-iam,stars,2022-07-21,770,github
https://github.com/kdeldycke/awesome-iam,stars,2022-07-22,773,github
https://github.com/kdeldycke/awesome-iam,stars,2022-07-23,774,github
https://github.com/kdeldycke/awesome-iam,stars,2022-07-25,776,github
https://github.com/kdeldycke/awesome-iam,stars,2022-07-30,777,github
https://github.com/kdeldycke/awesome-iam,stars,2022-07-31,778,github
https://github.com/kdeldycke/awesome-iam,stars,2022-08-02,779,github
https://github.com/kdeldycke/awesome-iam,stars,2022-08-04,780,github
https://github.com/kdeldycke/awesome-iam,stars,2022-08-05,781,github
https://github.com/kdeldycke/awesome-iam,stars,2022-08-09,783,github
https://github.com/kdeldycke/awesome-iam,stars,2022-08-10,786,github
https://github.com/kdeldycke/awesome-iam,stars,2022-08-11,787,github
https://github.com/kdeldycke/awesome-iam,stars,2022-08-12,788,github
https://github.com/kdeldycke/awesome-iam,stars,2022-08-14,789,github
https://github.com/kdeldycke/awesome-iam,stars,2022-08-16,792,github
https://github.com/kdeldycke/awesome-iam,stars,2022-08-17,794,github
https://github.com/kdeldycke/awesome-iam,stars,2022-08-18,796,github
https://github.com/kdeldycke/awesome-iam,stars,2022-08-21,797,github
https://github.com/kdeldycke/awesome-iam,stars,2022-08-22,800,github
https://github.com/kdeldycke/awesome-iam,stars,2022-08-23,801,github
https://github.com/kdeldycke/awesome-iam,stars,2022-08-24,802,github
https://github.com/kdeldycke/awesome-iam,stars,2022-08-25,803,github
https://github.com/kdeldycke/awesome-iam,stars,2022-08-26,805,github
https://github.com/kdeldycke/awesome-iam,stars,2022-09-01,806,github
https://github.com/kdeldycke/awesome-iam,stars,2022-09-02,811,github
https://github.com/kdeldycke/awesome-iam,stars,2022-09-09,812,github
https://github.com/kdeldycke/awesome-iam,stars,2022-09-10,815,github
https://github.com/kdeldycke/awesome-iam,stars,2022-09-13,816,github
https://github.com/kdeldycke/awesome-iam,stars,2022-09-14,818,github
https://github.com/kdeldycke/awesome-iam,stars,2022-09-15,820,github
https://github.com/kdeldycke/awesome-iam,stars,2022-09-16,822,github
https://github.com/kdeldycke/awesome-iam,stars,2022-09-17,823,github
https://github.com/kdeldycke/awesome-iam,stars,2022-09-18,824,github
https://github.com/kdeldycke/awesome-iam,stars,2022-09-19,826,github
https://github.com/kdeldycke/awesome-iam,stars,2022-09-21,828,github
https://github.com/kdeldycke/awesome-iam,stars,2022-09-22,829,github
https://github.com/kdeldycke/awesome-iam,stars,2022-09-23,830,github
https://github.com/kdeldycke/awesome-iam,stars,2022-09-24,831,github
https://github.com/kdeldycke/awesome-iam,stars,2022-09-25,832,github
https://github.com/kdeldycke/awesome-iam,stars,2022-09-28,835,github
https://github.com/kdeldycke/awesome-iam,stars,2022-09-29,837,github
https://github.com/kdeldycke/awesome-iam,stars,2022-09-30,841,github
https://github.com/kdeldycke/awesome-iam,stars,2022-10-03,842,github
https://github.com/kdeldycke/awesome-iam,stars,2022-10-07,843,github
https://github.com/kdeldycke/awesome-iam,stars,2022-10-09,845,github
https://github.com/kdeldycke/awesome-iam,stars,2022-10-10,846,github
https://github.com/kdeldycke/awesome-iam,stars,2022-10-11,848,github
https://github.com/kdeldycke/awesome-iam,stars,2022-10-13,851,github
https://github.com/kdeldycke/awesome-iam,stars,2022-10-14,852,github
https://github.com/kdeldycke/awesome-iam,stars,2022-10-16,853,github
https://github.com/kdeldycke/awesome-iam,stars,2022-10-17,854,github
https://github.com/kdeldycke/awesome-iam,stars,2022-10-18,855,github
https://github.com/kdeldycke/awesome-iam,stars,2022-10-19,856,github
https://github.com/kdeldycke/awesome-iam,stars,2022-10-20,857,github
https://github.com/kdeldycke/awesome-iam,stars,2022-10-21,858,github
https://github.com/kdeldycke/awesome-iam,stars,2022-10-22,862,github
https://github.com/kdeldycke/awesome-iam,stars,2022-10-23,863,github
https://github.com/kdeldycke/awesome-iam,stars,2022-10-24,866,github
https://github.com/kdeldycke/awesome-iam,stars,2022-10-25,869,github
https://github.com/kdeldycke/awesome-iam,stars,2022-10-26,871,github
https://github.com/kdeldycke/awesome-iam,stars,2022-10-27,872,github
https://github.com/kdeldycke/awesome-iam,stars,2022-10-28,875,github
https://github.com/kdeldycke/awesome-iam,stars,2022-10-29,876,github
https://github.com/kdeldycke/awesome-iam,stars,2022-10-30,877,github
https://github.com/kdeldycke/awesome-iam,stars,2022-10-31,880,github
https://github.com/kdeldycke/awesome-iam,stars,2022-11-01,883,github
https://github.com/kdeldycke/awesome-iam,stars,2022-11-03,884,github
https://github.com/kdeldycke/awesome-iam,stars,2022-11-05,885,github
https://github.com/kdeldycke/awesome-iam,stars,2022-11-06,886,github
https://github.com/kdeldycke/awesome-iam,stars,2022-11-07,889,github
https://github.com/kdeldycke/awesome-iam,stars,2022-11-10,890,github
https://github.com/kdeldycke/awesome-iam,stars,2022-11-13,892,github
https://github.com/kdeldycke/awesome-iam,stars,2022-11-15,894,github
https://github.com/kdeldycke/awesome-iam,stars,2022-11-17,895,github
https://github.com/kdeldycke/awesome-iam,stars,2022-11-20,897,github
https://github.com/kdeldycke/awesome-iam,stars,2022-11-22,899,github
https://github.com/kdeldycke/awesome-iam,stars,2022-11-23,903,github
https://github.com/kdeldycke/awesome-iam,stars,2022-11-24,904,github
https://github.com/kdeldycke/awesome-iam,stars,2022-11-26,906,github
https://github.com/kdeldycke/awesome-iam,stars,2022-11-29,908,github
https://github.com/kdeldycke/awesome-iam,stars,2022-11-30,909,github
https://github.com/kdeldycke/awesome-iam,stars,2022-12-02,910,github
https://github.com/kdeldycke/awesome-iam,stars,2022-12-03,912,github
https://github.com/kdeldycke/awesome-iam,stars,2022-12-05,915,github
https://github.com/kdeldycke/awesome-iam,stars,2022-12-06,917,github
https://github.com/kdeldycke/awesome-iam,stars,2022-12-08,919,github
https://github.com/kdeldycke/awesome-iam,stars,2022-12-09,921,github
https://github.com/kdeldycke/awesome-iam,stars,2022-12-10,922,github
https://github.com/kdeldycke/awesome-iam,stars,2022-12-12,923,github
https://github.com/kdeldycke/awesome-iam,stars,2022-12-13,925,github
https://github.com/kdeldycke/awesome-iam,stars,2022-12-14,926,github
https://github.com/kdeldycke/awesome-iam,stars,2022-12-15,927,github
https://github.com/kdeldycke/awesome-iam,stars,2022-12-17,928,github
https://github.com/kdeldycke/awesome-iam,stars,2022-12-21,929,github
https://github.com/kdeldycke/awesome-iam,stars,2022-12-22,930,github
https://github.com/kdeldycke/awesome-iam,stars,2022-12-23,931,github
https://github.com/kdeldycke/awesome-iam,stars,2022-12-24,932,github
https://github.com/kdeldycke/awesome-iam,stars,2022-12-28,933,github
https://github.com/kdeldycke/awesome-iam,stars,2022-12-29,935,github
https://github.com/kdeldycke/awesome-iam,stars,2022-12-30,939,github
https://github.com/kdeldycke/awesome-iam,stars,2022-12-31,943,github
https://github.com/kdeldycke/awesome-iam,stars,2023-01-01,944,github
https://github.com/kdeldycke/awesome-iam,stars,2023-01-03,946,github
https://github.com/kdeldycke/awesome-iam,stars,2023-01-06,949,github
https://github.com/kdeldycke/awesome-iam,stars,2023-01-08,952,github
https://github.com/kdeldycke/awesome-iam,stars,2023-01-09,953,github
https://github.com/kdeldycke/awesome-iam,stars,2023-01-10,955,github
https://github.com/kdeldycke/awesome-iam,stars,2023-01-11,956,github
https://github.com/kdeldycke/awesome-iam,stars,2023-01-12,958,github
https://github.com/kdeldycke/awesome-iam,stars,2023-01-13,959,github
https://github.com/kdeldycke/awesome-iam,stars,2023-01-14,961,github
https://github.com/kdeldycke/awesome-iam,stars,2023-01-15,964,github
https://github.com/kdeldycke/awesome-iam,stars,2023-01-16,965,github
https://github.com/kdeldycke/awesome-iam,stars,2023-01-17,966,github
https://github.com/kdeldycke/awesome-iam,stars,2023-01-18,967,github
https://github.com/kdeldycke/awesome-iam,stars,2023-01-19,969,github
https://github.com/kdeldycke/awesome-iam,stars,2023-01-20,970,github
https://github.com/kdeldycke/awesome-iam,stars,2023-01-21,971,github
https://github.com/kdeldycke/awesome-iam,stars,2023-01-22,972,github
https://github.com/kdeldycke/awesome-iam,stars,2023-01-23,975,github
https://github.com/kdeldycke/awesome-iam,stars,2023-01-24,977,github
https://github.com/kdeldycke/awesome-iam,stars,2023-01-25,979,github
https://github.com/kdeldycke/awesome-iam,stars,2023-01-26,994,github
https://github.com/kdeldycke/awesome-iam,stars,2023-01-27,1005,github
https://github.com/kdeldycke/awesome-iam,stars,2023-01-29,1008,github
https://github.com/kdeldycke/awesome-iam,stars,2023-01-30,1009,github
https://github.com/kdeldycke/awesome-iam,stars,2023-01-31,1011,github
https://github.com/kdeldycke/awesome-iam,stars,2023-02-02,1015,github
https://github.com/kdeldycke/awesome-iam,stars,2023-02-03,1016,github
https://github.com/kdeldycke/awesome-iam,stars,2023-02-04,1017,github
https://github.com/kdeldycke/awesome-iam,stars,2023-02-05,1018,github
https://github.com/kdeldycke/awesome-iam,stars,2023-02-06,1020,github
https://github.com/kdeldycke/awesome-iam,stars,2023-02-07,1022,github
https://github.com/kdeldycke/awesome-iam,stars,2023-02-08,1023,github
https://github.com/kdeldycke/awesome-iam,stars,2023-02-09,1025,github
https://github.com/kdeldycke/awesome-iam,stars,2023-02-10,1027,github
https://github.com/kdeldycke/awesome-iam,stars,2023-02-13,1028,github
https://github.com/kdeldycke/awesome-iam,stars,2023-02-15,1030,github
https://github.com/kdeldycke/awesome-iam,stars,2023-02-18,1031,github
https://github.com/kdeldycke/awesome-iam,stars,2023-02-20,1033,github
https://github.com/kdeldycke/awesome-iam,stars,2023-02-21,1035,github
https://github.com/kdeldycke/awesome-iam,stars,2023-02-23,1036,github
https://github.com/kdeldycke/awesome-iam,stars,2023-02-24,1037,github
https://github.com/kdeldycke/awesome-iam,stars,2023-02-25,1041,github
https://github.com/kdeldycke/awesome-iam,stars,2023-02-26,1043,github
https://github.com/kdeldycke/awesome-iam,stars,2023-03-01,1044,github
https://github.com/kdeldycke/awesome-iam,stars,2023-03-03,1046,github
https://github.com/kdeldycke/awesome-iam,stars,2023-03-04,1047,github
https://github.com/kdeldycke/awesome-iam,stars,2023-03-05,1048,github
https://github.com/kdeldycke/awesome-iam,stars,2023-03-06,1049,github
https://github.com/kdeldycke/awesome-iam,stars,2023-03-07,1051,github
https://github.com/kdeldycke/awesome-iam,stars,2023-03-08,1053,github
https://github.com/kdeldycke/awesome-iam,stars,2023-03-09,1054,github
https://github.com/kdeldycke/awesome-iam,stars,2023-03-10,1055,github
https://github.com/kdeldycke/awesome-iam,stars,2023-03-11,1059,github
https://github.com/kdeldycke/awesome-iam,stars,2023-03-12,1060,github
https://github.com/kdeldycke/awesome-iam,stars,2023-03-13,1064,github
https://github.com/kdeldycke/awesome-iam,stars,2023-03-17,1066,github
https://github.com/kdeldycke/awesome-iam,stars,2023-03-18,1068,github
https://github.com/kdeldycke/awesome-iam,stars,2023-03-19,1069,github
https://github.com/kdeldycke/awesome-iam,stars,2023-03-20,1071,github
https://github.com/kdeldycke/awesome-iam,stars,2023-03-21,1072,github
https://github.com/kdeldycke/awesome-iam,stars,2023-03-22,1073,github
https://github.com/kdeldycke/awesome-iam,stars,2023-03-23,1076,github
https://github.com/kdeldycke/awesome-iam,stars,2023-03-24,1077,github
https://github.com/kdeldycke/awesome-iam,stars,2023-03-26,1078,github
https://github.com/kdeldycke/awesome-iam,stars,2023-03-27,1079,github
https://github.com/kdeldycke/awesome-iam,stars,2023-03-28,1081,github
https://github.com/kdeldycke/awesome-iam,stars,2023-03-30,1082,github
https://github.com/kdeldycke/awesome-iam,stars,2023-03-31,1085,github
https://github.com/kdeldycke/awesome-iam,stars,2023-04-01,1086,github
https://github.com/kdeldycke/awesome-iam,stars,2023-04-03,1087,github
https://github.com/kdeldycke/awesome-iam,stars,2023-04-06,1089,github
https://github.com/kdeldycke/awesome-iam,stars,2023-04-10,1090,github
https://github.com/kdeldycke/awesome-iam,stars,2023-04-11,1092,github
https://github.com/kdeldycke/awesome-iam,stars,2023-04-13,1094,github
https://github.com/kdeldycke/awesome-iam,stars,2023-04-15,1095,github
https://github.com/kdeldycke/awesome-iam,stars,2023-04-16,1096,github
https://github.com/kdeldycke/awesome-iam,stars,2023-04-17,1097,github
https://github.com/kdeldycke/awesome-iam,stars,2023-04-25,1098,github
https://github.com/kdeldycke/awesome-iam,stars,2023-04-26,1101,github
https://github.com/kdeldycke/awesome-iam,stars,2023-04-27,1106,github
https://github.com/kdeldycke/awesome-iam,stars,2023-04-28,1108,github
https://github.com/kdeldycke/awesome-iam,stars,2023-04-29,1109,github
https://github.com/kdeldycke/awesome-iam,stars,2023-05-02,1110,github
https://github.com/kdeldycke/awesome-iam,stars,2023-05-03,1113,github
https://github.com/kdeldycke/awesome-iam,stars,2023-05-04,1115,github
https://github.com/kdeldycke/awesome-iam,stars,2023-05-05,1118,github
https://github.com/kdeldycke/awesome-iam,stars,2023-05-06,1119,github
https://github.com/kdeldycke/awesome-iam,stars,2023-05-07,1121,github
https://github.com/kdeldycke/awesome-iam,stars,2023-05-08,1123,github
https://github.com/kdeldycke/awesome-iam,stars,2023-05-09,1127,github
https://github.com/kdeldycke/awesome-iam,stars,2023-05-10,1137,github
https://github.com/kdeldycke/awesome-iam,stars,2023-05-11,1149,github
https://github.com/kdeldycke/awesome-iam,stars,2023-05-12,1151,github
https://github.com/kdeldycke/awesome-iam,stars,2023-05-13,1153,github
https://github.com/kdeldycke/awesome-iam,stars,2023-05-16,1156,github
https://github.com/kdeldycke/awesome-iam,stars,2023-05-17,1158,github
https://github.com/kdeldycke/awesome-iam,stars,2023-05-18,1160,github
https://github.com/kdeldycke/awesome-iam,stars,2023-05-19,1161,github
https://github.com/kdeldycke/awesome-iam,stars,2023-05-21,1162,github
https://github.com/kdeldycke/awesome-iam,stars,2023-05-22,1163,github
https://github.com/kdeldycke/awesome-iam,stars,2023-05-24,1166,github
https://github.com/kdeldycke/awesome-iam,stars,2023-05-25,1167,github
https://github.com/kdeldycke/awesome-iam,stars,2023-05-27,1168,github
https://github.com/kdeldycke/awesome-iam,stars,2023-05-30,1170,github
https://github.com/kdeldycke/awesome-iam,stars,2023-06-01,1172,github
https://github.com/kdeldycke/awesome-iam,stars,2023-06-02,1175,github
https://github.com/kdeldycke/awesome-iam,stars,2023-06-04,1176,github
https://github.com/kdeldycke/awesome-iam,stars,2023-06-05,1178,github
https://github.com/kdeldycke/awesome-iam,stars,2023-06-06,1179,github
https://github.com/kdeldycke/awesome-iam,stars,2023-06-09,1182,github
https://github.com/kdeldycke/awesome-iam,stars,2023-06-10,1183,github
https://github.com/kdeldycke/awesome-iam,stars,2023-06-12,1187,github
https://github.com/kdeldycke/awesome-iam,stars,2023-06-13,1189,github
https://github.com/kdeldycke/awesome-iam,stars,2023-06-15,1190,github
https://github.com/kdeldycke/awesome-iam,stars,2023-06-16,1193,github
https://github.com/kdeldycke/awesome-iam,stars,2023-06-17,1196,github
https://github.com/kdeldycke/awesome-iam,stars,2023-06-18,1197,github
https://github.com/kdeldycke/awesome-iam,stars,2023-06-19,1198,github
https://github.com/kdeldycke/awesome-iam,stars,2023-06-21,1201,github
https://github.com/kdeldycke/awesome-iam,stars,2023-06-22,1202,github
https://github.com/kdeldycke/awesome-iam,stars,2023-06-23,1203,github
https://github.com/kdeldycke/awesome-iam,stars,2023-06-24,1204,github
https://github.com/kdeldycke/awesome-iam,stars,2023-06-25,1206,github
https://github.com/kdeldycke/awesome-iam,stars,2023-06-26,1207,github
https://github.com/kdeldycke/awesome-iam,stars,2023-06-27,1209,github
https://github.com/kdeldycke/awesome-iam,stars,2023-06-29,1210,github
https://github.com/kdeldycke/awesome-iam,stars,2023-07-02,1211,github
https://github.com/kdeldycke/awesome-iam,stars,2023-07-03,1212,github
https://github.com/kdeldycke/awesome-iam,stars,2023-07-04,1213,github
https://github.com/kdeldycke/awesome-iam,stars,2023-07-05,1215,github
https://github.com/kdeldycke/awesome-iam,stars,2023-07-08,1216,github
https://github.com/kdeldycke/awesome-iam,stars,2023-07-11,1217,github
https://github.com/kdeldycke/awesome-iam,stars,2023-07-12,1219,github
https://github.com/kdeldycke/awesome-iam,stars,2023-07-13,1220,github
https://github.com/kdeldycke/awesome-iam,stars,2023-07-14,1222,github
https://github.com/kdeldycke/awesome-iam,stars,2023-07-18,1223,github
https://github.com/kdeldycke/awesome-iam,stars,2023-07-24,1225,github
https://github.com/kdeldycke/awesome-iam,stars,2023-07-25,1226,github
https://github.com/kdeldycke/awesome-iam,stars,2023-07-27,1228,github
https://github.com/kdeldycke/awesome-iam,stars,2023-07-30,1229,github
https://github.com/kdeldycke/awesome-iam,stars,2023-07-31,1230,github
https://github.com/kdeldycke/awesome-iam,stars,2023-08-02,1231,github
https://github.com/kdeldycke/awesome-iam,stars,2023-08-03,1233,github
https://github.com/kdeldycke/awesome-iam,stars,2023-08-04,1234,github
https://github.com/kdeldycke/awesome-iam,stars,2023-08-07,1237,github
https://github.com/kdeldycke/awesome-iam,stars,2023-08-08,1239,github
https://github.com/kdeldycke/awesome-iam,stars,2023-08-10,1241,github
https://github.com/kdeldycke/awesome-iam,stars,2023-08-11,1242,github
https://github.com/kdeldycke/awesome-iam,stars,2023-08-12,1245,github
https://github.com/kdeldycke/awesome-iam,stars,2023-08-13,1246,github
https://github.com/kdeldycke/awesome-iam,stars,2023-08-14,1248,github
https://github.com/kdeldycke/awesome-iam,stars,2023-08-16,1250,github
https://github.com/kdeldycke/awesome-iam,stars,2023-08-17,1254,github
https://github.com/kdeldycke/awesome-iam,stars,2023-08-18,1255,github
https://github.com/kdeldycke/awesome-iam,stars,2023-08-19,1256,github
https://github.com/kdeldycke/awesome-iam,stars,2023-08-21,1257,github
https://github.com/kdeldycke/awesome-iam,stars,2023-08-24,1259,github
https://github.com/kdeldycke/awesome-iam,stars,2023-08-25,1261,github
https://github.com/kdeldycke/awesome-iam,stars,2023-08-26,1262,github
https://github.com/kdeldycke/awesome-iam,stars,2023-08-28,1263,github
https://github.com/kdeldycke/awesome-iam,stars,2023-08-29,1265,github
https://github.com/kdeldycke/awesome-iam,stars,2023-08-30,1267,github
https://github.com/kdeldycke/awesome-iam,stars,2023-08-31,1268,github
https://github.com/kdeldycke/awesome-iam,stars,2023-09-04,1270,github
https://github.com/kdeldycke/awesome-iam,stars,2023-09-05,1271,github
https://github.com/kdeldycke/awesome-iam,stars,2023-09-06,1273,github
https://github.com/kdeldycke/awesome-iam,stars,2023-09-08,1276,github
https://github.com/kdeldycke/awesome-iam,stars,2023-09-11,1277,github
https://github.com/kdeldycke/awesome-iam,stars,2023-09-13,1278,github
https://github.com/kdeldycke/awesome-iam,stars,2023-09-14,1279,github
https://github.com/kdeldycke/awesome-iam,stars,2023-09-16,1280,github
https://github.com/kdeldycke/awesome-iam,stars,2023-09-17,1281,github
https://github.com/kdeldycke/awesome-iam,stars,2023-09-18,1283,github
https://github.com/kdeldycke/awesome-iam,stars,2023-09-19,1285,github
https://github.com/kdeldycke/awesome-iam,stars,2023-09-20,1286,github
https://github.com/kdeldycke/awesome-iam,stars,2023-09-21,1287,github
https://github.com/kdeldycke/awesome-iam,stars,2023-09-23,1289,github
https://github.com/kdeldycke/awesome-iam,stars,2023-09-24,1291,github
https://github.com/kdeldycke/awesome-iam,stars,2023-09-26,1292,github
https://github.com/kdeldycke/awesome-iam,stars,2023-09-28,1294,github
https://github.com/kdeldycke/awesome-iam,stars,2023-09-29,1295,github
https://github.com/kdeldycke/awesome-iam,stars,2023-10-01,1296,github
https://github.com/kdeldycke/awesome-iam,stars,2023-10-02,1297,github
https://github.com/kdeldycke/awesome-iam,stars,2023-10-03,1299,github
https://github.com/kdeldycke/awesome-iam,stars,2023-10-05,1300,github
https://github.com/kdeldycke/awesome-iam,stars,2023-10-06,1301,github
https://github.com/kdeldycke/awesome-iam,stars,2023-10-08,1302,github
https://github.com/kdeldycke/awesome-iam,stars,2023-10-09,1303,github
https://github.com/kdeldycke/awesome-iam,stars,2023-10-10,1304,github
https://github.com/kdeldycke/awesome-iam,stars,2023-10-11,1305,github
https://github.com/kdeldycke/awesome-iam,stars,2023-10-13,1306,github
https://github.com/kdeldycke/awesome-iam,stars,2023-10-14,1307,github
https://github.com/kdeldycke/awesome-iam,stars,2023-10-15,1308,github
https://github.com/kdeldycke/awesome-iam,stars,2023-10-17,1309,github
https://github.com/kdeldycke/awesome-iam,stars,2023-10-18,1312,github
https://github.com/kdeldycke/awesome-iam,stars,2023-10-19,1315,github
https://github.com/kdeldycke/awesome-iam,stars,2023-10-20,1317,github
https://github.com/kdeldycke/awesome-iam,stars,2023-10-21,1318,github
https://github.com/kdeldycke/awesome-iam,stars,2023-10-22,1321,github
https://github.com/kdeldycke/awesome-iam,stars,2023-10-24,1324,github
https://github.com/kdeldycke/awesome-iam,stars,2023-10-25,1327,github
https://github.com/kdeldycke/awesome-iam,stars,2023-10-26,1328,github
https://github.com/kdeldycke/awesome-iam,stars,2023-10-31,1330,github
https://github.com/kdeldycke/awesome-iam,stars,2023-11-03,1333,github
https://github.com/kdeldycke/awesome-iam,stars,2023-11-04,1335,github
https://github.com/kdeldycke/awesome-iam,stars,2023-11-05,1336,github
https://github.com/kdeldycke/awesome-iam,stars,2023-11-10,1338,github
https://github.com/kdeldycke/awesome-iam,stars,2023-11-11,1340,github
https://github.com/kdeldycke/awesome-iam,stars,2023-11-12,1341,github
https://github.com/kdeldycke/awesome-iam,stars,2023-11-13,1343,github
https://github.com/kdeldycke/awesome-iam,stars,2023-11-16,1344,github
https://github.com/kdeldycke/awesome-iam,stars,2023-11-17,1346,github
https://github.com/kdeldycke/awesome-iam,stars,2023-11-19,1348,github
https://github.com/kdeldycke/awesome-iam,stars,2023-11-20,1349,github
https://github.com/kdeldycke/awesome-iam,stars,2023-11-21,1351,github
https://github.com/kdeldycke/awesome-iam,stars,2023-11-22,1352,github
https://github.com/kdeldycke/awesome-iam,stars,2023-11-23,1355,github
https://github.com/kdeldycke/awesome-iam,stars,2023-11-27,1356,github
https://github.com/kdeldycke/awesome-iam,stars,2023-11-28,1358,github
https://github.com/kdeldycke/awesome-iam,stars,2023-11-29,1359,github
https://github.com/kdeldycke/awesome-iam,stars,2023-11-30,1360,github
https://github.com/kdeldycke/awesome-iam,stars,2023-12-01,1361,github
https://github.com/kdeldycke/awesome-iam,stars,2023-12-02,1363,github
https://github.com/kdeldycke/awesome-iam,stars,2023-12-04,1366,github
https://github.com/kdeldycke/awesome-iam,stars,2023-12-07,1368,github
https://github.com/kdeldycke/awesome-iam,stars,2023-12-08,1369,github
https://github.com/kdeldycke/awesome-iam,stars,2023-12-09,1370,github
https://github.com/kdeldycke/awesome-iam,stars,2023-12-10,1372,github
https://github.com/kdeldycke/awesome-iam,stars,2023-12-11,1373,github
https://github.com/kdeldycke/awesome-iam,stars,2023-12-12,1374,github
https://github.com/kdeldycke/awesome-iam,stars,2023-12-13,1375,github
https://github.com/kdeldycke/awesome-iam,stars,2023-12-14,1377,github
https://github.com/kdeldycke/awesome-iam,stars,2023-12-15,1379,github
https://github.com/kdeldycke/awesome-iam,stars,2023-12-16,1380,github
https://github.com/kdeldycke/awesome-iam,stars,2023-12-17,1382,github
https://github.com/kdeldycke/awesome-iam,stars,2023-12-18,1384,github
https://github.com/kdeldycke/awesome-iam,stars,2023-12-20,1385,github
https://github.com/kdeldycke/awesome-iam,stars,2023-12-21,1386,github
https://github.com/kdeldycke/awesome-iam,stars,2023-12-24,1387,github
https://github.com/kdeldycke/awesome-iam,stars,2023-12-28,1388,github
https://github.com/kdeldycke/awesome-iam,stars,2024-01-01,1389,github
https://github.com/kdeldycke/awesome-iam,stars,2024-01-03,1391,github
https://github.com/kdeldycke/awesome-iam,stars,2024-01-06,1392,github
https://github.com/kdeldycke/awesome-iam,stars,2024-01-10,1393,github
https://github.com/kdeldycke/awesome-iam,stars,2024-01-11,1394,github
https://github.com/kdeldycke/awesome-iam,stars,2024-01-12,1396,github
https://github.com/kdeldycke/awesome-iam,stars,2024-01-15,1397,github
https://github.com/kdeldycke/awesome-iam,stars,2024-01-19,1398,github
https://github.com/kdeldycke/awesome-iam,stars,2024-01-21,1399,github
https://github.com/kdeldycke/awesome-iam,stars,2024-01-22,1404,github
https://github.com/kdeldycke/awesome-iam,stars,2024-01-24,1405,github
https://github.com/kdeldycke/awesome-iam,stars,2024-01-25,1406,github
https://github.com/kdeldycke/awesome-iam,stars,2024-01-28,1410,github
https://github.com/kdeldycke/awesome-iam,stars,2024-01-29,1415,github
https://github.com/kdeldycke/awesome-iam,stars,2024-01-30,1417,github
https://github.com/kdeldycke/awesome-iam,stars,2024-02-01,1423,github
https://github.com/kdeldycke/awesome-iam,stars,2024-02-02,1425,github
https://github.com/kdeldycke/awesome-iam,stars,2024-02-03,1426,github
https://github.com/kdeldycke/awesome-iam,stars,2024-02-05,1427,github
https://github.com/kdeldycke/awesome-iam,stars,2024-02-06,1429,github
https://github.com/kdeldycke/awesome-iam,stars,2024-02-07,1433,github
https://github.com/kdeldycke/awesome-iam,stars,2024-02-08,1434,github
https://github.com/kdeldycke/awesome-iam,stars,2024-02-10,1435,github
https://github.com/kdeldycke/awesome-iam,stars,2024-02-12,1436,github
https://github.com/kdeldycke/awesome-iam,stars,2024-02-13,1437,github
https://github.com/kdeldycke/awesome-iam,stars,2024-02-14,1438,github
https://github.com/kdeldycke/awesome-iam,stars,2024-02-15,1440,github
https://github.com/kdeldycke/awesome-iam,stars,2024-02-16,1441,github
https://github.com/kdeldycke/awesome-iam,stars,2024-02-17,1443,github
https://github.com/kdeldycke/awesome-iam,stars,2024-02-19,1447,github
https://github.com/kdeldycke/awesome-iam,stars,2024-02-20,1448,github
https://github.com/kdeldycke/awesome-iam,stars,2024-02-21,1449,github
https://github.com/kdeldycke/awesome-iam,stars,2024-02-22,1450,github
https://github.com/kdeldycke/awesome-iam,stars,2024-02-23,1452,github
https://github.com/kdeldycke/awesome-iam,stars,2024-02-24,1453,github
https://github.com/kdeldycke/awesome-iam,stars,2024-02-25,1455,github
https://github.com/kdeldycke/awesome-iam,stars,2024-02-26,1456,github
https://github.com/kdeldycke/awesome-iam,stars,2024-02-27,1458,github
https://github.com/kdeldycke/awesome-iam,stars,2024-02-28,1463,github
https://github.com/kdeldycke/awesome-iam,stars,2024-03-02,1464,github
https://github.com/kdeldycke/awesome-iam,stars,2024-03-03,1465,github
https://github.com/kdeldycke/awesome-iam,stars,2024-03-04,1467,github
https://github.com/kdeldycke/awesome-iam,stars,2024-03-07,1469,github
https://github.com/kdeldycke/awesome-iam,stars,2024-03-08,1470,github
https://github.com/kdeldycke/awesome-iam,stars,2024-03-09,1473,github
https://github.com/kdeldycke/awesome-iam,stars,2024-03-14,1476,github
https://github.com/kdeldycke/awesome-iam,stars,2024-03-15,1478,github
https://github.com/kdeldycke/awesome-iam,stars,2024-03-18,1480,github
https://github.com/kdeldycke/awesome-iam,stars,2024-03-19,1482,github
https://github.com/kdeldycke/awesome-iam,stars,2024-03-20,1483,github
https://github.com/kdeldycke/awesome-iam,stars,2024-03-21,1486,github
https://github.com/kdeldycke/awesome-iam,stars,2024-03-22,1489,github
https://github.com/kdeldycke/awesome-iam,stars,2024-03-23,1490,github
https://github.com/kdeldycke/awesome-iam,stars,2024-03-24,1491,github
https://github.com/kdeldycke/awesome-iam,stars,2024-03-25,1493,github
https://github.com/kdeldycke/awesome-iam,stars,2024-03-26,1494,github
https://github.com/kdeldycke/awesome-iam,stars,2024-03-27,1495,github
https://github.com/kdeldycke/awesome-iam,stars,2024-03-29,1498,github
https://github.com/kdeldycke/awesome-iam,stars,2024-04-01,1500,github
https://github.com/kdeldycke/awesome-iam,stars,2024-04-02,1502,github
https://github.com/kdeldycke/awesome-iam,stars,2024-04-03,1504,github
https://github.com/kdeldycke/awesome-iam,stars,2024-04-07,1505,github
https://github.com/kdeldycke/awesome-iam,stars,2024-04-09,1506,github
https://github.com/kdeldycke/awesome-iam,stars,2024-04-10,1507,github
https://github.com/kdeldycke/awesome-iam,stars,2024-04-11,1508,github
https://github.com/kdeldycke/awesome-iam,stars,2024-04-12,1509,github
https://github.com/kdeldycke/awesome-iam,stars,2024-04-14,1512,github
https://github.com/kdeldycke/awesome-iam,stars,2024-04-16,1514,github
https://github.com/kdeldycke/awesome-iam,stars,2024-04-18,1517,github
https://github.com/kdeldycke/awesome-iam,stars,2024-04-19,1519,github
https://github.com/kdeldycke/awesome-iam,stars,2024-04-20,1520,github
https://github.com/kdeldycke/awesome-iam,stars,2024-04-21,1521,github
https://github.com/kdeldycke/awesome-iam,stars,2024-04-22,1522,github
https://github.com/kdeldycke/awesome-iam,stars,2024-04-23,1524,github
https://github.com/kdeldycke/awesome-iam,stars,2024-04-24,1525,github
https://github.com/kdeldycke/awesome-iam,stars,2024-04-25,1527,github
https://github.com/kdeldycke/awesome-iam,stars,2024-04-26,1529,github
https://github.com/kdeldycke/awesome-iam,stars,2024-04-27,1530,github
https://github.com/kdeldycke/awesome-iam,stars,2024-04-28,1531,github
https://github.com/kdeldycke/awesome-iam,stars,2024-04-30,1532,github
https://github.com/kdeldycke/awesome-iam,stars,2024-05-01,1534,github
https://github.com/kdeldycke/awesome-iam,stars,2024-05-03,1536,github
https://github.com/kdeldycke/awesome-iam,stars,2024-05-04,1537,github
https://github.com/kdeldycke/awesome-iam,stars,2024-05-05,1538,github
https://github.com/kdeldycke/awesome-iam,stars,2024-05-06,1541,github
https://github.com/kdeldycke/awesome-iam,stars,2024-05-08,1542,github
https://github.com/kdeldycke/awesome-iam,stars,2024-05-10,1544,github
https://github.com/kdeldycke/awesome-iam,stars,2024-05-15,1546,github
https://github.com/kdeldycke/awesome-iam,stars,2024-05-16,1549,github
https://github.com/kdeldycke/awesome-iam,stars,2024-05-21,1550,github
https://github.com/kdeldycke/awesome-iam,stars,2024-05-24,1552,github
https://github.com/kdeldycke/awesome-iam,stars,2024-05-25,1554,github
https://github.com/kdeldycke/awesome-iam,stars,2024-05-27,1557,github
https://github.com/kdeldycke/awesome-iam,stars,2024-05-28,1559,github
https://github.com/kdeldycke/awesome-iam,stars,2024-05-29,1561,github
https://github.com/kdeldycke/awesome-iam,stars,2024-05-30,1564,github
https://github.com/kdeldycke/awesome-iam,stars,2024-05-31,1566,github
https://github.com/kdeldycke/awesome-iam,stars,2024-06-02,1567,github
https://github.com/kdeldycke/awesome-iam,stars,2024-06-04,1569,github
https://github.com/kdeldycke/awesome-iam,stars,2024-06-07,1573,github
https://github.com/kdeldycke/awesome-iam,stars,2024-06-09,1574,github
https://github.com/kdeldycke/awesome-iam,stars,2024-06-10,1576,github
https://github.com/kdeldycke/awesome-iam,stars,2024-06-11,1578,github
https://github.com/kdeldycke/awesome-iam,stars,2024-06-12,1580,github
https://github.com/kdeldycke/awesome-iam,stars,2024-06-14,1582,github
https://github.com/kdeldycke/awesome-iam,stars,2024-06-17,1583,github
https://github.com/kdeldycke/awesome-iam,stars,2024-06-18,1584,github
https://github.com/kdeldycke/awesome-iam,stars,2024-06-21,1586,github
https://github.com/kdeldycke/awesome-iam,stars,2024-06-23,1588,github
https://github.com/kdeldycke/awesome-iam,stars,2024-06-24,1591,github
https://github.com/kdeldycke/awesome-iam,stars,2024-06-25,1593,github
https://github.com/kdeldycke/awesome-iam,stars,2024-06-26,1594,github
https://github.com/kdeldycke/awesome-iam,stars,2024-06-28,1595,github
https://github.com/kdeldycke/awesome-iam,stars,2024-06-29,1596,github
https://github.com/kdeldycke/awesome-iam,stars,2024-07-02,1597,github
https://github.com/kdeldycke/awesome-iam,stars,2024-07-03,1598,github
https://github.com/kdeldycke/awesome-iam,stars,2024-07-06,1599,github
https://github.com/kdeldycke/awesome-iam,stars,2024-07-08,1600,github
https://github.com/kdeldycke/awesome-iam,stars,2024-07-10,1601,github
https://github.com/kdeldycke/awesome-iam,stars,2024-07-11,1602,github
https://github.com/kdeldycke/awesome-iam,stars,2024-07-12,1604,github
https://github.com/kdeldycke/awesome-iam,stars,2024-07-14,1605,github
https://github.com/kdeldycke/awesome-iam,stars,2024-07-15,1608,github
https://github.com/kdeldycke/awesome-iam,stars,2024-07-16,1609,github
https://github.com/kdeldycke/awesome-iam,stars,2024-07-17,1610,github
https://github.com/kdeldycke/awesome-iam,stars,2024-07-18,1611,github
https://github.com/kdeldycke/awesome-iam,stars,2024-07-19,1612,github
https://github.com/kdeldycke/awesome-iam,stars,2024-07-20,1614,github
https://github.com/kdeldycke/awesome-iam,stars,2024-07-22,1615,github
https://github.com/kdeldycke/awesome-iam,stars,2024-07-23,1616,github
https://github.com/kdeldycke/awesome-iam,stars,2024-07-26,1618,github
https://github.com/kdeldycke/awesome-iam,stars,2024-07-27,1619,github
https://github.com/kdeldycke/awesome-iam,stars,2024-07-28,1621,github
https://github.com/kdeldycke/awesome-iam,stars,2024-07-29,1622,github
https://github.com/kdeldycke/awesome-iam,stars,2024-07-30,1623,github
https://github.com/kdeldycke/awesome-iam,stars,2024-07-31,1626,github
https://github.com/kdeldycke/awesome-iam,stars,2024-08-01,1627,github
https://github.com/kdeldycke/awesome-iam,stars,2024-08-03,1628,github
https://github.com/kdeldycke/awesome-iam,stars,2024-08-04,1630,github
https://github.com/kdeldycke/awesome-iam,stars,2024-08-07,1631,github
https://github.com/kdeldycke/awesome-iam,stars,2024-08-09,1633,github
https://github.com/kdeldycke/awesome-iam,stars,2024-08-11,1634,github
https://github.com/kdeldycke/awesome-iam,stars,2024-08-14,1639,github
https://github.com/kdeldycke/awesome-iam,stars,2024-08-15,1641,github
https://github.com/kdeldycke/awesome-iam,stars,2024-08-16,1642,github
https://github.com/kdeldycke/awesome-iam,stars,2024-08-17,1643,github
https://github.com/kdeldycke/awesome-iam,stars,2024-08-19,1644,github
https://github.com/kdeldycke/awesome-iam,stars,2024-08-20,1645,github
https://github.com/kdeldycke/awesome-iam,stars,2024-08-22,1647,github
https://github.com/kdeldycke/awesome-iam,stars,2024-08-23,1648,github
https://github.com/kdeldycke/awesome-iam,stars,2024-08-25,1649,github
https://github.com/kdeldycke/awesome-iam,stars,2024-08-30,1650,github
https://github.com/kdeldycke/awesome-iam,stars,2024-08-31,1651,github
https://github.com/kdeldycke/awesome-iam,stars,2024-09-03,1654,github
https://github.com/kdeldycke/awesome-iam,stars,2024-09-04,1655,github
https://github.com/kdeldycke/awesome-iam,stars,2024-09-05,1657,github
https://github.com/kdeldycke/awesome-iam,stars,2024-09-06,1660,github
https://github.com/kdeldycke/awesome-iam,stars,2024-09-07,1661,github
https://github.com/kdeldycke/awesome-iam,stars,2024-09-10,1663,github
https://github.com/kdeldycke/awesome-iam,stars,2024-09-12,1664,github
https://github.com/kdeldycke/awesome-iam,stars,2024-09-14,1665,github
https://github.com/kdeldycke/awesome-iam,stars,2024-09-17,1667,github
https://github.com/kdeldycke/awesome-iam,stars,2024-09-19,1668,github
https://github.com/kdeldycke/awesome-iam,stars,2024-09-20,1670,github
https://github.com/kdeldycke/awesome-iam,stars,2024-09-23,1671,github
https://github.com/kdeldycke/awesome-iam,stars,2024-09-25,1672,github
https://github.com/kdeldycke/awesome-iam,stars,2024-09-26,1673,github
https://github.com/kdeldycke/awesome-iam,stars,2024-09-27,1674,github
https://github.com/kdeldycke/awesome-iam,stars,2024-09-29,1676,github
https://github.com/kdeldycke/awesome-iam,stars,2024-09-30,1677,github
https://github.com/kdeldycke/awesome-iam,stars,2024-10-03,1679,github
https://github.com/kdeldycke/awesome-iam,stars,2024-10-07,1681,github
https://github.com/kdeldycke/awesome-iam,stars,2024-10-09,1684,github
https://github.com/kdeldycke/awesome-iam,stars,2024-10-10,1685,github
https://github.com/kdeldycke/awesome-iam,stars,2024-10-11,1686,github
https://github.com/kdeldycke/awesome-iam,stars,2024-10-13,1689,github
https://github.com/kdeldycke/awesome-iam,stars,2024-10-15,1690,github
https://github.com/kdeldycke/awesome-iam,stars,2024-10-17,1693,github
https://github.com/kdeldycke/awesome-iam,stars,2024-10-22,1695,github
https://github.com/kdeldycke/awesome-iam,stars,2024-10-23,1697,github
https://github.com/kdeldycke/awesome-iam,stars,2024-10-25,1698,github
https://github.com/kdeldycke/awesome-iam,stars,2024-10-26,1699,github
https://github.com/kdeldycke/awesome-iam,stars,2024-10-27,1700,github
https://github.com/kdeldycke/awesome-iam,stars,2024-10-28,1701,github
https://github.com/kdeldycke/awesome-iam,stars,2024-10-29,1702,github
https://github.com/kdeldycke/awesome-iam,stars,2024-10-30,1703,github
https://github.com/kdeldycke/awesome-iam,stars,2024-10-31,1704,github
https://github.com/kdeldycke/awesome-iam,stars,2024-11-02,1705,github
https://github.com/kdeldycke/awesome-iam,stars,2024-11-04,1707,github
https://github.com/kdeldycke/awesome-iam,stars,2024-11-07,1709,github
https://github.com/kdeldycke/awesome-iam,stars,2024-11-08,1710,github
https://github.com/kdeldycke/awesome-iam,stars,2024-11-09,1711,github
https://github.com/kdeldycke/awesome-iam,stars,2024-11-10,1712,github
https://github.com/kdeldycke/awesome-iam,stars,2024-11-11,1716,github
https://github.com/kdeldycke/awesome-iam,stars,2024-11-14,1718,github
https://github.com/kdeldycke/awesome-iam,stars,2024-11-15,1719,github
https://github.com/kdeldycke/awesome-iam,stars,2024-11-20,1722,github
https://github.com/kdeldycke/awesome-iam,stars,2024-11-21,1723,github
https://github.com/kdeldycke/awesome-iam,stars,2024-11-22,1724,github
https://github.com/kdeldycke/awesome-iam,stars,2024-11-23,1727,github
https://github.com/kdeldycke/awesome-iam,stars,2024-11-26,1730,github
https://github.com/kdeldycke/awesome-iam,stars,2024-11-28,1733,github
https://github.com/kdeldycke/awesome-iam,stars,2024-11-30,1734,github
https://github.com/kdeldycke/awesome-iam,stars,2024-12-02,1736,github
https://github.com/kdeldycke/awesome-iam,stars,2024-12-04,1738,github
https://github.com/kdeldycke/awesome-iam,stars,2024-12-07,1739,github
https://github.com/kdeldycke/awesome-iam,stars,2024-12-08,1740,github
https://github.com/kdeldycke/awesome-iam,stars,2024-12-09,1741,github
https://github.com/kdeldycke/awesome-iam,stars,2024-12-10,1742,github
https://github.com/kdeldycke/awesome-iam,stars,2024-12-11,1743,github
https://github.com/kdeldycke/awesome-iam,stars,2024-12-14,1744,github
https://github.com/kdeldycke/awesome-iam,stars,2024-12-15,1746,github
https://github.com/kdeldycke/awesome-iam,stars,2024-12-17,1749,github
https://github.com/kdeldycke/awesome-iam,stars,2024-12-18,1750,github
https://github.com/kdeldycke/awesome-iam,stars,2024-12-19,1752,github
https://github.com/kdeldycke/awesome-iam,stars,2024-12-20,1755,github
https://github.com/kdeldycke/awesome-iam,stars,2024-12-21,1756,github
https://github.com/kdeldycke/awesome-iam,stars,2024-12-23,1757,github
https://github.com/kdeldycke/awesome-iam,stars,2024-12-24,1758,github
https://github.com/kdeldycke/awesome-iam,stars,2024-12-25,1759,github
https://github.com/kdeldycke/awesome-iam,stars,2024-12-28,1768,github
https://github.com/kdeldycke/awesome-iam,stars,2024-12-29,1775,github
https://github.com/kdeldycke/awesome-iam,stars,2024-12-30,1779,github
https://github.com/kdeldycke/awesome-iam,stars,2024-12-31,1781,github
https://github.com/kdeldycke/awesome-iam,stars,2025-01-01,1783,github
https://github.com/kdeldycke/awesome-iam,stars,2025-01-02,1784,github
https://github.com/kdeldycke/awesome-iam,stars,2025-01-03,1787,github
https://github.com/kdeldycke/awesome-iam,stars,2025-01-04,1788,github
https://github.com/kdeldycke/awesome-iam,stars,2025-01-05,1790,github
https://github.com/kdeldycke/awesome-iam,stars,2025-01-06,1795,github
https://github.com/kdeldycke/awesome-iam,stars,2025-01-07,1796,github
https://github.com/kdeldycke/awesome-iam,stars,2025-01-08,1798,github
https://github.com/kdeldycke/awesome-iam,stars,2025-01-09,1800,github
https://github.com/kdeldycke/awesome-iam,stars,2025-01-10,1803,github
https://github.com/kdeldycke/awesome-iam,stars,2025-01-12,1806,github
https://github.com/kdeldycke/awesome-iam,stars,2025-01-14,1811,github
https://github.com/kdeldycke/awesome-iam,stars,2025-01-15,1813,github
https://github.com/kdeldycke/awesome-iam,stars,2025-01-19,1814,github
https://github.com/kdeldycke/awesome-iam,stars,2025-01-20,1815,github
https://github.com/kdeldycke/awesome-iam,stars,2025-01-22,1817,github
https://github.com/kdeldycke/awesome-iam,stars,2025-01-23,1820,github
https://github.com/kdeldycke/awesome-iam,stars,2025-01-24,1822,github
https://github.com/kdeldycke/awesome-iam,stars,2025-01-25,1824,github
https://github.com/kdeldycke/awesome-iam,stars,2025-01-27,1826,github
https://github.com/kdeldycke/awesome-iam,stars,2025-01-28,1827,github
https://github.com/kdeldycke/awesome-iam,stars,2025-01-31,1828,github
https://github.com/kdeldycke/awesome-iam,stars,2025-02-02,1830,github
https://github.com/kdeldycke/awesome-iam,stars,2025-02-05,1832,github
https://github.com/kdeldycke/awesome-iam,stars,2025-02-08,1835,github
https://github.com/kdeldycke/awesome-iam,stars,2025-02-13,1837,github
https://github.com/kdeldycke/awesome-iam,stars,2025-02-14,1840,github
https://github.com/kdeldycke/awesome-iam,stars,2025-02-15,1841,github
https://github.com/kdeldycke/awesome-iam,stars,2025-02-18,1843,github
https://github.com/kdeldycke/awesome-iam,stars,2025-02-19,1846,github
https://github.com/kdeldycke/awesome-iam,stars,2025-02-20,1848,github
https://github.com/kdeldycke/awesome-iam,stars,2025-02-21,1849,github
https://github.com/kdeldycke/awesome-iam,stars,2025-02-23,1851,github
https://github.com/kdeldycke/awesome-iam,stars,2025-02-25,1852,github
https://github.com/kdeldycke/awesome-iam,stars,2025-02-28,1854,github
https://github.com/kdeldycke/awesome-iam,stars,2025-03-01,1855,github
https://github.com/kdeldycke/awesome-iam,stars,2025-03-03,1858,github
https://github.com/kdeldycke/awesome-iam,stars,2025-03-04,1859,github
https://github.com/kdeldycke/awesome-iam,stars,2025-03-07,1861,github
https://github.com/kdeldycke/awesome-iam,stars,2025-03-09,1863,github
https://github.com/kdeldycke/awesome-iam,stars,2025-03-11,1864,github
https://github.com/kdeldycke/awesome-iam,stars,2025-03-12,1867,github
https://github.com/kdeldycke/awesome-iam,stars,2025-03-13,1868,github
https://github.com/kdeldycke/awesome-iam,stars,2025-03-14,1869,github
https://github.com/kdeldycke/awesome-iam,stars,2025-03-18,1871,github
https://github.com/kdeldycke/awesome-iam,stars,2025-03-23,1873,github
https://github.com/kdeldycke/awesome-iam,stars,2025-03-25,1874,github
https://github.com/kdeldycke/awesome-iam,stars,2025-03-28,1875,github
https://github.com/kdeldycke/awesome-iam,stars,2025-03-30,1876,github
https://github.com/kdeldycke/awesome-iam,stars,2025-04-01,1877,github
https://github.com/kdeldycke/awesome-iam,stars,2025-04-04,1878,github
https://github.com/kdeldycke/awesome-iam,stars,2025-04-09,1879,github
https://github.com/kdeldycke/awesome-iam,stars,2025-04-11,1881,github
https://github.com/kdeldycke/awesome-iam,stars,2025-04-12,1882,github
https://github.com/kdeldycke/awesome-iam,stars,2025-04-14,1883,github
https://github.com/kdeldycke/awesome-iam,stars,2025-04-15,1884,github
https://github.com/kdeldycke/awesome-iam,stars,2025-04-17,1886,github
https://github.com/kdeldycke/awesome-iam,stars,2025-04-19,1888,github
https://github.com/kdeldycke/awesome-iam,stars,2025-04-20,1889,github
https://github.com/kdeldycke/awesome-iam,stars,2025-04-21,1891,github
https://github.com/kdeldycke/awesome-iam,stars,2025-04-22,1892,github
https://github.com/kdeldycke/awesome-iam,stars,2025-04-23,1893,github
https://github.com/kdeldycke/awesome-iam,stars,2025-04-24,1894,github
https://github.com/kdeldycke/awesome-iam,stars,2025-04-25,1897,github
https://github.com/kdeldycke/awesome-iam,stars,2025-04-26,1898,github
https://github.com/kdeldycke/awesome-iam,stars,2025-04-27,1899,github
https://github.com/kdeldycke/awesome-iam,stars,2025-04-28,1900,github
https://github.com/kdeldycke/awesome-iam,stars,2025-04-29,1901,github
https://github.com/kdeldycke/awesome-iam,stars,2025-05-02,1902,github
https://github.com/kdeldycke/awesome-iam,stars,2025-05-03,1903,github
https://github.com/kdeldycke/awesome-iam,stars,2025-05-04,1905,github
https://github.com/kdeldycke/awesome-iam,stars,2025-05-05,1906,github
https://github.com/kdeldycke/awesome-iam,stars,2025-05-07,1908,github
https://github.com/kdeldycke/awesome-iam,stars,2025-05-11,1911,github
https://github.com/kdeldycke/awesome-iam,stars,2025-05-12,1912,github
https://github.com/kdeldycke/awesome-iam,stars,2025-05-13,1914,github
https://github.com/kdeldycke/awesome-iam,stars,2025-05-15,1915,github
https://github.com/kdeldycke/awesome-iam,stars,2025-05-16,1916,github
https://github.com/kdeldycke/awesome-iam,stars,2025-05-21,1917,github
https://github.com/kdeldycke/awesome-iam,stars,2025-05-22,1918,github
https://github.com/kdeldycke/awesome-iam,stars,2025-05-23,1920,github
https://github.com/kdeldycke/awesome-iam,stars,2025-05-24,1921,github
https://github.com/kdeldycke/awesome-iam,stars,2025-05-25,1923,github
https://github.com/kdeldycke/awesome-iam,stars,2025-05-28,1925,github
https://github.com/kdeldycke/awesome-iam,stars,2025-05-29,1927,github
https://github.com/kdeldycke/awesome-iam,stars,2025-05-30,1929,github
https://github.com/kdeldycke/awesome-iam,stars,2025-05-31,1930,github
https://github.com/kdeldycke/awesome-iam,stars,2025-06-05,1932,github
https://github.com/kdeldycke/awesome-iam,stars,2025-06-09,1933,github
https://github.com/kdeldycke/awesome-iam,stars,2025-06-10,1935,github
https://github.com/kdeldycke/awesome-iam,stars,2025-06-14,1936,github
https://github.com/kdeldycke/awesome-iam,stars,2025-06-15,1940,github
https://github.com/kdeldycke/awesome-iam,stars,2025-06-21,1941,github
https://github.com/kdeldycke/awesome-iam,stars,2025-06-22,1943,github
https://github.com/kdeldycke/awesome-iam,stars,2025-06-24,1944,github
https://github.com/kdeldycke/awesome-iam,stars,2025-06-27,1945,github
https://github.com/kdeldycke/awesome-iam,stars,2025-06-28,1946,github
https://github.com/kdeldycke/awesome-iam,stars,2025-06-30,1947,github
https://github.com/kdeldycke/awesome-iam,stars,2025-07-01,1948,github
https://github.com/kdeldycke/awesome-iam,stars,2025-07-03,1951,github
https://github.com/kdeldycke/awesome-iam,stars,2025-07-04,1952,github
https://github.com/kdeldycke/awesome-iam,stars,2025-07-10,1955,github
https://github.com/kdeldycke/awesome-iam,stars,2025-07-13,1959,github
https://github.com/kdeldycke/awesome-iam,stars,2025-07-14,1961,github
https://github.com/kdeldycke/awesome-iam,stars,2025-07-17,1963,github
https://github.com/kdeldycke/awesome-iam,stars,2025-07-21,1964,github
https://github.com/kdeldycke/awesome-iam,stars,2025-07-22,1965,github
https://github.com/kdeldycke/awesome-iam,stars,2025-07-23,1966,github
https://github.com/kdeldycke/awesome-iam,stars,2025-07-25,1967,github
https://github.com/kdeldycke/awesome-iam,stars,2025-07-26,1969,github
https://github.com/kdeldycke/awesome-iam,stars,2025-07-27,1970,github
https://github.com/kdeldycke/awesome-iam,stars,2025-07-31,1971,github
https://github.com/kdeldycke/awesome-iam,stars,2025-08-02,1975,github
https://github.com/kdeldycke/awesome-iam,stars,2025-08-03,1977,github
https://github.com/kdeldycke/awesome-iam,stars,2025-08-04,1978,github
https://github.com/kdeldycke/awesome-iam,stars,2025-08-05,1979,github
https://github.com/kdeldycke/awesome-iam,stars,2025-08-06,1980,github
https://github.com/kdeldycke/awesome-iam,stars,2025-08-08,1982,github
https://github.com/kdeldycke/awesome-iam,stars,2025-08-09,1984,github
https://github.com/kdeldycke/awesome-iam,stars,2025-08-12,1985,github
https://github.com/kdeldycke/awesome-iam,stars,2025-08-14,1986,github
https://github.com/kdeldycke/awesome-iam,stars,2025-08-16,1987,github
https://github.com/kdeldycke/awesome-iam,stars,2025-08-18,1988,github
https://github.com/kdeldycke/awesome-iam,stars,2025-08-22,1989,github
https://github.com/kdeldycke/awesome-iam,stars,2025-08-23,1992,github
https://github.com/kdeldycke/awesome-iam,stars,2025-08-24,1993,github
https://github.com/kdeldycke/awesome-iam,stars,2025-08-25,1995,github
https://github.com/kdeldycke/awesome-iam,stars,2025-08-26,1996,github
https://github.com/kdeldycke/awesome-iam,stars,2025-08-27,1997,github
https://github.com/kdeldycke/awesome-iam,stars,2025-08-28,2000,github
https://github.com/kdeldycke/awesome-iam,stars,2025-08-29,2001,github
https://github.com/kdeldycke/awesome-iam,stars,2025-08-30,2002,github
https://github.com/kdeldycke/awesome-iam,stars,2025-08-31,2003,github
https://github.com/kdeldycke/awesome-iam,stars,2025-09-01,2005,github
https://github.com/kdeldycke/awesome-iam,stars,2025-09-03,2006,github
https://github.com/kdeldycke/awesome-iam,stars,2025-09-09,2007,github
https://github.com/kdeldycke/awesome-iam,stars,2025-09-10,2008,github
https://github.com/kdeldycke/awesome-iam,stars,2025-09-11,2009,github
https://github.com/kdeldycke/awesome-iam,stars,2025-09-15,2013,github
https://github.com/kdeldycke/awesome-iam,stars,2025-09-16,2014,github
https://github.com/kdeldycke/awesome-iam,stars,2025-09-17,2016,github
https://github.com/kdeldycke/awesome-iam,stars,2025-09-18,2017,github
https://github.com/kdeldycke/awesome-iam,stars,2025-09-23,2019,github
https://github.com/kdeldycke/awesome-iam,stars,2025-09-24,2020,github
https://github.com/kdeldycke/awesome-iam,stars,2025-09-26,2023,github
https://github.com/kdeldycke/awesome-iam,stars,2025-09-27,2024,github
https://github.com/kdeldycke/awesome-iam,stars,2025-09-29,2026,github
https://github.com/kdeldycke/awesome-iam,stars,2025-09-30,2027,github
https://github.com/kdeldycke/awesome-iam,stars,2025-10-03,2028,github
https://github.com/kdeldycke/awesome-iam,stars,2025-10-07,2030,github
https://github.com/kdeldycke/awesome-iam,stars,2025-10-09,2032,github
https://github.com/kdeldycke/awesome-iam,stars,2025-10-11,2033,github
https://github.com/kdeldycke/awesome-iam,stars,2025-10-12,2034,github
https://github.com/kdeldycke/awesome-iam,stars,2025-10-13,2036,github
https://github.com/kdeldycke/awesome-iam,stars,2025-10-14,2037,github
https://github.com/kdeldycke/awesome-iam,stars,2025-10-15,2038,github
https://github.com/kdeldycke/awesome-iam,stars,2025-10-16,2040,github
https://github.com/kdeldycke/awesome-iam,stars,2025-10-20,2041,github
https://github.com/kdeldycke/awesome-iam,stars,2025-10-21,2043,github
https://github.com/kdeldycke/awesome-iam,stars,2025-10-22,2045,github
https://github.com/kdeldycke/awesome-iam,stars,2025-10-27,2049,github
https://github.com/kdeldycke/awesome-iam,stars,2025-10-28,2051,github
https://github.com/kdeldycke/awesome-iam,stars,2025-10-29,2052,github
https://github.com/kdeldycke/awesome-iam,stars,2025-10-30,2053,github
https://github.com/kdeldycke/awesome-iam,stars,2025-10-31,2054,github
https://github.com/kdeldycke/awesome-iam,stars,2025-11-02,2056,github
https://github.com/kdeldycke/awesome-iam,stars,2025-11-05,2057,github
https://github.com/kdeldycke/awesome-iam,stars,2025-11-07,2058,github
https://github.com/kdeldycke/awesome-iam,stars,2025-11-08,2059,github
https://github.com/kdeldycke/awesome-iam,stars,2025-11-09,2061,github
https://github.com/kdeldycke/awesome-iam,stars,2025-11-13,2063,github
https://github.com/kdeldycke/awesome-iam,stars,2025-11-14,2064,github
https://github.com/kdeldycke/awesome-iam,stars,2025-11-15,2065,github
https://github.com/kdeldycke/awesome-iam,stars,2025-11-16,2066,github
https://github.com/kdeldycke/awesome-iam,stars,2025-11-17,2067,github
https://github.com/kdeldycke/awesome-iam,stars,2025-11-19,2068,github
https://github.com/kdeldycke/awesome-iam,stars,2025-11-22,2069,github
https://github.com/kdeldycke/awesome-iam,stars,2025-11-25,2072,github
https://github.com/kdeldycke/awesome-iam,stars,2025-11-28,2074,github
https://github.com/kdeldycke/awesome-iam,stars,2025-11-29,2075,github
https://github.com/kdeldycke/awesome-iam,stars,2025-12-01,2077,github
https://github.com/kdeldycke/awesome-iam,stars,2025-12-03,2078,github
https://github.com/kdeldycke/awesome-iam,stars,2025-12-05,2080,github
https://github.com/kdeldycke/awesome-iam,stars,2025-12-08,2081,github
https://github.com/kdeldycke/awesome-iam,stars,2025-12-09,2082,github
https://github.com/kdeldycke/awesome-iam,stars,2025-12-12,2084,github
https://github.com/kdeldycke/awesome-iam,stars,2025-12-14,2085,github
https://github.com/kdeldycke/awesome-iam,stars,2025-12-16,2087,github
https://github.com/kdeldycke/awesome-iam,stars,2025-12-21,2088,github
https://github.com/kdeldycke/awesome-iam,stars,2025-12-22,2090,github
https://github.com/kdeldycke/awesome-iam,stars,2025-12-23,2091,github
https://github.com/kdeldycke/awesome-iam,stars,2025-12-24,2092,github
https://github.com/kdeldycke/awesome-iam,stars,2025-12-26,2093,github
https://github.com/kdeldycke/awesome-iam,stars,2025-12-28,2094,github
https://github.com/kdeldycke/awesome-iam,stars,2025-12-30,2095,github
https://github.com/kdeldycke/awesome-iam,stars,2026-01-03,2096,github
https://github.com/kdeldycke/awesome-iam,stars,2026-01-04,2110,github
https://github.com/kdeldycke/awesome-iam,stars,2026-01-05,2116,github
https://github.com/kdeldycke/awesome-iam,stars,2026-01-06,2119,github
https://github.com/kdeldycke/awesome-iam,stars,2026-01-07,2123,github
https://github.com/kdeldycke/awesome-iam,stars,2026-01-08,2125,github
https://github.com/kdeldycke/awesome-iam,stars,2026-01-09,2126,github
https://github.com/kdeldycke/awesome-iam,stars,2026-01-12,2128,github
https://github.com/kdeldycke/awesome-iam,stars,2026-01-13,2129,github
https://github.com/kdeldycke/awesome-iam,stars,2026-01-14,2130,github
https://github.com/kdeldycke/awesome-iam,stars,2026-01-15,2131,github
https://github.com/kdeldycke/awesome-iam,stars,2026-01-17,2132,github
https://github.com/kdeldycke/awesome-iam,stars,2026-01-20,2133,github
https://github.com/kdeldycke/awesome-iam,stars,2026-01-22,2135,github
https://github.com/kdeldycke/awesome-iam,stars,2026-01-24,2136,github
https://github.com/kdeldycke/awesome-iam,stars,2026-01-26,2138,github
https://github.com/kdeldycke/awesome-iam,stars,2026-01-27,2139,github
https://github.com/kdeldycke/awesome-iam,stars,2026-01-28,2140,github
https://github.com/kdeldycke/awesome-iam,stars,2026-01-29,2141,github
https://github.com/kdeldycke/awesome-iam,stars,2026-01-30,2142,github
https://github.com/kdeldycke/awesome-iam,stars,2026-02-03,2143,github
https://github.com/kdeldycke/awesome-iam,stars,2026-02-04,2145,github
https://github.com/kdeldycke/awesome-iam,stars,2026-02-06,2147,github
https://github.com/kdeldycke/awesome-iam,stars,2026-02-07,2148,github
https://github.com/kdeldycke/awesome-iam,stars,2026-02-16,2149,github
https://github.com/kdeldycke/awesome-iam,stars,2026-02-21,2151,github
https://github.com/kdeldycke/awesome-iam,stars,2026-02-22,2152,github
https://github.com/kdeldycke/awesome-iam,stars,2026-02-24,2154,github
https://github.com/kdeldycke/awesome-iam,stars,2026-02-26,2155,github
https://github.com/kdeldycke/awesome-iam,stars,2026-02-28,2156,github
https://github.com/kdeldycke/awesome-iam,stars,2026-03-02,2158,github
https://github.com/kdeldycke/awesome-iam,stars,2026-03-04,2159,github
https://github.com/kdeldycke/awesome-iam,stars,2026-03-11,2160,github
https://github.com/kdeldycke/awesome-iam,stars,2026-03-14,2161,github
https://github.com/kdeldycke/awesome-iam,stars,2026-03-17,2163,github
https://github.com/kdeldycke/awesome-iam,stars,2026-03-25,2164,github
https://github.com/kdeldycke/awesome-iam,stars,2026-03-31,2165,github
https://github.com/kdeldycke/awesome-iam,stars,2026-04-01,2166,github
https://github.com/kdeldycke/awesome-iam,stars,2026-04-03,2167,github
https://github.com/kdeldycke/awesome-iam,stars,2026-04-05,2168,github
https://github.com/kdeldycke/awesome-iam,stars,2026-04-06,2169,github
https://github.com/kdeldycke/awesome-iam,stars,2026-04-07,2170,github
https://github.com/kdeldycke/awesome-iam,stars,2026-04-08,2171,github
https://github.com/kdeldycke/awesome-iam,stars,2026-04-12,2173,github
https://github.com/kdeldycke/awesome-iam,stars,2026-04-13,2175,github
https://github.com/kdeldycke/awesome-iam,stars,2026-04-15,2176,github
https://github.com/kdeldycke/awesome-iam,stars,2026-04-20,2177,github
https://github.com/kdeldycke/awesome-iam,stars,2026-04-23,2180,github
https://github.com/kdeldycke/awesome-iam,stars,2026-04-25,2181,github
https://github.com/kdeldycke/awesome-iam,stars,2026-04-26,2182,github
https://github.com/kdeldycke/awesome-iam,stars,2026-04-27,2184,github
https://github.com/kdeldycke/awesome-iam,stars,2026-04-28,2187,github
https://github.com/kdeldycke/awesome-iam,stars,2026-05-02,2188,github
https://github.com/kdeldycke/awesome-iam,stars,2026-05-05,2190,github
https://github.com/kdeldycke/awesome-iam,stars,2026-05-08,2191,github
https://github.com/kdeldycke/awesome-iam,stars,2026-05-11,2192,github
https://github.com/kdeldycke/awesome-iam,stars,2026-05-17,2193,github
https://github.com/kdeldycke/awesome-iam,stars,2026-05-19,2194,github
https://github.com/kdeldycke/awesome-iam,stars,2026-05-21,2196,github
https://github.com/kdeldycke/awesome-iam,stars,2026-05-23,2197,github
https://github.com/kdeldycke/awesome-iam,stars,2026-05-25,2198,github
https://github.com/kdeldycke/awesome-iam,stars,2026-05-27,2200,github
https://github.com/kdeldycke/awesome-iam,stars,2026-05-28,2201,github
https://github.com/kdeldycke/awesome-iam,stars,2026-05-30,2202,github
https://github.com/kdeldycke/awesome-iam,stars,2026-06-01,2203,github
https://github.com/kdeldycke/awesome-iam,stars,2026-06-03,2204,github
https://github.com/kdeldycke/awesome-iam,stars,2026-06-04,2205,github
https://github.com/kdeldycke/awesome-iam,stars,2026-06-06,2206,github
https://github.com/kdeldycke/awesome-iam,stars,2026-06-11,2207,github
https://github.com/kdeldycke/awesome-iam,stars,2026-06-12,2208,github
https://github.com/kdeldycke/awesome-iam,stars,2026-06-14,2209,github
https://github.com/kdeldycke/awesome-iam,stars,2026-06-15,2210,github
https://github.com/kdeldycke/awesome-iam,stars,2026-06-16,2211,github
https://github.com/kdeldycke/awesome-iam,stars,2026-06-17,2212,github
https://github.com/kdeldycke/awesome-iam,stars,2026-06-18,2213,github
https://github.com/kdeldycke/awesome-iam,stars,2026-06-19,2214,github
https://github.com/kdeldycke/awesome-iam,stars,2026-06-20,2215,github
https://github.com/kdeldycke/awesome-iam,stars,2026-06-22,2216,github
https://github.com/kdeldycke/awesome-iam,stars,2026-06-24,2217,github
https://github.com/kdeldycke/awesome-iam,stars,2026-06-27,2218,github
https://github.com/kdeldycke/awesome-iam,stars,2026-06-28,2219,github
https://github.com/kdeldycke/awesome-iam,stars,2026-06-29,2220,github
https://github.com/kdeldycke/awesome-iam,stars,2026-06-30,2222,github
https://github.com/kdeldycke/awesome-iam,stars,2026-07-01,2224,github
https://github.com/kdeldycke/awesome-iam,stars,2026-07-03,2225,github
https://github.com/kdeldycke/awesome-iam,stars,2026-07-04,2227,github
https://github.com/kdeldycke/awesome-iam,stars,2026-07-06,2229,github
https://github.com/kdeldycke/awesome-iam,stars,2026-07-07,2231,github
https://github.com/kdeldycke/awesome-iam,stars,2026-07-10,2234,github
https://github.com/kdeldycke/awesome-iam,stars,2026-07-12,2235,github
https://github.com/kdeldycke/awesome-iam,stars,2026-07-14,2236,github
https://github.com/kdeldycke/awesome-iam,stars,2026-07-16,2239,github
https://github.com/kdeldycke/awesome-iam,stars,2026-07-18,2240,github
https://github.com/kdeldycke/awesome-iam,stars,2026-07-20,2241,github
https://github.com/kdeldycke/awesome-iam,stars,2026-07-21,2242,github
https://github.com/kdeldycke/awesome-iam,stars,2026-07-28,2243,github
https://github.com/kdeldycke/awesome-iam,stars,2026-08-01,2246,github
https://github.com/kdeldycke/awesome-iam,stars,2026-08-02,2247,github
https://github.com/kdeldycke/awesome-iam,stars,2026-08-11,2249,github
https://github.com/kdeldycke/awesome-iam,stars,2026-08-12,2250,github
https://github.com/kdeldycke/awesome-iam,stars,2026-08-13,2251,github
https://github.com/kdeldycke/awesome-iam,stars,2026-08-14,2252,github
https://github.com/kdeldycke/awesome-iam,stars,2026-08-15,2253,github
https://github.com/kdeldycke/awesome-iam,stars,2026-08-16,2254,github
https://github.com/kdeldycke/awesome-iam,stars,2026-08-17,2255,github
https://github.com/kdeldycke/awesome-iam,stars,2026-08-18,2256,github
https://github.com/kdeldycke/awesome-iam,stars,2026-08-20,2257,github
https://github.com/kdeldycke/blog,commit,2026-08-20,2026-08-15,sample
https://github.com/kdeldycke/blog,stars,2012-12-23,0,created
https://github.com/kdeldycke/blog,stars,2013-03-09,1,github
https://github.com/kdeldycke/blog,stars,2013-06-02,2,github
https://github.com/kdeldycke/blog,stars,2013-06-27,3,github
https://github.com/kdeldycke/blog,stars,2013-08-23,4,github
https://github.com/kdeldycke/blog,stars,2013-10-16,5,github
https://github.com/kdeldycke/blog,stars,2013-11-28,6,github
https://github.com/kdeldycke/blog,stars,2014-02-26,7,github
https://github.com/kdeldycke/blog,stars,2014-04-01,8,github
https://github.com/kdeldycke/blog,stars,2014-04-27,9,github
https://github.com/kdeldycke/blog,stars,2014-05-18,10,github
https://github.com/kdeldycke/blog,stars,2014-06-17,11,github
https://github.com/kdeldycke/blog,stars,2014-09-10,12,github
https://github.com/kdeldycke/blog,stars,2014-11-24,13,github
https://github.com/kdeldycke/blog,stars,2015-02-10,14,github
https://github.com/kdeldycke/blog,stars,2015-08-10,15,github
https://github.com/kdeldycke/blog,stars,2015-10-27,16,github
https://github.com/kdeldycke/blog,stars,2016-02-09,17,github
https://github.com/kdeldycke/blog,stars,2016-09-18,18,github
https://github.com/kdeldycke/blog,stars,2016-12-06,19,github
https://github.com/kdeldycke/blog,stars,2017-01-08,20,github
https://github.com/kdeldycke/blog,stars,2017-02-02,21,github
https://github.com/kdeldycke/blog,stars,2017-05-20,22,github
https://github.com/kdeldycke/blog,stars,2017-09-09,23,github
https://github.com/kdeldycke/blog,stars,2017-10-17,24,github
https://github.com/kdeldycke/blog,stars,2017-11-23,25,github
https://github.com/kdeldycke/blog,stars,2017-12-27,26,github
https://github.com/kdeldycke/blog,stars,2018-04-23,27,github
https://github.com/kdeldycke/blog,stars,2019-07-04,28,github
https://github.com/kdeldycke/blog,stars,2020-01-31,29,github
https://github.com/kdeldycke/blog,stars,2020-04-03,30,github
https://github.com/kdeldycke/blog,stars,2020-04-13,31,github
https://github.com/kdeldycke/blog,stars,2020-06-08,32,github
https://github.com/kdeldycke/blog,stars,2020-07-29,33,github
https://github.com/kdeldycke/blog,stars,2022-07-31,34,github
https://github.com/kdeldycke/blog,stars,2023-02-27,35,github
https://github.com/kdeldycke/blog,stars,2025-02-14,36,github
https://github.com/kdeldycke/blog,stars,2026-07-18,37,github
https://github.com/kdeldycke/blog,stars,2026-08-20,37,sample
https://github.com/kdeldycke/click-extra,commit,2026-08-20,2026-08-19,sample
https://github.com/kdeldycke/click-extra,release,2026-08-20,2026-08-15,sample
https://github.com/kdeldycke/click-extra,release_source,2026-08-20,release,sample
https://github.com/kdeldycke/click-extra,stars,2021-10-18,0,created
https://github.com/kdeldycke/click-extra,stars,2021-12-07,1,github
https://github.com/kdeldycke/click-extra,stars,2022-01-17,2,github
https://github.com/kdeldycke/click-extra,stars,2022-01-28,3,github
https://github.com/kdeldycke/click-extra,stars,2022-04-14,4,github
https://github.com/kdeldycke/click-extra,stars,2022-04-17,5,github
https://github.com/kdeldycke/click-extra,stars,2022-05-16,6,github
https://github.com/kdeldycke/click-extra,stars,2022-05-31,7,github
https://github.com/kdeldycke/click-extra,stars,2022-07-24,8,github
https://github.com/kdeldycke/click-extra,stars,2022-08-26,9,github
https://github.com/kdeldycke/click-extra,stars,2022-10-02,10,github
https://github.com/kdeldycke/click-extra,stars,2022-11-06,11,github
https://github.com/kdeldycke/click-extra,stars,2022-12-07,12,github
https://github.com/kdeldycke/click-extra,stars,2022-12-18,13,github
https://github.com/kdeldycke/click-extra,stars,2022-12-20,14,github
https://github.com/kdeldycke/click-extra,stars,2023-01-08,15,github
https://github.com/kdeldycke/click-extra,stars,2023-01-11,16,github
https://github.com/kdeldycke/click-extra,stars,2023-01-31,17,github
https://github.com/kdeldycke/click-extra,stars,2023-02-01,18,github
https://github.com/kdeldycke/click-extra,stars,2023-02-18,19,github
https://github.com/kdeldycke/click-extra,stars,2023-03-01,21,github
https://github.com/kdeldycke/click-extra,stars,2023-03-28,22,github
https://github.com/kdeldycke/click-extra,stars,2023-04-14,23,github
https://github.com/kdeldycke/click-extra,stars,2023-04-28,24,github
https://github.com/kdeldycke/click-extra,stars,2023-05-02,25,github
https://github.com/kdeldycke/click-extra,stars,2023-05-03,26,github
https://github.com/kdeldycke/click-extra,stars,2023-05-11,27,github
https://github.com/kdeldycke/click-extra,stars,2023-05-14,28,github
https://github.com/kdeldycke/click-extra,stars,2023-05-24,29,github
https://github.com/kdeldycke/click-extra,stars,2023-05-28,30,github
https://github.com/kdeldycke/click-extra,stars,2023-06-01,31,github
https://github.com/kdeldycke/click-extra,stars,2023-06-09,32,github
https://github.com/kdeldycke/click-extra,stars,2023-06-15,33,github
https://github.com/kdeldycke/click-extra,stars,2023-06-25,35,github
https://github.com/kdeldycke/click-extra,stars,2023-07-11,37,github
https://github.com/kdeldycke/click-extra,stars,2023-08-21,38,github
https://github.com/kdeldycke/click-extra,stars,2023-09-13,39,github
https://github.com/kdeldycke/click-extra,stars,2023-09-16,40,github
https://github.com/kdeldycke/click-extra,stars,2023-10-16,41,github
https://github.com/kdeldycke/click-extra,stars,2023-10-18,42,github
https://github.com/kdeldycke/click-extra,stars,2023-10-20,43,github
https://github.com/kdeldycke/click-extra,stars,2023-11-08,44,github
https://github.com/kdeldycke/click-extra,stars,2023-11-09,45,github
https://github.com/kdeldycke/click-extra,stars,2023-11-16,46,github
https://github.com/kdeldycke/click-extra,stars,2023-12-04,47,github
https://github.com/kdeldycke/click-extra,stars,2023-12-15,48,github
https://github.com/kdeldycke/click-extra,stars,2024-01-27,49,github
https://github.com/kdeldycke/click-extra,stars,2024-04-04,50,github
https://github.com/kdeldycke/click-extra,stars,2024-05-22,51,github
https://github.com/kdeldycke/click-extra,stars,2024-06-05,52,github
https://github.com/kdeldycke/click-extra,stars,2024-06-17,53,github
https://github.com/kdeldycke/click-extra,stars,2024-06-21,54,github
https://github.com/kdeldycke/click-extra,stars,2024-07-03,55,github
https://github.com/kdeldycke/click-extra,stars,2024-07-06,56,github
https://github.com/kdeldycke/click-extra,stars,2024-07-07,57,github
https://github.com/kdeldycke/click-extra,stars,2024-08-28,58,github
https://github.com/kdeldycke/click-extra,stars,2024-09-29,59,github
https://github.com/kdeldycke/click-extra,stars,2024-11-07,60,github
https://github.com/kdeldycke/click-extra,stars,2024-11-25,61,github
https://github.com/kdeldycke/click-extra,stars,2024-12-02,62,github
https://github.com/kdeldycke/click-extra,stars,2024-12-04,64,github
https://github.com/kdeldycke/click-extra,stars,2024-12-12,66,github
https://github.com/kdeldycke/click-extra,stars,2024-12-28,67,github
https://github.com/kdeldycke/click-extra,stars,2025-01-07,68,github
https://github.com/kdeldycke/click-extra,stars,2025-01-09,69,github
https://github.com/kdeldycke/click-extra,stars,2025-01-14,70,github
https://github.com/kdeldycke/click-extra,stars,2025-01-16,71,github
https://github.com/kdeldycke/click-extra,stars,2025-01-20,72,github
https://github.com/kdeldycke/click-extra,stars,2025-01-24,73,github
https://github.com/kdeldycke/click-extra,stars,2025-02-03,74,github
https://github.com/kdeldycke/click-extra,stars,2025-02-05,75,github
https://github.com/kdeldycke/click-extra,stars,2025-02-06,76,github
https://github.com/kdeldycke/click-extra,stars,2025-02-23,77,github
https://github.com/kdeldycke/click-extra,stars,2025-02-24,78,github
https://github.com/kdeldycke/click-extra,stars,2025-03-03,79,github
https://github.com/kdeldycke/click-extra,stars,2025-03-07,80,github
https://github.com/kdeldycke/click-extra,stars,2025-03-20,81,github
https://github.com/kdeldycke/click-extra,stars,2025-03-22,82,github
https://github.com/kdeldycke/click-extra,stars,2025-04-17,83,github
https://github.com/kdeldycke/click-extra,stars,2025-04-29,84,github
https://github.com/kdeldycke/click-extra,stars,2025-06-22,85,github
https://github.com/kdeldycke/click-extra,stars,2025-07-02,86,github
https://github.com/kdeldycke/click-extra,stars,2025-07-07,87,github
https://github.com/kdeldycke/click-extra,stars,2025-08-03,89,github
https://github.com/kdeldycke/click-extra,stars,2025-08-04,91,github
https://github.com/kdeldycke/click-extra,stars,2025-08-11,92,github
https://github.com/kdeldycke/click-extra,stars,2025-08-25,93,github
https://github.com/kdeldycke/click-extra,stars,2025-08-31,94,github
https://github.com/kdeldycke/click-extra,stars,2025-10-03,95,github
https://github.com/kdeldycke/click-extra,stars,2025-10-22,96,github
https://github.com/kdeldycke/click-extra,stars,2025-11-25,97,github
https://github.com/kdeldycke/click-extra,stars,2026-01-08,102,github
https://github.com/kdeldycke/click-extra,stars,2026-01-09,103,github
https://github.com/kdeldycke/click-extra,stars,2026-01-13,104,github
https://github.com/kdeldycke/click-extra,stars,2026-01-18,105,github
https://github.com/kdeldycke/click-extra,stars,2026-02-04,106,github
https://github.com/kdeldycke/click-extra,stars,2026-02-06,107,github
https://github.com/kdeldycke/click-extra,stars,2026-03-07,108,github
https://github.com/kdeldycke/click-extra,stars,2026-03-24,109,github
https://github.com/kdeldycke/click-extra,stars,2026-04-16,110,github
https://github.com/kdeldycke/click-extra,stars,2026-04-22,111,github
https://github.com/kdeldycke/click-extra,stars,2026-05-03,112,github
https://github.com/kdeldycke/click-extra,stars,2026-05-19,113,github
https://github.com/kdeldycke/click-extra,stars,2026-05-20,114,github
https://github.com/kdeldycke/click-extra,stars,2026-05-22,115,github
https://github.com/kdeldycke/click-extra,stars,2026-06-03,116,github
https://github.com/kdeldycke/click-extra,stars,2026-06-23,117,github
https://github.com/kdeldycke/click-extra,stars,2026-06-24,118,github
https://github.com/kdeldycke/click-extra,stars,2026-07-15,119,github
https://github.com/kdeldycke/click-extra,stars,2026-07-18,120,github
https://github.com/kdeldycke/click-extra,stars,2026-08-20,120,sample
https://github.com/kdeldycke/dotfiles,commit,2026-08-20,2026-08-19,sample
https://github.com/kdeldycke/dotfiles,stars,2013-08-19,0,created
https://github.com/kdeldycke/dotfiles,stars,2013-09-20,1,github
https://github.com/kdeldycke/dotfiles,stars,2013-12-18,2,github
https://github.com/kdeldycke/dotfiles,stars,2014-01-14,3,github
https://github.com/kdeldycke/dotfiles,stars,2014-01-29,4,github
https://github.com/kdeldycke/dotfiles,stars,2014-10-14,5,github
https://github.com/kdeldycke/dotfiles,stars,2014-10-20,6,github
https://github.com/kdeldycke/dotfiles,stars,2014-10-25,7,github
https://github.com/kdeldycke/dotfiles,stars,2014-11-19,8,github
https://github.com/kdeldycke/dotfiles,stars,2014-11-28,9,github
https://github.com/kdeldycke/dotfiles,stars,2014-12-02,10,github
https://github.com/kdeldycke/dotfiles,stars,2014-12-14,11,github
https://github.com/kdeldycke/dotfiles,stars,2014-12-17,12,github
https://github.com/kdeldycke/dotfiles,stars,2015-01-10,13,github
https://github.com/kdeldycke/dotfiles,stars,2015-05-11,14,github
https://github.com/kdeldycke/dotfiles,stars,2015-05-14,15,github
https://github.com/kdeldycke/dotfiles,stars,2015-08-06,16,github
https://github.com/kdeldycke/dotfiles,stars,2015-08-23,17,github
https://github.com/kdeldycke/dotfiles,stars,2015-10-04,18,github
https://github.com/kdeldycke/dotfiles,stars,2015-10-27,19,github
https://github.com/kdeldycke/dotfiles,stars,2015-10-28,20,github
https://github.com/kdeldycke/dotfiles,stars,2015-11-10,21,github
https://github.com/kdeldycke/dotfiles,stars,2015-12-08,22,github
https://github.com/kdeldycke/dotfiles,stars,2015-12-09,23,github
https://github.com/kdeldycke/dotfiles,stars,2015-12-19,24,github
https://github.com/kdeldycke/dotfiles,stars,2016-02-29,25,github
https://github.com/kdeldycke/dotfiles,stars,2016-03-31,26,github
https://github.com/kdeldycke/dotfiles,stars,2016-06-06,27,github
https://github.com/kdeldycke/dotfiles,stars,2016-06-30,28,github
https://github.com/kdeldycke/dotfiles,stars,2016-08-23,29,github
https://github.com/kdeldycke/dotfiles,stars,2016-08-31,31,github
https://github.com/kdeldycke/dotfiles,stars,2016-10-19,32,github
https://github.com/kdeldycke/dotfiles,stars,2016-11-02,33,github
https://github.com/kdeldycke/dotfiles,stars,2016-12-07,34,github
https://github.com/kdeldycke/dotfiles,stars,2016-12-13,35,github
https://github.com/kdeldycke/dotfiles,stars,2016-12-30,36,github
https://github.com/kdeldycke/dotfiles,stars,2017-01-06,37,github
https://github.com/kdeldycke/dotfiles,stars,2017-02-02,38,github
https://github.com/kdeldycke/dotfiles,stars,2017-02-14,39,github
https://github.com/kdeldycke/dotfiles,stars,2017-03-30,40,github
https://github.com/kdeldycke/dotfiles,stars,2017-04-09,41,github
https://github.com/kdeldycke/dotfiles,stars,2017-04-16,42,github
https://github.com/kdeldycke/dotfiles,stars,2017-06-11,43,github
https://github.com/kdeldycke/dotfiles,stars,2017-06-17,44,github
https://github.com/kdeldycke/dotfiles,stars,2017-12-10,45,github
https://github.com/kdeldycke/dotfiles,stars,2018-01-11,46,github
https://github.com/kdeldycke/dotfiles,stars,2018-02-12,47,github
https://github.com/kdeldycke/dotfiles,stars,2018-02-15,48,github
https://github.com/kdeldycke/dotfiles,stars,2018-02-23,49,github
https://github.com/kdeldycke/dotfiles,stars,2018-02-25,50,github
https://github.com/kdeldycke/dotfiles,stars,2018-02-27,51,github
https://github.com/kdeldycke/dotfiles,stars,2018-03-09,52,github
https://github.com/kdeldycke/dotfiles,stars,2018-05-03,53,github
https://github.com/kdeldycke/dotfiles,stars,2018-05-14,54,github
https://github.com/kdeldycke/dotfiles,stars,2018-06-06,56,github
https://github.com/kdeldycke/dotfiles,stars,2018-09-13,57,github
https://github.com/kdeldycke/dotfiles,stars,2018-11-25,58,github
https://github.com/kdeldycke/dotfiles,stars,2019-02-02,59,github
https://github.com/kdeldycke/dotfiles,stars,2019-02-24,60,github
https://github.com/kdeldycke/dotfiles,stars,2019-03-13,61,github
https://github.com/kdeldycke/dotfiles,stars,2019-03-18,62,github
https://github.com/kdeldycke/dotfiles,stars,2019-03-21,63,github
https://github.com/kdeldycke/dotfiles,stars,2019-03-24,64,github
https://github.com/kdeldycke/dotfiles,stars,2019-03-29,65,github
https://github.com/kdeldycke/dotfiles,stars,2019-04-04,66,github
https://github.com/kdeldycke/dotfiles,stars,2019-04-25,67,github
https://github.com/kdeldycke/dotfiles,stars,2019-05-22,68,github
https://github.com/kdeldycke/dotfiles,stars,2019-06-27,69,github
https://github.com/kdeldycke/dotfiles,stars,2019-08-30,70,github
https://github.com/kdeldycke/dotfiles,stars,2019-12-23,71,github
https://github.com/kdeldycke/dotfiles,stars,2020-01-15,72,github
https://github.com/kdeldycke/dotfiles,stars,2020-02-10,73,github
https://github.com/kdeldycke/dotfiles,stars,2020-02-26,74,github
https://github.com/kdeldycke/dotfiles,stars,2020-02-27,75,github
https://github.com/kdeldycke/dotfiles,stars,2020-07-09,76,github
https://github.com/kdeldycke/dotfiles,stars,2020-07-12,77,github
https://github.com/kdeldycke/dotfiles,stars,2020-07-30,78,github
https://github.com/kdeldycke/dotfiles,stars,2020-10-08,79,github
https://github.com/kdeldycke/dotfiles,stars,2020-10-19,81,github
https://github.com/kdeldycke/dotfiles,stars,2020-11-13,82,github
https://github.com/kdeldycke/dotfiles,stars,2020-11-15,83,github
https://github.com/kdeldycke/dotfiles,stars,2020-11-30,84,github
https://github.com/kdeldycke/dotfiles,stars,2021-01-02,85,github
https://github.com/kdeldycke/dotfiles,stars,2021-02-03,86,github
https://github.com/kdeldycke/dotfiles,stars,2021-02-17,87,github
https://github.com/kdeldycke/dotfiles,stars,2021-04-14,88,github
https://github.com/kdeldycke/dotfiles,stars,2021-06-04,89,github
https://github.com/kdeldycke/dotfiles,stars,2021-07-18,90,github
https://github.com/kdeldycke/dotfiles,stars,2021-09-17,91,github
https://github.com/kdeldycke/dotfiles,stars,2022-01-01,92,github
https://github.com/kdeldycke/dotfiles,stars,2022-01-26,93,github
https://github.com/kdeldycke/dotfiles,stars,2022-02-08,94,github
https://github.com/kdeldycke/dotfiles,stars,2022-02-18,95,github
https://github.com/kdeldycke/dotfiles,stars,2022-02-23,96,github
https://github.com/kdeldycke/dotfiles,stars,2022-06-01,98,github
https://github.com/kdeldycke/dotfiles,stars,2022-06-03,99,github
https://github.com/kdeldycke/dotfiles,stars,2022-07-27,100,github
https://github.com/kdeldycke/dotfiles,stars,2022-07-28,101,github
https://github.com/kdeldycke/dotfiles,stars,2022-08-05,103,github
https://github.com/kdeldycke/dotfiles,stars,2022-08-13,104,github
https://github.com/kdeldycke/dotfiles,stars,2022-08-20,105,github
https://github.com/kdeldycke/dotfiles,stars,2022-09-02,106,github
https://github.com/kdeldycke/dotfiles,stars,2022-09-20,107,github
https://github.com/kdeldycke/dotfiles,stars,2022-09-23,108,github
https://github.com/kdeldycke/dotfiles,stars,2022-10-20,109,github
https://github.com/kdeldycke/dotfiles,stars,2022-12-14,110,github
https://github.com/kdeldycke/dotfiles,stars,2023-01-02,111,github
https://github.com/kdeldycke/dotfiles,stars,2023-01-30,112,github
https://github.com/kdeldycke/dotfiles,stars,2023-02-11,113,github
https://github.com/kdeldycke/dotfiles,stars,2023-02-13,114,github
https://github.com/kdeldycke/dotfiles,stars,2023-02-22,115,github
https://github.com/kdeldycke/dotfiles,stars,2023-02-24,116,github
https://github.com/kdeldycke/dotfiles,stars,2023-03-15,117,github
https://github.com/kdeldycke/dotfiles,stars,2023-04-12,118,github
https://github.com/kdeldycke/dotfiles,stars,2023-05-06,119,github
https://github.com/kdeldycke/dotfiles,stars,2023-06-12,120,github
https://github.com/kdeldycke/dotfiles,stars,2023-06-23,121,github
https://github.com/kdeldycke/dotfiles,stars,2023-06-28,122,github
https://github.com/kdeldycke/dotfiles,stars,2023-07-08,123,github
https://github.com/kdeldycke/dotfiles,stars,2023-07-18,124,github
https://github.com/kdeldycke/dotfiles,stars,2023-07-30,125,github
https://github.com/kdeldycke/dotfiles,stars,2023-08-27,126,github
https://github.com/kdeldycke/dotfiles,stars,2023-09-09,127,github
https://github.com/kdeldycke/dotfiles,stars,2023-09-18,128,github
https://github.com/kdeldycke/dotfiles,stars,2023-09-23,129,github
https://github.com/kdeldycke/dotfiles,stars,2023-10-18,130,github
https://github.com/kdeldycke/dotfiles,stars,2023-11-01,131,github
https://github.com/kdeldycke/dotfiles,stars,2023-12-12,132,github
https://github.com/kdeldycke/dotfiles,stars,2024-02-05,133,github
https://github.com/kdeldycke/dotfiles,stars,2024-03-04,134,github
https://github.com/kdeldycke/dotfiles,stars,2024-03-11,135,github
https://github.com/kdeldycke/dotfiles,stars,2024-03-26,136,github
https://github.com/kdeldycke/dotfiles,stars,2024-05-05,137,github
https://github.com/kdeldycke/dotfiles,stars,2024-06-09,138,github
https://github.com/kdeldycke/dotfiles,stars,2024-08-25,139,github
https://github.com/kdeldycke/dotfiles,stars,2024-08-30,140,github
https://github.com/kdeldycke/dotfiles,stars,2024-09-22,141,github
https://github.com/kdeldycke/dotfiles,stars,2024-10-01,142,github
https://github.com/kdeldycke/dotfiles,stars,2024-11-05,143,github
https://github.com/kdeldycke/dotfiles,stars,2025-01-16,144,github
https://github.com/kdeldycke/dotfiles,stars,2025-01-19,145,github
https://github.com/kdeldycke/dotfiles,stars,2025-02-14,146,github
https://github.com/kdeldycke/dotfiles,stars,2025-02-24,147,github
https://github.com/kdeldycke/dotfiles,stars,2025-02-28,148,github
https://github.com/kdeldycke/dotfiles,stars,2025-03-30,149,github
https://github.com/kdeldycke/dotfiles,stars,2025-04-29,150,github
https://github.com/kdeldycke/dotfiles,stars,2025-05-06,151,github
https://github.com/kdeldycke/dotfiles,stars,2025-05-08,152,github
https://github.com/kdeldycke/dotfiles,stars,2025-05-22,153,github
https://github.com/kdeldycke/dotfiles,stars,2025-05-28,154,github
https://github.com/kdeldycke/dotfiles,stars,2025-06-20,155,github
https://github.com/kdeldycke/dotfiles,stars,2025-06-26,156,github
https://github.com/kdeldycke/dotfiles,stars,2025-07-02,157,github
https://github.com/kdeldycke/dotfiles,stars,2025-07-26,158,github
https://github.com/kdeldycke/dotfiles,stars,2025-08-12,159,github
https://github.com/kdeldycke/dotfiles,stars,2025-10-29,160,github
https://github.com/kdeldycke/dotfiles,stars,2025-12-11,161,github
https://github.com/kdeldycke/dotfiles,stars,2025-12-21,162,github
https://github.com/kdeldycke/dotfiles,stars,2026-01-14,163,github
https://github.com/kdeldycke/dotfiles,stars,2026-02-12,164,github
https://github.com/kdeldycke/dotfiles,stars,2026-03-06,165,github
https://github.com/kdeldycke/dotfiles,stars,2026-04-29,166,github
https://github.com/kdeldycke/dotfiles,stars,2026-06-25,167,github
https://github.com/kdeldycke/dotfiles,stars,2026-07-18,168,github
https://github.com/kdeldycke/dotfiles,stars,2026-08-01,169,github
https://github.com/kdeldycke/dotfiles,stars,2026-08-17,170,github
https://github.com/kdeldycke/dotfiles,stars,2026-08-19,171,github
https://github.com/kdeldycke/dotfiles,stars,2026-08-20,171,sample
https://github.com/kdeldycke/extra-platforms,commit,2026-08-20,2026-08-14,sample
https://github.com/kdeldycke/extra-platforms,release,2026-08-20,2026-08-03,sample
https://github.com/kdeldycke/extra-platforms,release_source,2026-08-20,release,sample
https://github.com/kdeldycke/extra-platforms,stars,2024-08-16,0,created
https://github.com/kdeldycke/extra-platforms,stars,2024-09-07,1,github
https://github.com/kdeldycke/extra-platforms,stars,2024-09-12,2,github
https://github.com/kdeldycke/extra-platforms,stars,2024-10-21,3,github
https://github.com/kdeldycke/extra-platforms,stars,2024-12-15,4,github
https://github.com/kdeldycke/extra-platforms,stars,2025-01-05,5,github
https://github.com/kdeldycke/extra-platforms,stars,2025-01-07,6,github
https://github.com/kdeldycke/extra-platforms,stars,2025-02-03,7,github
https://github.com/kdeldycke/extra-platforms,stars,2025-02-06,8,github
https://github.com/kdeldycke/extra-platforms,stars,2025-02-17,9,github
https://github.com/kdeldycke/extra-platforms,stars,2025-04-01,11,github
https://github.com/kdeldycke/extra-platforms,stars,2025-04-29,12,github
https://github.com/kdeldycke/extra-platforms,stars,2025-07-26,13,github
https://github.com/kdeldycke/extra-platforms,stars,2025-08-14,14,github
https://github.com/kdeldycke/extra-platforms,stars,2025-11-02,15,github
https://github.com/kdeldycke/extra-platforms,stars,2025-11-08,16,github
https://github.com/kdeldycke/extra-platforms,stars,2026-01-11,17,github
https://github.com/kdeldycke/extra-platforms,stars,2026-02-28,18,github
https://github.com/kdeldycke/extra-platforms,stars,2026-03-03,19,github
https://github.com/kdeldycke/extra-platforms,stars,2026-03-17,20,github
https://github.com/kdeldycke/extra-platforms,stars,2026-03-23,22,github
https://github.com/kdeldycke/extra-platforms,stars,2026-03-27,23,github
https://github.com/kdeldycke/extra-platforms,stars,2026-04-02,24,github
https://github.com/kdeldycke/extra-platforms,stars,2026-04-09,25,github
https://github.com/kdeldycke/extra-platforms,stars,2026-04-15,26,github
https://github.com/kdeldycke/extra-platforms,stars,2026-04-30,27,github
https://github.com/kdeldycke/extra-platforms,stars,2026-05-30,28,github
https://github.com/kdeldycke/extra-platforms,stars,2026-06-18,29,github
https://github.com/kdeldycke/extra-platforms,stars,2026-07-18,31,github
https://github.com/kdeldycke/extra-platforms,stars,2026-08-20,31,sample
https://github.com/kdeldycke/mail-deduplicate,commit,2026-08-20,2026-08-15,sample
https://github.com/kdeldycke/mail-deduplicate,release,2026-08-20,2026-08-08,sample
https://github.com/kdeldycke/mail-deduplicate,release_source,2026-08-20,release,sample
https://github.com/kdeldycke/mail-deduplicate,stars,2013-03-25,0,created
https://github.com/kdeldycke/mail-deduplicate,stars,2013-04-10,1,github
https://github.com/kdeldycke/mail-deduplicate,stars,2013-05-29,2,github
https://github.com/kdeldycke/mail-deduplicate,stars,2013-08-13,3,github
https://github.com/kdeldycke/mail-deduplicate,stars,2013-09-12,4,github
https://github.com/kdeldycke/mail-deduplicate,stars,2013-10-30,5,github
https://github.com/kdeldycke/mail-deduplicate,stars,2014-01-07,6,github
https://github.com/kdeldycke/mail-deduplicate,stars,2014-02-01,7,github
https://github.com/kdeldycke/mail-deduplicate,stars,2014-03-13,8,github
https://github.com/kdeldycke/mail-deduplicate,stars,2014-04-25,9,github
https://github.com/kdeldycke/mail-deduplicate,stars,2014-05-21,10,github
https://github.com/kdeldycke/mail-deduplicate,stars,2014-05-22,11,github
https://github.com/kdeldycke/mail-deduplicate,stars,2014-05-27,12,github
https://github.com/kdeldycke/mail-deduplicate,stars,2014-06-02,13,github
https://github.com/kdeldycke/mail-deduplicate,stars,2014-08-04,14,github
https://github.com/kdeldycke/mail-deduplicate,stars,2014-08-06,15,github
https://github.com/kdeldycke/mail-deduplicate,stars,2014-08-22,16,github
https://github.com/kdeldycke/mail-deduplicate,stars,2014-08-28,17,github
https://github.com/kdeldycke/mail-deduplicate,stars,2014-09-24,18,github
https://github.com/kdeldycke/mail-deduplicate,stars,2014-11-16,19,github
https://github.com/kdeldycke/mail-deduplicate,stars,2014-11-18,21,github
https://github.com/kdeldycke/mail-deduplicate,stars,2014-11-20,22,github
https://github.com/kdeldycke/mail-deduplicate,stars,2014-12-26,23,github
https://github.com/kdeldycke/mail-deduplicate,stars,2015-01-04,24,github
https://github.com/kdeldycke/mail-deduplicate,stars,2015-02-28,25,github
https://github.com/kdeldycke/mail-deduplicate,stars,2015-03-05,26,github
https://github.com/kdeldycke/mail-deduplicate,stars,2015-03-12,27,github
https://github.com/kdeldycke/mail-deduplicate,stars,2015-05-04,28,github
https://github.com/kdeldycke/mail-deduplicate,stars,2015-05-24,29,github
https://github.com/kdeldycke/mail-deduplicate,stars,2015-07-22,30,github
https://github.com/kdeldycke/mail-deduplicate,stars,2015-09-20,31,github
https://github.com/kdeldycke/mail-deduplicate,stars,2015-09-24,32,github
https://github.com/kdeldycke/mail-deduplicate,stars,2015-11-10,33,github
https://github.com/kdeldycke/mail-deduplicate,stars,2015-11-19,34,github
https://github.com/kdeldycke/mail-deduplicate,stars,2015-11-20,35,github
https://github.com/kdeldycke/mail-deduplicate,stars,2015-11-27,36,github
https://github.com/kdeldycke/mail-deduplicate,stars,2015-12-19,37,github
https://github.com/kdeldycke/mail-deduplicate,stars,2016-01-11,38,github
https://github.com/kdeldycke/mail-deduplicate,stars,2016-02-02,39,github
https://github.com/kdeldycke/mail-deduplicate,stars,2016-06-12,40,github
https://github.com/kdeldycke/mail-deduplicate,stars,2016-07-27,41,github
https://github.com/kdeldycke/mail-deduplicate,stars,2016-09-03,42,github
https://github.com/kdeldycke/mail-deduplicate,stars,2016-09-23,43,github
https://github.com/kdeldycke/mail-deduplicate,stars,2016-09-28,44,github
https://github.com/kdeldycke/mail-deduplicate,stars,2016-10-04,45,github
https://github.com/kdeldycke/mail-deduplicate,stars,2016-10-12,46,github
https://github.com/kdeldycke/mail-deduplicate,stars,2016-11-03,47,github
https://github.com/kdeldycke/mail-deduplicate,stars,2016-11-15,48,github
https://github.com/kdeldycke/mail-deduplicate,stars,2016-11-21,50,github
https://github.com/kdeldycke/mail-deduplicate,stars,2016-12-04,51,github
https://github.com/kdeldycke/mail-deduplicate,stars,2016-12-14,52,github
https://github.com/kdeldycke/mail-deduplicate,stars,2016-12-20,53,github
https://github.com/kdeldycke/mail-deduplicate,stars,2017-03-05,54,github
https://github.com/kdeldycke/mail-deduplicate,stars,2017-04-26,55,github
https://github.com/kdeldycke/mail-deduplicate,stars,2017-04-30,56,github
https://github.com/kdeldycke/mail-deduplicate,stars,2017-06-06,57,github
https://github.com/kdeldycke/mail-deduplicate,stars,2017-07-22,58,github
https://github.com/kdeldycke/mail-deduplicate,stars,2017-08-06,59,github
https://github.com/kdeldycke/mail-deduplicate,stars,2017-09-19,60,github
https://github.com/kdeldycke/mail-deduplicate,stars,2017-10-08,61,github
https://github.com/kdeldycke/mail-deduplicate,stars,2017-11-03,62,github
https://github.com/kdeldycke/mail-deduplicate,stars,2017-12-26,63,github
https://github.com/kdeldycke/mail-deduplicate,stars,2018-01-14,64,github
https://github.com/kdeldycke/mail-deduplicate,stars,2018-02-25,65,github
https://github.com/kdeldycke/mail-deduplicate,stars,2018-05-19,66,github
https://github.com/kdeldycke/mail-deduplicate,stars,2018-11-23,67,github
https://github.com/kdeldycke/mail-deduplicate,stars,2018-12-03,68,github
https://github.com/kdeldycke/mail-deduplicate,stars,2018-12-23,69,github
https://github.com/kdeldycke/mail-deduplicate,stars,2019-01-01,70,github
https://github.com/kdeldycke/mail-deduplicate,stars,2019-01-30,71,github
https://github.com/kdeldycke/mail-deduplicate,stars,2019-02-24,72,github
https://github.com/kdeldycke/mail-deduplicate,stars,2019-03-20,73,github
https://github.com/kdeldycke/mail-deduplicate,stars,2019-06-12,74,github
https://github.com/kdeldycke/mail-deduplicate,stars,2019-09-05,75,github
https://github.com/kdeldycke/mail-deduplicate,stars,2019-10-15,76,github
https://github.com/kdeldycke/mail-deduplicate,stars,2020-05-10,77,github
https://github.com/kdeldycke/mail-deduplicate,stars,2020-06-04,78,github
https://github.com/kdeldycke/mail-deduplicate,stars,2020-06-11,79,github
https://github.com/kdeldycke/mail-deduplicate,stars,2020-08-01,80,github
https://github.com/kdeldycke/mail-deduplicate,stars,2020-08-29,81,github
https://github.com/kdeldycke/mail-deduplicate,stars,2020-09-09,82,github
https://github.com/kdeldycke/mail-deduplicate,stars,2020-09-10,83,github
https://github.com/kdeldycke/mail-deduplicate,stars,2020-09-29,84,github
https://github.com/kdeldycke/mail-deduplicate,stars,2020-10-24,85,github
https://github.com/kdeldycke/mail-deduplicate,stars,2020-10-30,86,github
https://github.com/kdeldycke/mail-deduplicate,stars,2020-12-21,87,github
https://github.com/kdeldycke/mail-deduplicate,stars,2021-01-05,88,github
https://github.com/kdeldycke/mail-deduplicate,stars,2021-01-14,90,github
https://github.com/kdeldycke/mail-deduplicate,stars,2021-01-20,91,github
https://github.com/kdeldycke/mail-deduplicate,stars,2021-01-24,92,github
https://github.com/kdeldycke/mail-deduplicate,stars,2021-01-26,94,github
https://github.com/kdeldycke/mail-deduplicate,stars,2021-01-29,95,github
https://github.com/kdeldycke/mail-deduplicate,stars,2021-02-05,96,github
https://github.com/kdeldycke/mail-deduplicate,stars,2021-02-18,97,github
https://github.com/kdeldycke/mail-deduplicate,stars,2021-02-25,98,github
https://github.com/kdeldycke/mail-deduplicate,stars,2021-02-26,99,github
https://github.com/kdeldycke/mail-deduplicate,stars,2021-03-29,100,github
https://github.com/kdeldycke/mail-deduplicate,stars,2021-04-13,101,github
https://github.com/kdeldycke/mail-deduplicate,stars,2021-04-16,102,github
https://github.com/kdeldycke/mail-deduplicate,stars,2021-05-21,104,github
https://github.com/kdeldycke/mail-deduplicate,stars,2021-08-13,105,github
https://github.com/kdeldycke/mail-deduplicate,stars,2021-11-02,106,github
https://github.com/kdeldycke/mail-deduplicate,stars,2021-12-05,107,github
https://github.com/kdeldycke/mail-deduplicate,stars,2021-12-24,108,github
https://github.com/kdeldycke/mail-deduplicate,stars,2022-01-02,109,github
https://github.com/kdeldycke/mail-deduplicate,stars,2022-02-08,110,github
https://github.com/kdeldycke/mail-deduplicate,stars,2022-03-04,111,github
https://github.com/kdeldycke/mail-deduplicate,stars,2022-03-18,112,github
https://github.com/kdeldycke/mail-deduplicate,stars,2022-03-30,113,github
https://github.com/kdeldycke/mail-deduplicate,stars,2022-04-09,114,github
https://github.com/kdeldycke/mail-deduplicate,stars,2022-06-01,115,github
https://github.com/kdeldycke/mail-deduplicate,stars,2022-06-02,116,github
https://github.com/kdeldycke/mail-deduplicate,stars,2022-06-10,117,github
https://github.com/kdeldycke/mail-deduplicate,stars,2022-08-30,118,github
https://github.com/kdeldycke/mail-deduplicate,stars,2022-09-15,119,github
https://github.com/kdeldycke/mail-deduplicate,stars,2022-09-16,120,github
https://github.com/kdeldycke/mail-deduplicate,stars,2022-10-31,121,github
https://github.com/kdeldycke/mail-deduplicate,stars,2022-11-06,122,github
https://github.com/kdeldycke/mail-deduplicate,stars,2022-12-01,123,github
https://github.com/kdeldycke/mail-deduplicate,stars,2022-12-02,124,github
https://github.com/kdeldycke/mail-deduplicate,stars,2022-12-13,125,github
https://github.com/kdeldycke/mail-deduplicate,stars,2023-02-21,126,github
https://github.com/kdeldycke/mail-deduplicate,stars,2023-03-08,127,github
https://github.com/kdeldycke/mail-deduplicate,stars,2023-03-15,128,github
https://github.com/kdeldycke/mail-deduplicate,stars,2023-03-18,129,github
https://github.com/kdeldycke/mail-deduplicate,stars,2023-03-31,130,github
https://github.com/kdeldycke/mail-deduplicate,stars,2023-04-02,131,github
https://github.com/kdeldycke/mail-deduplicate,stars,2023-04-24,132,github
https://github.com/kdeldycke/mail-deduplicate,stars,2023-05-19,133,github
https://github.com/kdeldycke/mail-deduplicate,stars,2023-06-01,134,github
https://github.com/kdeldycke/mail-deduplicate,stars,2023-07-06,135,github
https://github.com/kdeldycke/mail-deduplicate,stars,2023-08-07,136,github
https://github.com/kdeldycke/mail-deduplicate,stars,2023-08-14,137,github
https://github.com/kdeldycke/mail-deduplicate,stars,2023-08-30,138,github
https://github.com/kdeldycke/mail-deduplicate,stars,2023-10-04,139,github
https://github.com/kdeldycke/mail-deduplicate,stars,2023-10-12,140,github
https://github.com/kdeldycke/mail-deduplicate,stars,2023-10-18,141,github
https://github.com/kdeldycke/mail-deduplicate,stars,2023-10-31,142,github
https://github.com/kdeldycke/mail-deduplicate,stars,2023-12-06,143,github
https://github.com/kdeldycke/mail-deduplicate,stars,2024-01-17,144,github
https://github.com/kdeldycke/mail-deduplicate,stars,2024-01-25,145,github
https://github.com/kdeldycke/mail-deduplicate,stars,2024-02-09,146,github
https://github.com/kdeldycke/mail-deduplicate,stars,2024-02-26,147,github
https://github.com/kdeldycke/mail-deduplicate,stars,2024-02-28,148,github
https://github.com/kdeldycke/mail-deduplicate,stars,2024-04-19,149,github
https://github.com/kdeldycke/mail-deduplicate,stars,2024-04-21,150,github
https://github.com/kdeldycke/mail-deduplicate,stars,2024-04-24,151,github
https://github.com/kdeldycke/mail-deduplicate,stars,2024-05-09,152,github
https://github.com/kdeldycke/mail-deduplicate,stars,2024-06-30,153,github
https://github.com/kdeldycke/mail-deduplicate,stars,2024-07-07,154,github
https://github.com/kdeldycke/mail-deduplicate,stars,2024-08-03,155,github
https://github.com/kdeldycke/mail-deduplicate,stars,2024-08-04,156,github
https://github.com/kdeldycke/mail-deduplicate,stars,2024-08-18,157,github
https://github.com/kdeldycke/mail-deduplicate,stars,2024-09-10,158,github
https://github.com/kdeldycke/mail-deduplicate,stars,2024-10-13,159,github
https://github.com/kdeldycke/mail-deduplicate,stars,2024-11-26,160,github
https://github.com/kdeldycke/mail-deduplicate,stars,2024-12-12,161,github
https://github.com/kdeldycke/mail-deduplicate,stars,2024-12-28,163,github
https://github.com/kdeldycke/mail-deduplicate,stars,2024-12-30,164,github
https://github.com/kdeldycke/mail-deduplicate,stars,2025-01-26,165,github
https://github.com/kdeldycke/mail-deduplicate,stars,2025-02-17,166,github
https://github.com/kdeldycke/mail-deduplicate,stars,2025-02-18,167,github
https://github.com/kdeldycke/mail-deduplicate,stars,2025-03-17,168,github
https://github.com/kdeldycke/mail-deduplicate,stars,2025-03-28,169,github
https://github.com/kdeldycke/mail-deduplicate,stars,2025-04-11,170,github
https://github.com/kdeldycke/mail-deduplicate,stars,2025-04-13,171,github
https://github.com/kdeldycke/mail-deduplicate,stars,2025-04-15,172,github
https://github.com/kdeldycke/mail-deduplicate,stars,2025-05-02,173,github
https://github.com/kdeldycke/mail-deduplicate,stars,2025-06-08,174,github
https://github.com/kdeldycke/mail-deduplicate,stars,2025-08-02,175,github
https://github.com/kdeldycke/mail-deduplicate,stars,2025-10-12,176,github
https://github.com/kdeldycke/mail-deduplicate,stars,2025-11-11,177,github
https://github.com/kdeldycke/mail-deduplicate,stars,2025-11-24,182,github
https://github.com/kdeldycke/mail-deduplicate,stars,2025-11-25,183,github
https://github.com/kdeldycke/mail-deduplicate,stars,2025-11-26,184,github
https://github.com/kdeldycke/mail-deduplicate,stars,2025-12-07,185,github
https://github.com/kdeldycke/mail-deduplicate,stars,2025-12-09,186,github
https://github.com/kdeldycke/mail-deduplicate,stars,2025-12-11,187,github
https://github.com/kdeldycke/mail-deduplicate,stars,2025-12-12,188,github
https://github.com/kdeldycke/mail-deduplicate,stars,2026-01-04,189,github
https://github.com/kdeldycke/mail-deduplicate,stars,2026-03-24,190,github
https://github.com/kdeldycke/mail-deduplicate,stars,2026-03-27,191,github
https://github.com/kdeldycke/mail-deduplicate,stars,2026-03-31,192,github
https://github.com/kdeldycke/mail-deduplicate,stars,2026-04-07,193,github
https://github.com/kdeldycke/mail-deduplicate,stars,2026-04-25,194,github
https://github.com/kdeldycke/mail-deduplicate,stars,2026-05-11,195,github
https://github.com/kdeldycke/mail-deduplicate,stars,2026-06-11,196,github
https://github.com/kdeldycke/mail-deduplicate,stars,2026-07-18,197,github
https://github.com/kdeldycke/mail-deduplicate,stars,2026-08-02,198,github
https://github.com/kdeldycke/mail-deduplicate,stars,2026-08-04,199,github
https://github.com/kdeldycke/mail-deduplicate,stars,2026-08-20,200,sample
https://github.com/kdeldycke/meta-package-manager,commit,2026-08-20,2026-08-20,sample
https://github.com/kdeldycke/meta-package-manager,release,2026-08-20,2026-08-11,sample
https://github.com/kdeldycke/meta-package-manager,release_source,2026-08-20,release,sample
https://github.com/kdeldycke/meta-package-manager,stars,2016-08-17,0,created
https://github.com/kdeldycke/meta-package-manager,stars,2016-08-22,1,github
https://github.com/kdeldycke/meta-package-manager,stars,2016-11-21,2,github
https://github.com/kdeldycke/meta-package-manager,stars,2016-12-09,3,github
https://github.com/kdeldycke/meta-package-manager,stars,2016-12-14,4,github
https://github.com/kdeldycke/meta-package-manager,stars,2016-12-15,5,github
https://github.com/kdeldycke/meta-package-manager,stars,2017-01-13,7,github
https://github.com/kdeldycke/meta-package-manager,stars,2017-01-17,8,github
https://github.com/kdeldycke/meta-package-manager,stars,2017-02-03,9,github
https://github.com/kdeldycke/meta-package-manager,stars,2017-02-22,10,github
https://github.com/kdeldycke/meta-package-manager,stars,2017-03-02,11,github
https://github.com/kdeldycke/meta-package-manager,stars,2017-04-17,12,github
https://github.com/kdeldycke/meta-package-manager,stars,2017-05-18,13,github
https://github.com/kdeldycke/meta-package-manager,stars,2017-05-24,14,github
https://github.com/kdeldycke/meta-package-manager,stars,2017-06-07,15,github
https://github.com/kdeldycke/meta-package-manager,stars,2017-06-10,16,github
https://github.com/kdeldycke/meta-package-manager,stars,2017-08-11,17,github
https://github.com/kdeldycke/meta-package-manager,stars,2017-09-27,18,github
https://github.com/kdeldycke/meta-package-manager,stars,2017-09-30,19,github
https://github.com/kdeldycke/meta-package-manager,stars,2017-10-18,20,github
https://github.com/kdeldycke/meta-package-manager,stars,2017-10-26,21,github
https://github.com/kdeldycke/meta-package-manager,stars,2017-10-28,22,github
https://github.com/kdeldycke/meta-package-manager,stars,2017-11-07,23,github
https://github.com/kdeldycke/meta-package-manager,stars,2017-11-08,24,github
https://github.com/kdeldycke/meta-package-manager,stars,2017-12-04,25,github
https://github.com/kdeldycke/meta-package-manager,stars,2017-12-11,26,github
https://github.com/kdeldycke/meta-package-manager,stars,2018-01-09,27,github
https://github.com/kdeldycke/meta-package-manager,stars,2018-03-26,28,github
https://github.com/kdeldycke/meta-package-manager,stars,2018-04-01,29,github
https://github.com/kdeldycke/meta-package-manager,stars,2018-04-02,30,github
https://github.com/kdeldycke/meta-package-manager,stars,2018-04-05,31,github
https://github.com/kdeldycke/meta-package-manager,stars,2018-04-07,32,github
https://github.com/kdeldycke/meta-package-manager,stars,2018-04-20,33,github
https://github.com/kdeldycke/meta-package-manager,stars,2018-05-05,34,github
https://github.com/kdeldycke/meta-package-manager,stars,2018-06-11,35,github
https://github.com/kdeldycke/meta-package-manager,stars,2018-06-20,36,github
https://github.com/kdeldycke/meta-package-manager,stars,2018-07-02,37,github
https://github.com/kdeldycke/meta-package-manager,stars,2018-07-09,38,github
https://github.com/kdeldycke/meta-package-manager,stars,2018-07-13,39,github
https://github.com/kdeldycke/meta-package-manager,stars,2018-08-31,40,github
https://github.com/kdeldycke/meta-package-manager,stars,2018-10-06,41,github
https://github.com/kdeldycke/meta-package-manager,stars,2018-10-28,42,github
https://github.com/kdeldycke/meta-package-manager,stars,2018-11-15,43,github
https://github.com/kdeldycke/meta-package-manager,stars,2018-11-30,44,github
https://github.com/kdeldycke/meta-package-manager,stars,2018-12-29,45,github
https://github.com/kdeldycke/meta-package-manager,stars,2019-01-25,46,github
https://github.com/kdeldycke/meta-package-manager,stars,2019-06-05,47,github
https://github.com/kdeldycke/meta-package-manager,stars,2019-06-14,48,github
https://github.com/kdeldycke/meta-package-manager,stars,2019-07-18,49,github
https://github.com/kdeldycke/meta-package-manager,stars,2019-07-28,50,github
https://github.com/kdeldycke/meta-package-manager,stars,2019-08-12,51,github
https://github.com/kdeldycke/meta-package-manager,stars,2019-08-26,52,github
https://github.com/kdeldycke/meta-package-manager,stars,2019-09-30,53,github
https://github.com/kdeldycke/meta-package-manager,stars,2019-10-20,54,github
https://github.com/kdeldycke/meta-package-manager,stars,2019-10-26,55,github
https://github.com/kdeldycke/meta-package-manager,stars,2019-11-19,56,github
https://github.com/kdeldycke/meta-package-manager,stars,2020-01-21,57,github
https://github.com/kdeldycke/meta-package-manager,stars,2020-02-13,58,github
https://github.com/kdeldycke/meta-package-manager,stars,2020-02-16,59,github
https://github.com/kdeldycke/meta-package-manager,stars,2020-03-20,60,github
https://github.com/kdeldycke/meta-package-manager,stars,2020-03-31,61,github
https://github.com/kdeldycke/meta-package-manager,stars,2020-04-28,62,github
https://github.com/kdeldycke/meta-package-manager,stars,2020-05-04,63,github
https://github.com/kdeldycke/meta-package-manager,stars,2020-06-11,64,github
https://github.com/kdeldycke/meta-package-manager,stars,2020-07-01,65,github
https://github.com/kdeldycke/meta-package-manager,stars,2020-07-08,66,github
https://github.com/kdeldycke/meta-package-manager,stars,2020-07-24,68,github
https://github.com/kdeldycke/meta-package-manager,stars,2020-07-25,69,github
https://github.com/kdeldycke/meta-package-manager,stars,2020-07-30,70,github
https://github.com/kdeldycke/meta-package-manager,stars,2020-08-04,73,github
https://github.com/kdeldycke/meta-package-manager,stars,2020-08-06,74,github
https://github.com/kdeldycke/meta-package-manager,stars,2020-08-07,76,github
https://github.com/kdeldycke/meta-package-manager,stars,2020-08-09,77,github
https://github.com/kdeldycke/meta-package-manager,stars,2020-08-17,78,github
https://github.com/kdeldycke/meta-package-manager,stars,2020-08-21,79,github
https://github.com/kdeldycke/meta-package-manager,stars,2020-08-27,80,github
https://github.com/kdeldycke/meta-package-manager,stars,2020-10-18,81,github
https://github.com/kdeldycke/meta-package-manager,stars,2020-11-05,82,github
https://github.com/kdeldycke/meta-package-manager,stars,2020-11-06,83,github
https://github.com/kdeldycke/meta-package-manager,stars,2020-11-13,84,github
https://github.com/kdeldycke/meta-package-manager,stars,2020-11-14,85,github
https://github.com/kdeldycke/meta-package-manager,stars,2020-12-10,87,github
https://github.com/kdeldycke/meta-package-manager,stars,2020-12-11,88,github
https://github.com/kdeldycke/meta-package-manager,stars,2021-01-03,91,github
https://github.com/kdeldycke/meta-package-manager,stars,2021-01-18,92,github
https://github.com/kdeldycke/meta-package-manager,stars,2021-01-31,93,github
https://github.com/kdeldycke/meta-package-manager,stars,2021-02-05,94,github
https://github.com/kdeldycke/meta-package-manager,stars,2021-02-17,95,github
https://github.com/kdeldycke/meta-package-manager,stars,2021-02-28,96,github
https://github.com/kdeldycke/meta-package-manager,stars,2021-04-04,97,github
https://github.com/kdeldycke/meta-package-manager,stars,2021-04-30,98,github
https://github.com/kdeldycke/meta-package-manager,stars,2021-05-17,99,github
https://github.com/kdeldycke/meta-package-manager,stars,2021-06-04,100,github
https://github.com/kdeldycke/meta-package-manager,stars,2021-06-05,101,github
https://github.com/kdeldycke/meta-package-manager,stars,2021-06-10,102,github
https://github.com/kdeldycke/meta-package-manager,stars,2021-06-22,103,github
https://github.com/kdeldycke/meta-package-manager,stars,2021-06-30,104,github
https://github.com/kdeldycke/meta-package-manager,stars,2021-08-05,105,github
https://github.com/kdeldycke/meta-package-manager,stars,2021-08-07,106,github
https://github.com/kdeldycke/meta-package-manager,stars,2021-08-19,107,github
https://github.com/kdeldycke/meta-package-manager,stars,2021-08-29,108,github
https://github.com/kdeldycke/meta-package-manager,stars,2021-09-24,109,github
https://github.com/kdeldycke/meta-package-manager,stars,2021-09-28,110,github
https://github.com/kdeldycke/meta-package-manager,stars,2021-09-30,111,github
https://github.com/kdeldycke/meta-package-manager,stars,2021-10-05,112,github
https://github.com/kdeldycke/meta-package-manager,stars,2021-10-15,113,github
https://github.com/kdeldycke/meta-package-manager,stars,2021-11-02,114,github
https://github.com/kdeldycke/meta-package-manager,stars,2021-11-07,115,github
https://github.com/kdeldycke/meta-package-manager,stars,2021-11-11,116,github
https://github.com/kdeldycke/meta-package-manager,stars,2021-11-23,117,github
https://github.com/kdeldycke/meta-package-manager,stars,2021-11-29,118,github
https://github.com/kdeldycke/meta-package-manager,stars,2021-12-08,119,github
https://github.com/kdeldycke/meta-package-manager,stars,2021-12-10,120,github
https://github.com/kdeldycke/meta-package-manager,stars,2021-12-11,121,github
https://github.com/kdeldycke/meta-package-manager,stars,2021-12-13,122,github
https://github.com/kdeldycke/meta-package-manager,stars,2021-12-14,123,github
https://github.com/kdeldycke/meta-package-manager,stars,2022-01-04,124,github
https://github.com/kdeldycke/meta-package-manager,stars,2022-01-14,125,github
https://github.com/kdeldycke/meta-package-manager,stars,2022-01-15,126,github
https://github.com/kdeldycke/meta-package-manager,stars,2022-01-17,127,github
https://github.com/kdeldycke/meta-package-manager,stars,2022-01-23,128,github
https://github.com/kdeldycke/meta-package-manager,stars,2022-02-06,129,github
https://github.com/kdeldycke/meta-package-manager,stars,2022-02-10,136,github
https://github.com/kdeldycke/meta-package-manager,stars,2022-02-11,143,github
https://github.com/kdeldycke/meta-package-manager,stars,2022-02-12,144,github
https://github.com/kdeldycke/meta-package-manager,stars,2022-02-13,145,github
https://github.com/kdeldycke/meta-package-manager,stars,2022-02-15,146,github
https://github.com/kdeldycke/meta-package-manager,stars,2022-02-16,147,github
https://github.com/kdeldycke/meta-package-manager,stars,2022-02-17,148,github
https://github.com/kdeldycke/meta-package-manager,stars,2022-02-19,149,github
https://github.com/kdeldycke/meta-package-manager,stars,2022-02-26,150,github
https://github.com/kdeldycke/meta-package-manager,stars,2022-02-27,151,github
https://github.com/kdeldycke/meta-package-manager,stars,2022-02-28,152,github
https://github.com/kdeldycke/meta-package-manager,stars,2022-03-10,153,github
https://github.com/kdeldycke/meta-package-manager,stars,2022-03-11,160,github
https://github.com/kdeldycke/meta-package-manager,stars,2022-03-12,171,github
https://github.com/kdeldycke/meta-package-manager,stars,2022-03-13,172,github
https://github.com/kdeldycke/meta-package-manager,stars,2022-03-14,176,github
https://github.com/kdeldycke/meta-package-manager,stars,2022-03-15,185,github
https://github.com/kdeldycke/meta-package-manager,stars,2022-03-16,192,github
https://github.com/kdeldycke/meta-package-manager,stars,2022-03-17,194,github
https://github.com/kdeldycke/meta-package-manager,stars,2022-03-18,195,github
https://github.com/kdeldycke/meta-package-manager,stars,2022-03-21,196,github
https://github.com/kdeldycke/meta-package-manager,stars,2022-03-22,197,github
https://github.com/kdeldycke/meta-package-manager,stars,2022-03-26,198,github
https://github.com/kdeldycke/meta-package-manager,stars,2022-04-06,199,github
https://github.com/kdeldycke/meta-package-manager,stars,2022-04-11,200,github
https://github.com/kdeldycke/meta-package-manager,stars,2022-04-13,201,github
https://github.com/kdeldycke/meta-package-manager,stars,2022-04-26,202,github
https://github.com/kdeldycke/meta-package-manager,stars,2022-04-29,205,github
https://github.com/kdeldycke/meta-package-manager,stars,2022-04-30,206,github
https://github.com/kdeldycke/meta-package-manager,stars,2022-05-01,208,github
https://github.com/kdeldycke/meta-package-manager,stars,2022-05-02,209,github
https://github.com/kdeldycke/meta-package-manager,stars,2022-05-03,210,github
https://github.com/kdeldycke/meta-package-manager,stars,2022-05-06,211,github
https://github.com/kdeldycke/meta-package-manager,stars,2022-05-12,212,github
https://github.com/kdeldycke/meta-package-manager,stars,2022-05-14,213,github
https://github.com/kdeldycke/meta-package-manager,stars,2022-05-20,215,github
https://github.com/kdeldycke/meta-package-manager,stars,2022-05-22,216,github
https://github.com/kdeldycke/meta-package-manager,stars,2022-05-23,218,github
https://github.com/kdeldycke/meta-package-manager,stars,2022-05-26,219,github
https://github.com/kdeldycke/meta-package-manager,stars,2022-05-27,221,github
https://github.com/kdeldycke/meta-package-manager,stars,2022-05-28,222,github
https://github.com/kdeldycke/meta-package-manager,stars,2022-05-30,223,github
https://github.com/kdeldycke/meta-package-manager,stars,2022-06-02,224,github
https://github.com/kdeldycke/meta-package-manager,stars,2022-06-07,225,github
https://github.com/kdeldycke/meta-package-manager,stars,2022-06-08,226,github
https://github.com/kdeldycke/meta-package-manager,stars,2022-06-14,227,github
https://github.com/kdeldycke/meta-package-manager,stars,2022-06-15,229,github
https://github.com/kdeldycke/meta-package-manager,stars,2022-06-20,232,github
https://github.com/kdeldycke/meta-package-manager,stars,2022-06-21,234,github
https://github.com/kdeldycke/meta-package-manager,stars,2022-06-23,235,github
https://github.com/kdeldycke/meta-package-manager,stars,2022-06-26,236,github
https://github.com/kdeldycke/meta-package-manager,stars,2022-06-28,237,github
https://github.com/kdeldycke/meta-package-manager,stars,2022-07-09,239,github
https://github.com/kdeldycke/meta-package-manager,stars,2022-07-12,240,github
https://github.com/kdeldycke/meta-package-manager,stars,2022-07-13,241,github
https://github.com/kdeldycke/meta-package-manager,stars,2022-07-14,243,github
https://github.com/kdeldycke/meta-package-manager,stars,2022-07-18,244,github
https://github.com/kdeldycke/meta-package-manager,stars,2022-07-20,245,github
https://github.com/kdeldycke/meta-package-manager,stars,2022-07-21,246,github
https://github.com/kdeldycke/meta-package-manager,stars,2022-07-29,247,github
https://github.com/kdeldycke/meta-package-manager,stars,2022-08-13,248,github
https://github.com/kdeldycke/meta-package-manager,stars,2022-08-16,249,github
https://github.com/kdeldycke/meta-package-manager,stars,2022-08-18,250,github
https://github.com/kdeldycke/meta-package-manager,stars,2022-08-21,252,github
https://github.com/kdeldycke/meta-package-manager,stars,2022-08-22,253,github
https://github.com/kdeldycke/meta-package-manager,stars,2022-08-24,254,github
https://github.com/kdeldycke/meta-package-manager,stars,2022-08-28,255,github
https://github.com/kdeldycke/meta-package-manager,stars,2022-08-30,257,github
https://github.com/kdeldycke/meta-package-manager,stars,2022-09-12,259,github
https://github.com/kdeldycke/meta-package-manager,stars,2022-09-15,260,github
https://github.com/kdeldycke/meta-package-manager,stars,2022-09-16,261,github
https://github.com/kdeldycke/meta-package-manager,stars,2022-09-30,262,github
https://github.com/kdeldycke/meta-package-manager,stars,2022-10-01,263,github
https://github.com/kdeldycke/meta-package-manager,stars,2022-10-02,264,github
https://github.com/kdeldycke/meta-package-manager,stars,2022-10-03,265,github
https://github.com/kdeldycke/meta-package-manager,stars,2022-10-06,266,github
https://github.com/kdeldycke/meta-package-manager,stars,2022-10-13,268,github
https://github.com/kdeldycke/meta-package-manager,stars,2022-10-17,269,github
https://github.com/kdeldycke/meta-package-manager,stars,2022-10-20,270,github
https://github.com/kdeldycke/meta-package-manager,stars,2022-10-21,271,github
https://github.com/kdeldycke/meta-package-manager,stars,2022-11-01,272,github
https://github.com/kdeldycke/meta-package-manager,stars,2022-11-06,273,github
https://github.com/kdeldycke/meta-package-manager,stars,2022-11-15,274,github
https://github.com/kdeldycke/meta-package-manager,stars,2022-11-18,276,github
https://github.com/kdeldycke/meta-package-manager,stars,2022-11-23,277,github
https://github.com/kdeldycke/meta-package-manager,stars,2022-11-25,278,github
https://github.com/kdeldycke/meta-package-manager,stars,2022-12-03,279,github
https://github.com/kdeldycke/meta-package-manager,stars,2022-12-05,280,github
https://github.com/kdeldycke/meta-package-manager,stars,2022-12-13,281,github
https://github.com/kdeldycke/meta-package-manager,stars,2022-12-14,282,github
https://github.com/kdeldycke/meta-package-manager,stars,2022-12-15,283,github
https://github.com/kdeldycke/meta-package-manager,stars,2022-12-20,284,github
https://github.com/kdeldycke/meta-package-manager,stars,2022-12-23,285,github
https://github.com/kdeldycke/meta-package-manager,stars,2022-12-27,286,github
https://github.com/kdeldycke/meta-package-manager,stars,2022-12-29,287,github
https://github.com/kdeldycke/meta-package-manager,stars,2023-01-01,288,github
https://github.com/kdeldycke/meta-package-manager,stars,2023-01-06,289,github
https://github.com/kdeldycke/meta-package-manager,stars,2023-01-07,290,github
https://github.com/kdeldycke/meta-package-manager,stars,2023-01-16,291,github
https://github.com/kdeldycke/meta-package-manager,stars,2023-01-20,292,github
https://github.com/kdeldycke/meta-package-manager,stars,2023-01-23,293,github
https://github.com/kdeldycke/meta-package-manager,stars,2023-01-24,294,github
https://github.com/kdeldycke/meta-package-manager,stars,2023-01-27,295,github
https://github.com/kdeldycke/meta-package-manager,stars,2023-01-28,296,github
https://github.com/kdeldycke/meta-package-manager,stars,2023-01-29,298,github
https://github.com/kdeldycke/meta-package-manager,stars,2023-02-01,299,github
https://github.com/kdeldycke/meta-package-manager,stars,2023-02-02,300,github
https://github.com/kdeldycke/meta-package-manager,stars,2023-02-04,302,github
https://github.com/kdeldycke/meta-package-manager,stars,2023-02-07,303,github
https://github.com/kdeldycke/meta-package-manager,stars,2023-02-10,306,github
https://github.com/kdeldycke/meta-package-manager,stars,2023-02-12,307,github
https://github.com/kdeldycke/meta-package-manager,stars,2023-02-14,308,github
https://github.com/kdeldycke/meta-package-manager,stars,2023-02-16,309,github
https://github.com/kdeldycke/meta-package-manager,stars,2023-02-21,313,github
https://github.com/kdeldycke/meta-package-manager,stars,2023-02-26,314,github
https://github.com/kdeldycke/meta-package-manager,stars,2023-03-03,315,github
https://github.com/kdeldycke/meta-package-manager,stars,2023-03-08,317,github
https://github.com/kdeldycke/meta-package-manager,stars,2023-03-15,318,github
https://github.com/kdeldycke/meta-package-manager,stars,2023-03-17,319,github
https://github.com/kdeldycke/meta-package-manager,stars,2023-03-18,321,github
https://github.com/kdeldycke/meta-package-manager,stars,2023-03-20,322,github
https://github.com/kdeldycke/meta-package-manager,stars,2023-03-28,323,github
https://github.com/kdeldycke/meta-package-manager,stars,2023-04-04,325,github
https://github.com/kdeldycke/meta-package-manager,stars,2023-04-05,326,github
https://github.com/kdeldycke/meta-package-manager,stars,2023-04-07,327,github
https://github.com/kdeldycke/meta-package-manager,stars,2023-04-09,329,github
https://github.com/kdeldycke/meta-package-manager,stars,2023-04-10,332,github
https://github.com/kdeldycke/meta-package-manager,stars,2023-04-11,335,github
https://github.com/kdeldycke/meta-package-manager,stars,2023-04-12,339,github
https://github.com/kdeldycke/meta-package-manager,stars,2023-04-13,340,github
https://github.com/kdeldycke/meta-package-manager,stars,2023-04-15,342,github
https://github.com/kdeldycke/meta-package-manager,stars,2023-04-17,344,github
https://github.com/kdeldycke/meta-package-manager,stars,2023-04-19,345,github
https://github.com/kdeldycke/meta-package-manager,stars,2023-04-25,346,github
https://github.com/kdeldycke/meta-package-manager,stars,2023-04-27,347,github
https://github.com/kdeldycke/meta-package-manager,stars,2023-04-30,348,github
https://github.com/kdeldycke/meta-package-manager,stars,2023-05-02,351,github
https://github.com/kdeldycke/meta-package-manager,stars,2023-05-07,352,github
https://github.com/kdeldycke/meta-package-manager,stars,2023-05-10,353,github
https://github.com/kdeldycke/meta-package-manager,stars,2023-05-11,354,github
https://github.com/kdeldycke/meta-package-manager,stars,2023-05-25,355,github
https://github.com/kdeldycke/meta-package-manager,stars,2023-06-01,356,github
https://github.com/kdeldycke/meta-package-manager,stars,2023-06-06,357,github
https://github.com/kdeldycke/meta-package-manager,stars,2023-06-13,359,github
https://github.com/kdeldycke/meta-package-manager,stars,2023-06-16,360,github
https://github.com/kdeldycke/meta-package-manager,stars,2023-06-18,361,github
https://github.com/kdeldycke/meta-package-manager,stars,2023-06-19,363,github
https://github.com/kdeldycke/meta-package-manager,stars,2023-06-21,364,github
https://github.com/kdeldycke/meta-package-manager,stars,2023-06-23,365,github
https://github.com/kdeldycke/meta-package-manager,stars,2023-06-24,366,github
https://github.com/kdeldycke/meta-package-manager,stars,2023-07-13,367,github
https://github.com/kdeldycke/meta-package-manager,stars,2023-07-15,368,github
https://github.com/kdeldycke/meta-package-manager,stars,2023-07-18,369,github
https://github.com/kdeldycke/meta-package-manager,stars,2023-08-03,370,github
https://github.com/kdeldycke/meta-package-manager,stars,2023-08-12,371,github
https://github.com/kdeldycke/meta-package-manager,stars,2023-08-24,372,github
https://github.com/kdeldycke/meta-package-manager,stars,2023-08-28,373,github
https://github.com/kdeldycke/meta-package-manager,stars,2023-09-04,375,github
https://github.com/kdeldycke/meta-package-manager,stars,2023-09-09,376,github
https://github.com/kdeldycke/meta-package-manager,stars,2023-09-27,377,github
https://github.com/kdeldycke/meta-package-manager,stars,2023-09-30,378,github
https://github.com/kdeldycke/meta-package-manager,stars,2023-10-02,379,github
https://github.com/kdeldycke/meta-package-manager,stars,2023-10-06,380,github
https://github.com/kdeldycke/meta-package-manager,stars,2023-10-15,381,github
https://github.com/kdeldycke/meta-package-manager,stars,2023-10-17,382,github
https://github.com/kdeldycke/meta-package-manager,stars,2023-10-18,384,github
https://github.com/kdeldycke/meta-package-manager,stars,2023-10-19,385,github
https://github.com/kdeldycke/meta-package-manager,stars,2023-10-24,386,github
https://github.com/kdeldycke/meta-package-manager,stars,2023-10-28,387,github
https://github.com/kdeldycke/meta-package-manager,stars,2023-10-29,388,github
https://github.com/kdeldycke/meta-package-manager,stars,2023-11-01,389,github
https://github.com/kdeldycke/meta-package-manager,stars,2023-11-03,390,github
https://github.com/kdeldycke/meta-package-manager,stars,2023-11-08,391,github
https://github.com/kdeldycke/meta-package-manager,stars,2023-11-13,392,github
https://github.com/kdeldycke/meta-package-manager,stars,2023-11-15,393,github
https://github.com/kdeldycke/meta-package-manager,stars,2023-11-22,394,github
https://github.com/kdeldycke/meta-package-manager,stars,2023-12-04,395,github
https://github.com/kdeldycke/meta-package-manager,stars,2023-12-10,396,github
https://github.com/kdeldycke/meta-package-manager,stars,2023-12-30,397,github
https://github.com/kdeldycke/meta-package-manager,stars,2023-12-31,398,github
https://github.com/kdeldycke/meta-package-manager,stars,2024-01-02,399,github
https://github.com/kdeldycke/meta-package-manager,stars,2024-01-16,401,github
https://github.com/kdeldycke/meta-package-manager,stars,2024-01-17,402,github
https://github.com/kdeldycke/meta-package-manager,stars,2024-01-18,403,github
https://github.com/kdeldycke/meta-package-manager,stars,2024-01-29,404,github
https://github.com/kdeldycke/meta-package-manager,stars,2024-02-01,405,github
https://github.com/kdeldycke/meta-package-manager,stars,2024-02-04,406,github
https://github.com/kdeldycke/meta-package-manager,stars,2024-02-28,407,github
https://github.com/kdeldycke/meta-package-manager,stars,2024-03-01,408,github
https://github.com/kdeldycke/meta-package-manager,stars,2024-03-05,409,github
https://github.com/kdeldycke/meta-package-manager,stars,2024-03-11,410,github
https://github.com/kdeldycke/meta-package-manager,stars,2024-03-13,411,github
https://github.com/kdeldycke/meta-package-manager,stars,2024-03-18,412,github
https://github.com/kdeldycke/meta-package-manager,stars,2024-03-21,413,github
https://github.com/kdeldycke/meta-package-manager,stars,2024-03-31,414,github
https://github.com/kdeldycke/meta-package-manager,stars,2024-04-03,415,github
https://github.com/kdeldycke/meta-package-manager,stars,2024-04-18,416,github
https://github.com/kdeldycke/meta-package-manager,stars,2024-04-20,417,github
https://github.com/kdeldycke/meta-package-manager,stars,2024-04-21,419,github
https://github.com/kdeldycke/meta-package-manager,stars,2024-04-22,420,github
https://github.com/kdeldycke/meta-package-manager,stars,2024-04-26,421,github
https://github.com/kdeldycke/meta-package-manager,stars,2024-05-09,422,github
https://github.com/kdeldycke/meta-package-manager,stars,2024-05-15,424,github
https://github.com/kdeldycke/meta-package-manager,stars,2024-05-17,425,github
https://github.com/kdeldycke/meta-package-manager,stars,2024-05-20,426,github
https://github.com/kdeldycke/meta-package-manager,stars,2024-06-20,427,github
https://github.com/kdeldycke/meta-package-manager,stars,2024-06-21,428,github
https://github.com/kdeldycke/meta-package-manager,stars,2024-06-26,429,github
https://github.com/kdeldycke/meta-package-manager,stars,2024-06-28,430,github
https://github.com/kdeldycke/meta-package-manager,stars,2024-07-01,431,github
https://github.com/kdeldycke/meta-package-manager,stars,2024-07-04,432,github
https://github.com/kdeldycke/meta-package-manager,stars,2024-07-05,433,github
https://github.com/kdeldycke/meta-package-manager,stars,2024-07-09,434,github
https://github.com/kdeldycke/meta-package-manager,stars,2024-07-26,435,github
https://github.com/kdeldycke/meta-package-manager,stars,2024-08-03,436,github
https://github.com/kdeldycke/meta-package-manager,stars,2024-08-04,437,github
https://github.com/kdeldycke/meta-package-manager,stars,2024-08-05,438,github
https://github.com/kdeldycke/meta-package-manager,stars,2024-08-15,439,github
https://github.com/kdeldycke/meta-package-manager,stars,2024-08-28,440,github
https://github.com/kdeldycke/meta-package-manager,stars,2024-09-18,441,github
https://github.com/kdeldycke/meta-package-manager,stars,2024-09-23,442,github
https://github.com/kdeldycke/meta-package-manager,stars,2024-09-24,443,github
https://github.com/kdeldycke/meta-package-manager,stars,2024-09-28,444,github
https://github.com/kdeldycke/meta-package-manager,stars,2024-10-02,445,github
https://github.com/kdeldycke/meta-package-manager,stars,2024-10-03,446,github
https://github.com/kdeldycke/meta-package-manager,stars,2024-10-09,447,github
https://github.com/kdeldycke/meta-package-manager,stars,2024-10-22,449,github
https://github.com/kdeldycke/meta-package-manager,stars,2024-10-27,452,github
https://github.com/kdeldycke/meta-package-manager,stars,2024-10-29,453,github
https://github.com/kdeldycke/meta-package-manager,stars,2024-10-30,454,github
https://github.com/kdeldycke/meta-package-manager,stars,2024-11-12,455,github
https://github.com/kdeldycke/meta-package-manager,stars,2024-11-13,457,github
https://github.com/kdeldycke/meta-package-manager,stars,2024-11-16,458,github
https://github.com/kdeldycke/meta-package-manager,stars,2024-11-23,459,github
https://github.com/kdeldycke/meta-package-manager,stars,2024-11-25,460,github
https://github.com/kdeldycke/meta-package-manager,stars,2024-11-30,461,github
https://github.com/kdeldycke/meta-package-manager,stars,2024-12-03,462,github
https://github.com/kdeldycke/meta-package-manager,stars,2024-12-17,463,github
https://github.com/kdeldycke/meta-package-manager,stars,2024-12-28,467,github
https://github.com/kdeldycke/meta-package-manager,stars,2024-12-29,469,github
https://github.com/kdeldycke/meta-package-manager,stars,2024-12-30,471,github
https://github.com/kdeldycke/meta-package-manager,stars,2025-01-01,472,github
https://github.com/kdeldycke/meta-package-manager,stars,2025-01-06,473,github
https://github.com/kdeldycke/meta-package-manager,stars,2025-01-11,474,github
https://github.com/kdeldycke/meta-package-manager,stars,2025-01-17,475,github
https://github.com/kdeldycke/meta-package-manager,stars,2025-02-02,476,github
https://github.com/kdeldycke/meta-package-manager,stars,2025-02-04,477,github
https://github.com/kdeldycke/meta-package-manager,stars,2025-02-08,478,github
https://github.com/kdeldycke/meta-package-manager,stars,2025-02-17,479,github
https://github.com/kdeldycke/meta-package-manager,stars,2025-02-23,480,github
https://github.com/kdeldycke/meta-package-manager,stars,2025-03-07,481,github
https://github.com/kdeldycke/meta-package-manager,stars,2025-03-09,482,github
https://github.com/kdeldycke/meta-package-manager,stars,2025-03-14,483,github
https://github.com/kdeldycke/meta-package-manager,stars,2025-03-21,484,github
https://github.com/kdeldycke/meta-package-manager,stars,2025-03-23,485,github
https://github.com/kdeldycke/meta-package-manager,stars,2025-03-27,486,github
https://github.com/kdeldycke/meta-package-manager,stars,2025-04-02,487,github
https://github.com/kdeldycke/meta-package-manager,stars,2025-04-08,488,github
https://github.com/kdeldycke/meta-package-manager,stars,2025-04-25,489,github
https://github.com/kdeldycke/meta-package-manager,stars,2025-05-02,490,github
https://github.com/kdeldycke/meta-package-manager,stars,2025-05-09,491,github
https://github.com/kdeldycke/meta-package-manager,stars,2025-05-25,493,github
https://github.com/kdeldycke/meta-package-manager,stars,2025-05-27,494,github
https://github.com/kdeldycke/meta-package-manager,stars,2025-05-28,495,github
https://github.com/kdeldycke/meta-package-manager,stars,2025-05-31,496,github
https://github.com/kdeldycke/meta-package-manager,stars,2025-06-03,497,github
https://github.com/kdeldycke/meta-package-manager,stars,2025-06-04,498,github
https://github.com/kdeldycke/meta-package-manager,stars,2025-06-06,499,github
https://github.com/kdeldycke/meta-package-manager,stars,2025-06-11,500,github
https://github.com/kdeldycke/meta-package-manager,stars,2025-06-16,501,github
https://github.com/kdeldycke/meta-package-manager,stars,2025-06-18,502,github
https://github.com/kdeldycke/meta-package-manager,stars,2025-06-19,503,github
https://github.com/kdeldycke/meta-package-manager,stars,2025-06-20,504,github
https://github.com/kdeldycke/meta-package-manager,stars,2025-06-25,505,github
https://github.com/kdeldycke/meta-package-manager,stars,2025-06-27,506,github
https://github.com/kdeldycke/meta-package-manager,stars,2025-07-03,508,github
https://github.com/kdeldycke/meta-package-manager,stars,2025-07-05,509,github
https://github.com/kdeldycke/meta-package-manager,stars,2025-07-06,510,github
https://github.com/kdeldycke/meta-package-manager,stars,2025-07-12,511,github
https://github.com/kdeldycke/meta-package-manager,stars,2025-07-17,512,github
https://github.com/kdeldycke/meta-package-manager,stars,2025-07-23,513,github
https://github.com/kdeldycke/meta-package-manager,stars,2025-07-26,514,github
https://github.com/kdeldycke/meta-package-manager,stars,2025-07-30,515,github
https://github.com/kdeldycke/meta-package-manager,stars,2025-07-31,516,github
https://github.com/kdeldycke/meta-package-manager,stars,2025-08-10,517,github
https://github.com/kdeldycke/meta-package-manager,stars,2025-08-15,518,github
https://github.com/kdeldycke/meta-package-manager,stars,2025-09-01,519,github
https://github.com/kdeldycke/meta-package-manager,stars,2025-09-06,520,github
https://github.com/kdeldycke/meta-package-manager,stars,2025-09-14,521,github
https://github.com/kdeldycke/meta-package-manager,stars,2025-09-22,522,github
https://github.com/kdeldycke/meta-package-manager,stars,2025-09-25,523,github
https://github.com/kdeldycke/meta-package-manager,stars,2025-09-27,525,github
https://github.com/kdeldycke/meta-package-manager,stars,2025-09-30,526,github
https://github.com/kdeldycke/meta-package-manager,stars,2025-10-11,527,github
https://github.com/kdeldycke/meta-package-manager,stars,2025-10-20,528,github
https://github.com/kdeldycke/meta-package-manager,stars,2025-10-22,529,github
https://github.com/kdeldycke/meta-package-manager,stars,2025-10-26,530,github
https://github.com/kdeldycke/meta-package-manager,stars,2025-11-07,531,github
https://github.com/kdeldycke/meta-package-manager,stars,2025-11-10,532,github
https://github.com/kdeldycke/meta-package-manager,stars,2025-11-11,533,github
https://github.com/kdeldycke/meta-package-manager,stars,2025-11-12,534,github
https://github.com/kdeldycke/meta-package-manager,stars,2025-11-13,535,github
https://github.com/kdeldycke/meta-package-manager,stars,2025-11-22,536,github
https://github.com/kdeldycke/meta-package-manager,stars,2025-11-23,537,github
https://github.com/kdeldycke/meta-package-manager,stars,2025-11-26,539,github
https://github.com/kdeldycke/meta-package-manager,stars,2025-12-08,540,github
https://github.com/kdeldycke/meta-package-manager,stars,2025-12-11,541,github
https://github.com/kdeldycke/meta-package-manager,stars,2025-12-13,542,github
https://github.com/kdeldycke/meta-package-manager,stars,2025-12-19,543,github
https://github.com/kdeldycke/meta-package-manager,stars,2025-12-21,544,github
https://github.com/kdeldycke/meta-package-manager,stars,2025-12-25,545,github
https://github.com/kdeldycke/meta-package-manager,stars,2025-12-27,548,github
https://github.com/kdeldycke/meta-package-manager,stars,2026-01-22,549,github
https://github.com/kdeldycke/meta-package-manager,stars,2026-01-27,550,github
https://github.com/kdeldycke/meta-package-manager,stars,2026-02-06,551,github
https://github.com/kdeldycke/meta-package-manager,stars,2026-02-14,552,github
https://github.com/kdeldycke/meta-package-manager,stars,2026-02-23,553,github
https://github.com/kdeldycke/meta-package-manager,stars,2026-02-28,554,github
https://github.com/kdeldycke/meta-package-manager,stars,2026-03-04,555,github
https://github.com/kdeldycke/meta-package-manager,stars,2026-03-05,556,github
https://github.com/kdeldycke/meta-package-manager,stars,2026-03-13,557,github
https://github.com/kdeldycke/meta-package-manager,stars,2026-03-19,558,github
https://github.com/kdeldycke/meta-package-manager,stars,2026-03-20,560,github
https://github.com/kdeldycke/meta-package-manager,stars,2026-03-21,561,github
https://github.com/kdeldycke/meta-package-manager,stars,2026-03-27,563,github
https://github.com/kdeldycke/meta-package-manager,stars,2026-03-28,564,github
https://github.com/kdeldycke/meta-package-manager,stars,2026-03-29,565,github
https://github.com/kdeldycke/meta-package-manager,stars,2026-04-01,566,github
https://github.com/kdeldycke/meta-package-manager,stars,2026-04-03,567,github
https://github.com/kdeldycke/meta-package-manager,stars,2026-04-13,568,github
https://github.com/kdeldycke/meta-package-manager,stars,2026-04-15,569,github
https://github.com/kdeldycke/meta-package-manager,stars,2026-04-17,571,github
https://github.com/kdeldycke/meta-package-manager,stars,2026-04-20,572,github
https://github.com/kdeldycke/meta-package-manager,stars,2026-04-22,574,github
https://github.com/kdeldycke/meta-package-manager,stars,2026-04-23,576,github
https://github.com/kdeldycke/meta-package-manager,stars,2026-04-25,580,github
https://github.com/kdeldycke/meta-package-manager,stars,2026-04-26,581,github
https://github.com/kdeldycke/meta-package-manager,stars,2026-05-02,583,github
https://github.com/kdeldycke/meta-package-manager,stars,2026-05-04,585,github
https://github.com/kdeldycke/meta-package-manager,stars,2026-05-05,586,github
https://github.com/kdeldycke/meta-package-manager,stars,2026-05-11,588,github
https://github.com/kdeldycke/meta-package-manager,stars,2026-05-23,589,github
https://github.com/kdeldycke/meta-package-manager,stars,2026-05-26,590,github
https://github.com/kdeldycke/meta-package-manager,stars,2026-05-27,591,github
https://github.com/kdeldycke/meta-package-manager,stars,2026-06-03,592,github
https://github.com/kdeldycke/meta-package-manager,stars,2026-06-05,593,github
https://github.com/kdeldycke/meta-package-manager,stars,2026-06-06,594,github
https://github.com/kdeldycke/meta-package-manager,stars,2026-06-16,595,github
https://github.com/kdeldycke/meta-package-manager,stars,2026-06-22,596,github
https://github.com/kdeldycke/meta-package-manager,stars,2026-06-23,597,github
https://github.com/kdeldycke/meta-package-manager,stars,2026-07-01,598,github
https://github.com/kdeldycke/meta-package-manager,stars,2026-07-02,600,github
https://github.com/kdeldycke/meta-package-manager,stars,2026-07-09,601,github
https://github.com/kdeldycke/meta-package-manager,stars,2026-07-12,602,github
https://github.com/kdeldycke/meta-package-manager,stars,2026-07-15,603,github
https://github.com/kdeldycke/meta-package-manager,stars,2026-07-16,604,github
https://github.com/kdeldycke/meta-package-manager,stars,2026-07-17,605,github
https://github.com/kdeldycke/meta-package-manager,stars,2026-07-18,607,github
https://github.com/kdeldycke/meta-package-manager,stars,2026-07-19,608,github
https://github.com/kdeldycke/meta-package-manager,stars,2026-07-30,609,github
https://github.com/kdeldycke/meta-package-manager,stars,2026-08-19,610,github
https://github.com/kdeldycke/meta-package-manager,stars,2026-08-20,610,sample
https://github.com/kdeldycke/plumage,commit,2026-08-20,2026-08-14,sample
https://github.com/kdeldycke/plumage,release,2026-08-20,2026-08-09,sample
https://github.com/kdeldycke/plumage,release_source,2026-08-20,release,sample
https://github.com/kdeldycke/plumage,stars,2013-07-07,0,created
https://github.com/kdeldycke/plumage,stars,2013-08-30,1,github
https://github.com/kdeldycke/plumage,stars,2014-02-26,2,github
https://github.com/kdeldycke/plumage,stars,2014-07-17,3,github
https://github.com/kdeldycke/plumage,stars,2015-03-14,4,github
https://github.com/kdeldycke/plumage,stars,2015-05-26,5,github
https://github.com/kdeldycke/plumage,stars,2015-06-30,6,github
https://github.com/kdeldycke/plumage,stars,2015-08-05,7,github
https://github.com/kdeldycke/plumage,stars,2015-08-26,8,github
https://github.com/kdeldycke/plumage,stars,2015-09-04,9,github
https://github.com/kdeldycke/plumage,stars,2015-10-10,10,github
https://github.com/kdeldycke/plumage,stars,2015-10-27,11,github
https://github.com/kdeldycke/plumage,stars,2015-11-17,12,github
https://github.com/kdeldycke/plumage,stars,2015-12-01,13,github
https://github.com/kdeldycke/plumage,stars,2015-12-30,14,github
https://github.com/kdeldycke/plumage,stars,2016-01-29,15,github
https://github.com/kdeldycke/plumage,stars,2016-03-08,16,github
https://github.com/kdeldycke/plumage,stars,2016-03-12,17,github
https://github.com/kdeldycke/plumage,stars,2016-04-03,18,github
https://github.com/kdeldycke/plumage,stars,2016-04-04,19,github
https://github.com/kdeldycke/plumage,stars,2016-06-09,20,github
https://github.com/kdeldycke/plumage,stars,2016-08-30,21,github
https://github.com/kdeldycke/plumage,stars,2017-02-17,22,github
https://github.com/kdeldycke/plumage,stars,2017-04-16,23,github
https://github.com/kdeldycke/plumage,stars,2017-05-23,24,github
https://github.com/kdeldycke/plumage,stars,2017-05-31,25,github
https://github.com/kdeldycke/plumage,stars,2017-06-14,26,github
https://github.com/kdeldycke/plumage,stars,2017-10-17,27,github
https://github.com/kdeldycke/plumage,stars,2017-11-30,28,github
https://github.com/kdeldycke/plumage,stars,2018-04-03,29,github
https://github.com/kdeldycke/plumage,stars,2018-04-23,30,github
https://github.com/kdeldycke/plumage,stars,2018-04-28,31,github
https://github.com/kdeldycke/plumage,stars,2018-06-15,32,github
https://github.com/kdeldycke/plumage,stars,2018-10-25,33,github
https://github.com/kdeldycke/plumage,stars,2018-10-28,34,github
https://github.com/kdeldycke/plumage,stars,2019-02-26,35,github
https://github.com/kdeldycke/plumage,stars,2019-04-01,36,github
https://github.com/kdeldycke/plumage,stars,2019-04-12,37,github
https://github.com/kdeldycke/plumage,stars,2019-04-25,38,github
https://github.com/kdeldycke/plumage,stars,2019-05-26,39,github
https://github.com/kdeldycke/plumage,stars,2019-06-29,40,github
https://github.com/kdeldycke/plumage,stars,2020-06-11,41,github
https://github.com/kdeldycke/plumage,stars,2020-07-23,42,github
https://github.com/kdeldycke/plumage,stars,2020-12-24,43,github
https://github.com/kdeldycke/plumage,stars,2021-04-11,44,github
https://github.com/kdeldycke/plumage,stars,2021-09-02,45,github
https://github.com/kdeldycke/plumage,stars,2021-11-12,46,github
https://github.com/kdeldycke/plumage,stars,2022-08-24,47,github
https://github.com/kdeldycke/plumage,stars,2022-09-23,48,github
https://github.com/kdeldycke/plumage,stars,2023-01-16,49,github
https://github.com/kdeldycke/plumage,stars,2023-05-24,50,github
https://github.com/kdeldycke/plumage,stars,2023-09-02,51,github
https://github.com/kdeldycke/plumage,stars,2023-12-30,52,github
https://github.com/kdeldycke/plumage,stars,2025-01-28,53,github
https://github.com/kdeldycke/plumage,stars,2025-02-14,54,github
https://github.com/kdeldycke/plumage,stars,2026-05-14,55,github
https://github.com/kdeldycke/plumage,stars,2026-07-18,56,github
https://github.com/kdeldycke/plumage,stars,2026-08-20,56,sample
https://github.com/kdeldycke/repomatic,commit,2026-08-20,2026-08-19,sample
https://github.com/kdeldycke/repomatic,release,2026-08-20,2026-08-17,sample
https://github.com/kdeldycke/repomatic,release_source,2026-08-20,release,sample
https://github.com/kdeldycke/repomatic,stars,2021-12-09,0,created
https://github.com/kdeldycke/repomatic,stars,2022-01-05,1,github
https://github.com/kdeldycke/repomatic,stars,2022-03-16,2,github
https://github.com/kdeldycke/repomatic,stars,2022-04-29,3,github
https://github.com/kdeldycke/repomatic,stars,2022-06-01,4,github
https://github.com/kdeldycke/repomatic,stars,2023-06-08,6,github
https://github.com/kdeldycke/repomatic,stars,2023-06-13,8,github
https://github.com/kdeldycke/repomatic,stars,2023-06-16,9,github
https://github.com/kdeldycke/repomatic,stars,2023-10-18,10,github
https://github.com/kdeldycke/repomatic,stars,2023-10-20,11,github
https://github.com/kdeldycke/repomatic,stars,2024-02-07,12,github
https://github.com/kdeldycke/repomatic,stars,2024-02-19,13,github
https://github.com/kdeldycke/repomatic,stars,2024-03-22,14,github
https://github.com/kdeldycke/repomatic,stars,2024-04-07,15,github
https://github.com/kdeldycke/repomatic,stars,2024-08-09,16,github
https://github.com/kdeldycke/repomatic,stars,2024-08-28,17,github
https://github.com/kdeldycke/repomatic,stars,2024-09-09,18,github
https://github.com/kdeldycke/repomatic,stars,2024-10-13,19,github
https://github.com/kdeldycke/repomatic,stars,2025-01-22,20,github
https://github.com/kdeldycke/repomatic,stars,2025-02-04,21,github
https://github.com/kdeldycke/repomatic,stars,2025-02-14,22,github
https://github.com/kdeldycke/repomatic,stars,2025-03-11,23,github
https://github.com/kdeldycke/repomatic,stars,2025-05-03,24,github
https://github.com/kdeldycke/repomatic,stars,2025-06-05,25,github
https://github.com/kdeldycke/repomatic,stars,2025-06-06,26,github
https://github.com/kdeldycke/repomatic,stars,2025-06-20,27,github
https://github.com/kdeldycke/repomatic,stars,2025-07-26,28,github
https://github.com/kdeldycke/repomatic,stars,2025-07-28,29,github
https://github.com/kdeldycke/repomatic,stars,2025-11-23,30,github
https://github.com/kdeldycke/repomatic,stars,2026-01-07,31,github
https://github.com/kdeldycke/repomatic,stars,2026-01-20,32,github
https://github.com/kdeldycke/repomatic,stars,2026-01-30,33,github
https://github.com/kdeldycke/repomatic,stars,2026-02-04,34,github
https://github.com/kdeldycke/repomatic,stars,2026-02-05,35,github
https://github.com/kdeldycke/repomatic,stars,2026-02-24,36,github
https://github.com/kdeldycke/repomatic,stars,2026-03-30,37,github
https://github.com/kdeldycke/repomatic,stars,2026-04-07,38,github
https://github.com/kdeldycke/repomatic,stars,2026-04-09,42,github
https://github.com/kdeldycke/repomatic,stars,2026-04-14,44,github
https://github.com/kdeldycke/repomatic,stars,2026-04-15,45,github
https://github.com/kdeldycke/repomatic,stars,2026-04-18,46,github
https://github.com/kdeldycke/repomatic,stars,2026-04-23,47,github
https://github.com/kdeldycke/repomatic,stars,2026-04-30,48,github
https://github.com/kdeldycke/repomatic,stars,2026-05-18,49,github
https://github.com/kdeldycke/repomatic,stars,2026-05-24,50,github
https://github.com/kdeldycke/repomatic,stars,2026-05-29,51,github
https://github.com/kdeldycke/repomatic,stars,2026-06-03,52,github
https://github.com/kdeldycke/repomatic,stars,2026-06-16,53,github
https://github.com/kdeldycke/repomatic,stars,2026-07-08,54,github
https://github.com/kdeldycke/repomatic,stars,2026-07-18,55,github
https://github.com/kdeldycke/repomatic,stars,2026-07-25,57,github
https://github.com/kdeldycke/repomatic,stars,2026-08-16,58,github
https://github.com/kdeldycke/repomatic,stars,2026-08-20,58,sample
https://github.com/kdeldycke/vat-rates,commit,2026-08-20,2025-09-25,sample
https://github.com/kdeldycke/vat-rates,stars,2014-12-08,0,created
https://github.com/kdeldycke/vat-rates,stars,2014-12-09,1,github
https://github.com/kdeldycke/vat-rates,stars,2014-12-11,2,github
https://github.com/kdeldycke/vat-rates,stars,2014-12-21,3,github
https://github.com/kdeldycke/vat-rates,stars,2014-12-23,4,github
https://github.com/kdeldycke/vat-rates,stars,2014-12-26,5,github
https://github.com/kdeldycke/vat-rates,stars,2015-01-16,6,github
https://github.com/kdeldycke/vat-rates,stars,2015-01-29,7,github
https://github.com/kdeldycke/vat-rates,stars,2015-04-08,8,github
https://github.com/kdeldycke/vat-rates,stars,2015-09-03,11,github
https://github.com/kdeldycke/vat-rates,stars,2015-09-16,12,github
https://github.com/kdeldycke/vat-rates,stars,2015-10-16,13,github
https://github.com/kdeldycke/vat-rates,stars,2015-12-28,14,github
https://github.com/kdeldycke/vat-rates,stars,2016-02-02,15,github
https://github.com/kdeldycke/vat-rates,stars,2016-03-16,16,github
https://github.com/kdeldycke/vat-rates,stars,2016-04-27,17,github
https://github.com/kdeldycke/vat-rates,stars,2016-08-13,18,github
https://github.com/kdeldycke/vat-rates,stars,2016-08-22,19,github
https://github.com/kdeldycke/vat-rates,stars,2016-09-12,20,github
https://github.com/kdeldycke/vat-rates,stars,2016-09-19,21,github
https://github.com/kdeldycke/vat-rates,stars,2016-09-21,22,github
https://github.com/kdeldycke/vat-rates,stars,2016-12-08,23,github
https://github.com/kdeldycke/vat-rates,stars,2017-02-14,24,github
https://github.com/kdeldycke/vat-rates,stars,2017-02-21,31,github
https://github.com/kdeldycke/vat-rates,stars,2017-03-01,33,github
https://github.com/kdeldycke/vat-rates,stars,2017-04-01,34,github
https://github.com/kdeldycke/vat-rates,stars,2017-04-10,35,github
https://github.com/kdeldycke/vat-rates,stars,2017-05-03,36,github
https://github.com/kdeldycke/vat-rates,stars,2017-05-10,37,github
https://github.com/kdeldycke/vat-rates,stars,2017-06-06,38,github
https://github.com/kdeldycke/vat-rates,stars,2017-07-11,39,github
https://github.com/kdeldycke/vat-rates,stars,2017-10-15,40,github
https://github.com/kdeldycke/vat-rates,stars,2017-10-18,41,github
https://github.com/kdeldycke/vat-rates,stars,2017-10-25,42,github
https://github.com/kdeldycke/vat-rates,stars,2017-11-16,43,github
https://github.com/kdeldycke/vat-rates,stars,2017-11-17,44,github
https://github.com/kdeldycke/vat-rates,stars,2017-12-05,45,github
https://github.com/kdeldycke/vat-rates,stars,2017-12-12,46,github
https://github.com/kdeldycke/vat-rates,stars,2017-12-24,47,github
https://github.com/kdeldycke/vat-rates,stars,2018-01-06,48,github
https://github.com/kdeldycke/vat-rates,stars,2018-02-27,49,github
https://github.com/kdeldycke/vat-rates,stars,2018-03-01,50,github
https://github.com/kdeldycke/vat-rates,stars,2018-03-15,51,github
https://github.com/kdeldycke/vat-rates,stars,2018-06-02,52,github
https://github.com/kdeldycke/vat-rates,stars,2018-06-17,53,github
https://github.com/kdeldycke/vat-rates,stars,2018-08-29,54,github
https://github.com/kdeldycke/vat-rates,stars,2018-08-30,55,github
https://github.com/kdeldycke/vat-rates,stars,2018-09-30,56,github
https://github.com/kdeldycke/vat-rates,stars,2018-11-23,57,github
https://github.com/kdeldycke/vat-rates,stars,2018-12-07,58,github
https://github.com/kdeldycke/vat-rates,stars,2019-01-07,59,github
https://github.com/kdeldycke/vat-rates,stars,2019-03-20,60,github
https://github.com/kdeldycke/vat-rates,stars,2019-05-23,61,github
https://github.com/kdeldycke/vat-rates,stars,2019-06-20,62,github
https://github.com/kdeldycke/vat-rates,stars,2019-10-20,63,github
https://github.com/kdeldycke/vat-rates,stars,2020-01-14,64,github
https://github.com/kdeldycke/vat-rates,stars,2020-03-11,65,github
https://github.com/kdeldycke/vat-rates,stars,2020-06-04,67,github
https://github.com/kdeldycke/vat-rates,stars,2020-06-05,68,github
https://github.com/kdeldycke/vat-rates,stars,2020-06-11,69,github
https://github.com/kdeldycke/vat-rates,stars,2020-06-17,70,github
https://github.com/kdeldycke/vat-rates,stars,2020-07-29,71,github
https://github.com/kdeldycke/vat-rates,stars,2020-07-31,72,github
https://github.com/kdeldycke/vat-rates,stars,2020-08-13,73,github
https://github.com/kdeldycke/vat-rates,stars,2020-11-13,74,github
https://github.com/kdeldycke/vat-rates,stars,2021-02-15,75,github
https://github.com/kdeldycke/vat-rates,stars,2021-03-24,76,github
https://github.com/kdeldycke/vat-rates,stars,2021-06-10,77,github
https://github.com/kdeldycke/vat-rates,stars,2021-07-03,78,github
https://github.com/kdeldycke/vat-rates,stars,2022-02-01,79,github
https://github.com/kdeldycke/vat-rates,stars,2022-04-03,80,github
https://github.com/kdeldycke/vat-rates,stars,2022-05-01,81,github
https://github.com/kdeldycke/vat-rates,stars,2022-05-02,82,github
https://github.com/kdeldycke/vat-rates,stars,2022-05-28,83,github
https://github.com/kdeldycke/vat-rates,stars,2022-10-21,84,github
https://github.com/kdeldycke/vat-rates,stars,2023-03-27,85,github
https://github.com/kdeldycke/vat-rates,stars,2023-04-21,86,github
https://github.com/kdeldycke/vat-rates,stars,2023-06-19,87,github
https://github.com/kdeldycke/vat-rates,stars,2023-12-14,88,github
https://github.com/kdeldycke/vat-rates,stars,2024-03-23,89,github
https://github.com/kdeldycke/vat-rates,stars,2024-06-25,90,github
https://github.com/kdeldycke/vat-rates,stars,2024-07-13,91,github
https://github.com/kdeldycke/vat-rates,stars,2024-10-04,92,github
https://github.com/kdeldycke/vat-rates,stars,2024-10-06,93,github
https://github.com/kdeldycke/vat-rates,stars,2025-02-17,94,github
https://github.com/kdeldycke/vat-rates,stars,2025-10-31,95,github
https://github.com/kdeldycke/vat-rates,stars,2026-02-01,96,github
https://github.com/kdeldycke/vat-rates,stars,2026-02-07,97,github
https://github.com/kdeldycke/vat-rates,stars,2026-05-05,98,github
https://github.com/kdeldycke/vat-rates,stars,2026-05-24,99,github
https://github.com/kdeldycke/vat-rates,stars,2026-06-01,100,github
https://github.com/kdeldycke/vat-rates,stars,2026-06-09,101,github
https://github.com/kdeldycke/vat-rates,stars,2026-07-18,102,github
https://github.com/kdeldycke/vat-rates,stars,2026-08-20,102,sample
